Warning: expected 100 scenarios (1 base + 99 samples), but found 20.
[001/020] evaluating BRA_VilaVelha-92_1_T-10
agent_planning_problem_id_assignment: {20088: 20095}
Processing dynamic obstacle id: 20044
Processing dynamic obstacle id: 20087
Processing dynamic obstacle id: 20088
--- Initializing prediction network ---
Time step: 0 | Velocity: 11.91 m/s | Acceleration: 0.00 m/s2
Time step: 1 | Velocity: 11.89 m/s | Acceleration: -0.38 m/s2
Time step: 2 | Velocity: 11.83 m/s | Acceleration: -0.71 m/s2
[FrenetPlanner] timestep=3: using max-risk fallback trajectory
Time step: 3 | Velocity: 11.75 m/s | Acceleration: -0.98 m/s2
[FrenetPlanner] timestep=4: using max-risk fallback trajectory
Time step: 4 | Velocity: 11.64 m/s | Acceleration: -1.21 m/s2
[FrenetPlanner] timestep=5: using max-risk fallback trajectory
Time step: 5 | Velocity: 11.51 m/s | Acceleration: -1.41 m/s2
[FrenetPlanner] timestep=6: using max-risk fallback trajectory
Time step: 6 | Velocity: 11.36 m/s | Acceleration: -1.57 m/s2
[FrenetPlanner] timestep=7: using max-risk fallback trajectory
Time step: 7 | Velocity: 11.19 m/s | Acceleration: -1.71 m/s2
[FrenetPlanner] timestep=8: using max-risk fallback trajectory
Time step: 8 | Velocity: 11.00 m/s | Acceleration: -2.12 m/s2
[FrenetPlanner] timestep=9: using max-risk fallback trajectory
Time step: 9 | Velocity: 10.77 m/s | Acceleration: -2.46 m/s2
[FrenetPlanner] timestep=10: using max-risk fallback trajectory
Time step: 10 | Velocity: 10.51 m/s | Acceleration: -2.75 m/s2
[FrenetPlanner] timestep=11: using max-risk fallback trajectory
Time step: 11 | Velocity: 10.22 m/s | Acceleration: -2.99 m/s2
[FrenetPlanner] timestep=12: using max-risk fallback trajectory
Time step: 12 | Velocity: 9.91 m/s | Acceleration: -3.19 m/s2
[FrenetPlanner] timestep=13: using max-risk fallback trajectory
Time step: 13 | Velocity: 9.59 m/s | Acceleration: -3.33 m/s2
[FrenetPlanner] timestep=14: using max-risk fallback trajectory
Time step: 14 | Velocity: 9.25 m/s | Acceleration: -3.42 m/s2
[FrenetPlanner] timestep=15: using max-risk fallback trajectory
Time step: 15 | Velocity: 8.91 m/s | Acceleration: -3.47 m/s2
[FrenetPlanner] timestep=16: using max-risk fallback trajectory
Time step: 16 | Velocity: 8.56 m/s | Acceleration: -3.50 m/s2
[FrenetPlanner] timestep=17: using max-risk fallback trajectory
Time step: 17 | Velocity: 8.21 m/s | Acceleration: -3.49 m/s2
[FrenetPlanner] timestep=18: using max-risk fallback trajectory
Time step: 18 | Velocity: 7.86 m/s | Acceleration: -3.45 m/s2
[FrenetPlanner] timestep=19: using max-risk fallback trajectory
Time step: 19 | Velocity: 7.52 m/s | Acceleration: -3.40 m/s2
[FrenetPlanner] timestep=20: using max-risk fallback trajectory
Time step: 20 | Velocity: 7.18 m/s | Acceleration: -3.33 m/s2
[FrenetPlanner] timestep=21: using max-risk fallback trajectory
Time step: 21 | Velocity: 6.84 m/s | Acceleration: -3.48 m/s2
[FrenetPlanner] timestep=22: using max-risk fallback trajectory
Time step: 22 | Velocity: 6.49 m/s | Acceleration: -3.57 m/s2
[FrenetPlanner] timestep=23: using max-risk fallback trajectory
Time step: 23 | Velocity: 6.13 m/s | Acceleration: -3.61 m/s2
[FrenetPlanner] timestep=24: using max-risk fallback trajectory
Time step: 24 | Velocity: 5.77 m/s | Acceleration: -3.61 m/s2
[FrenetPlanner] timestep=25: using max-risk fallback trajectory
Time step: 25 | Velocity: 5.41 m/s | Acceleration: -3.58 m/s2
[FrenetPlanner] timestep=26: using max-risk fallback trajectory
Time step: 26 | Velocity: 5.05 m/s | Acceleration: -3.52 m/s2
[FrenetPlanner] timestep=27: using max-risk fallback trajectory
Time step: 27 | Velocity: 4.71 m/s | Acceleration: -3.44 m/s2
[FrenetPlanner] timestep=28: using max-risk fallback trajectory
Time step: 28 | Velocity: 4.37 m/s | Acceleration: -3.34 m/s2
[FrenetPlanner] timestep=29: using max-risk fallback trajectory
Time step: 29 | Velocity: 4.04 m/s | Acceleration: -3.22 m/s2
[FrenetPlanner] timestep=30: using max-risk fallback trajectory
Time step: 30 | Velocity: 3.72 m/s | Acceleration: -3.09 m/s2
[FrenetPlanner] timestep=31: using max-risk fallback trajectory
Time step: 31 | Velocity: 3.42 m/s | Acceleration: -2.96 m/s2
[FrenetPlanner] timestep=32: using max-risk fallback trajectory
Time step: 32 | Velocity: 3.13 m/s | Acceleration: -2.81 m/s2
[FrenetPlanner] timestep=33: using max-risk fallback trajectory
Time step: 33 | Velocity: 2.86 m/s | Acceleration: -2.66 m/s2
[FrenetPlanner] timestep=34: using max-risk fallback trajectory
Time step: 34 | Velocity: 2.60 m/s | Acceleration: -2.51 m/s2
recorded/hand-crafted/BRA_VilaVelha-92_1_T-10.xml >>> Collision detected.
[002/020] evaluating vv_001
agent_planning_problem_id_assignment: {20088: 20095}
Processing dynamic obstacle id: 20044
Processing dynamic obstacle id: 20087
Processing dynamic obstacle id: 20088
--- Initializing prediction network ---
Time step: 0 | Velocity: 11.84 m/s | Acceleration: 0.00 m/s2
[FrenetPlanner] timestep=1: using max-risk fallback trajectory
Time step: 1 | Velocity: 11.83 m/s | Acceleration: -0.38 m/s2
[FrenetPlanner] timestep=2: using max-risk fallback trajectory
Time step: 2 | Velocity: 11.77 m/s | Acceleration: -0.71 m/s2
[FrenetPlanner] timestep=3: using max-risk fallback trajectory
Time step: 3 | Velocity: 11.69 m/s | Acceleration: -0.98 m/s2
[FrenetPlanner] timestep=4: using max-risk fallback trajectory
Time step: 4 | Velocity: 11.58 m/s | Acceleration: -1.21 m/s2
[FrenetPlanner] timestep=5: using max-risk fallback trajectory
Time step: 5 | Velocity: 11.44 m/s | Acceleration: -1.41 m/s2
[FrenetPlanner] timestep=6: using max-risk fallback trajectory
Time step: 6 | Velocity: 11.30 m/s | Acceleration: -1.57 m/s2
[FrenetPlanner] timestep=7: using max-risk fallback trajectory
Time step: 7 | Velocity: 11.13 m/s | Acceleration: -1.71 m/s2
[FrenetPlanner] timestep=8: using max-risk fallback trajectory
Time step: 8 | Velocity: 10.94 m/s | Acceleration: -2.12 m/s2
[FrenetPlanner] timestep=9: using max-risk fallback trajectory
Time step: 9 | Velocity: 10.71 m/s | Acceleration: -2.46 m/s2
[FrenetPlanner] timestep=10: using max-risk fallback trajectory
Time step: 10 | Velocity: 10.45 m/s | Acceleration: -2.75 m/s2
[FrenetPlanner] timestep=11: using max-risk fallback trajectory
Time step: 11 | Velocity: 10.16 m/s | Acceleration: -2.99 m/s2
[FrenetPlanner] timestep=12: using max-risk fallback trajectory
Time step: 12 | Velocity: 9.85 m/s | Acceleration: -3.18 m/s2
[FrenetPlanner] timestep=13: using max-risk fallback trajectory
Time step: 13 | Velocity: 9.53 m/s | Acceleration: -3.32 m/s2
Time step: 14 | Velocity: 9.19 m/s | Acceleration: -3.41 m/s2
Time step: 15 | Velocity: 8.89 m/s | Acceleration: -2.67 m/s2
Time step: 16 | Velocity: 8.67 m/s | Acceleration: -1.77 m/s2
Time step: 17 | Velocity: 8.53 m/s | Acceleration: -1.02 m/s2
Time step: 18 | Velocity: 8.46 m/s | Acceleration: -0.38 m/s2
Time step: 19 | Velocity: 8.45 m/s | Acceleration: 0.16 m/s2
Time step: 20 | Velocity: 8.49 m/s | Acceleration: 0.61 m/s2
Time step: 21 | Velocity: 8.57 m/s | Acceleration: 1.00 m/s2
Time step: 22 | Velocity: 8.63 m/s | Acceleration: 0.31 m/s2
Time step: 23 | Velocity: 8.63 m/s | Acceleration: -0.28 m/s2
Time step: 24 | Velocity: 8.58 m/s | Acceleration: -0.78 m/s2
Time step: 25 | Velocity: 8.53 m/s | Acceleration: -0.18 m/s2
Time step: 26 | Velocity: 8.54 m/s | Acceleration: 0.33 m/s2
Time step: 27 | Velocity: 8.60 m/s | Acceleration: 0.76 m/s2
Time step: 28 | Velocity: 8.69 m/s | Acceleration: 1.12 m/s2
Time step: 29 | Velocity: 8.82 m/s | Acceleration: 1.42 m/s2
Time step: 30 | Velocity: 8.93 m/s | Acceleration: 0.91 m/s2
Time step: 31 | Velocity: 8.99 m/s | Acceleration: 0.21 m/s2
Time step: 32 | Velocity: 8.98 m/s | Acceleration: -0.39 m/s2
Time step: 33 | Velocity: 8.91 m/s | Acceleration: -0.90 m/s2
Time step: 34 | Velocity: 8.80 m/s | Acceleration: -1.32 m/s2
Time step: 35 | Velocity: 8.65 m/s | Acceleration: -1.67 m/s2
Time step: 36 | Velocity: 8.47 m/s | Acceleration: -1.95 m/s2
Time step: 37 | Velocity: 8.27 m/s | Acceleration: -2.17 m/s2
Time step: 38 | Velocity: 8.04 m/s | Acceleration: -2.35 m/s2
[003/020] evaluating vv_002
agent_planning_problem_id_assignment: {20088: 20095}
Processing dynamic obstacle id: 20044/home/yanjun/NewDisk/beliefplanning/.venv38/lib/python3.8/site-packages/commonroad/common/file_reader.py:461: UserWarning: Unknown country: Default traffic sign IDs are used. Specified country: BRA
  warnings.warn("Unknown country: Default traffic sign IDs are used. Specified country: " + country)
/home/yanjun/NewDisk/beliefplanning/.venv38/lib/python3.8/site-packages/prediction/main.py:410: FutureWarning: You are using `torch.load` with `weights_only=False` (the current default value), which uses the default pickle module implicitly. It is possible to construct malicious pickle data which will execute arbitrary code during unpickling (See https://github.com/pytorch/pytorch/blob/main/SECURITY.md#untrusted-models for more details). In a future release, the default value for `weights_only` will be flipped to `True`. This limits the functions that could be executed during unpickling. Arbitrary objects will no longer be allowed to be loaded via this mode unless they are explicitly allowlisted by the user via `torch.serialization.add_safe_globals`. We recommend you start setting `weights_only=True` for any use case where you don't have full control of the loaded file. Please open an issue on GitHub for any issues related to this experimental feature.
  saved_model_dict = torch.load(self.model_path)
Traceback (most recent call last):
  File "test_fot_junction/evaluate_vv_batch.py", line 83, in eval_scenario
    self._simulate()
  File "/home/yanjun/NewDisk/method_branches/beliefplanning_robust_single/beliefplanning/planner/plannertools/scenario_handler.py", line 279, in _simulate
    self._check_collision_simple(agent=agent, time_step=time_step)
  File "/home/yanjun/NewDisk/method_branches/beliefplanning_robust_single/beliefplanning/planner/plannertools/scenario_handler.py", line 662, in _check_collision_simple
    raise NoLocalTrajectoryFoundError("Collision detected.")
commonroad_helper_functions.exceptions.NoLocalTrajectoryFoundError: Collision detected.
/home/yanjun/NewDisk/beliefplanning/.venv38/lib/python3.8/site-packages/commonroad/scenario/scenario.py:314: UserWarning: Not a valid scenario id: vv_001
  warnings.warn('Not a valid scenario id: ' + benchmark_id)
/home/yanjun/NewDisk/beliefplanning/.venv38/lib/python3.8/site-packages/commonroad/common/file_reader.py:461: UserWarning: Unknown country: Default traffic sign IDs are used. Specified country: vv_
  warnings.warn("Unknown country: Default traffic sign IDs are used. Specified country: " + country)
/home/yanjun/NewDisk/beliefplanning/.venv38/lib/python3.8/site-packages/prediction/main.py:410: FutureWarning: You are using `torch.load` with `weights_only=False` (the current default value), which uses the default pickle module implicitly. It is possible to construct malicious pickle data which will execute arbitrary code during unpickling (See https://github.com/pytorch/pytorch/blob/main/SECURITY.md#untrusted-models for more details). In a future release, the default value for `weights_only` will be flipped to `True`. This limits the functions that could be executed during unpickling. Arbitrary objects will no longer be allowed to be loaded via this mode unless they are explicitly allowlisted by the user via `torch.serialization.add_safe_globals`. We recommend you start setting `weights_only=True` for any use case where you don't have full control of the loaded file. Please open an issue on GitHub for any issues related to this experimental feature.
  saved_model_dict = torch.load(self.model_path)
/home/yanjun/NewDisk/beliefplanning/.venv38/lib/python3.8/site-packages/commonroad/scenario/scenario.py:314: UserWarning: Not a valid scenario id: vv_002
  warnings.warn('Not a valid scenario id: ' + benchmark_id)
/home/yanjun/NewDisk/beliefplanning/.venv38/lib/python3.8/site-packages/commonroad/common/file_reader.py:461: UserWarning: Unknown country: Default traffic sign IDs are used. Specified country: vv_
  warnings.warn("Unknown country: Default traffic sign IDs are used. Specified country: " + country)
/home/yanjun/NewDisk/beliefplanning/.venv38/lib/python3.8/site-packages/prediction/main.py:410: FutureWarning: You are using `torch.load` with `weights_only=False` (the current default value), which uses the default pickle module implicitly. It is possible to construct malicious pickle data which will execute arbitrary code during unpickling (See https://github.com/pytorch/pytorch/blob/main/SECURITY.md#untrusted-models for more details). In a future release, the default value for `weights_only` will be flipped to `True`. This limits the functions that could be executed during unpickling. Arbitrary objects will no longer be allowed to be loaded via this mode unless they are explicitly allowlisted by the user via `torch.serialization.add_safe_globals`. We recommend you start setting `weights_only=True` for any use case where you don't have full control of the loaded file. Please open an issue on GitHub for any issues related to this experimental feature.
  saved_model_dict = torch.load(self.model_path)
/home/yanjun/NewDisk/beliefplanning/.venv38/lib/python3.8/site-packages/commonroad/scenario/scenario.py:314: UserWarning: Not a valid scenario id: vv_003
  warnings.warn('Not a valid scenario id: ' + benchmark_id)
/home/yanjun/NewDisk/beliefplanning/.venv38/lib/python3.8/site-packages/commonroad/common/file_reader.py:461: UserWarning: Unknown country: Default traffic sign IDs are used. Specified country: vv_
  warnings.warn("Unknown country: Default traffic sign IDs are used. Specified country: " + country)
/home/yanjun/NewDisk/beliefplanning/.venv38/lib/python3.8/site-packages/prediction/main.py:410: FutureWarning: You are using `torch.load` with `weights_only=False` (the current default value), which uses the default pickle module implicitly. It is possible to construct malicious pickle data which will execute arbitrary code during unpickling (See https://github.com/pytorch/pytorch/blob/main/SECURITY.md#untrusted-models for more details). In a future release, the default value for `weights_only` will be flipped to `True`. This limits the functions that could be executed during unpickling. Arbitrary objects will no longer be allowed to be loaded via this mode unless they are explicitly allowlisted by the user via `torch.serialization.add_safe_globals`. We recommend you start setting `weights_only=True` for any use case where you don't have full control of the loaded file. Please open an issue on GitHub for any issues related to this experimental feature.
  saved_model_dict = torch.load(self.model_path)
/home/yanjun/NewDisk/beliefplanning/.venv38/lib/python3.8/site-packages/commonroad/scenario/scenario.py:314: UserWarning: Not a valid scenario id: vv_004
  warnings.warn('Not a valid scenario id: ' + benchmark_id)
/home/yanjun/NewDisk/beliefplanning/.venv38/lib/python3.8/site-packages/commonroad/common/file_reader.py:461: UserWarning: Unknown country: Default traffic sign IDs are used. Specified country: vv_
  warnings.warn("Unknown country: Default traffic sign IDs are used. Specified country: " + country)
/home/yanjun/NewDisk/beliefplanning/.venv38/lib/python3.8/site-packages/prediction/main.py:410: FutureWarning: You are using `torch.load` with `weights_only=False` (the current default value), which uses the default pickle module implicitly. It is possible to construct malicious pickle data which will execute arbitrary code during unpickling (See https://github.com/pytorch/pytorch/blob/main/SECURITY.md#untrusted-models for more details). In a future release, the default value for `weights_only` will be flipped to `True`. This limits the functions that could be executed during unpickling. Arbitrary objects will no longer be allowed to be loaded via this mode unless they are explicitly allowlisted by the user via `torch.serialization.add_safe_globals`. We recommend you start setting `weights_only=True` for any use case where you don't have full control of the loaded file. Please open an issue on GitHub for any issues related to this experimental feature.
  saved_model_dict = torch.load(self.model_path)

Processing dynamic obstacle id: 20087
Processing dynamic obstacle id: 20088
--- Initializing prediction network ---
Time step: 0 | Velocity: 12.19 m/s | Acceleration: 0.00 m/s2
Time step: 1 | Velocity: 12.17 m/s | Acceleration: -0.38 m/s2
Time step: 2 | Velocity: 12.12 m/s | Acceleration: -0.71 m/s2
Time step: 3 | Velocity: 12.05 m/s | Acceleration: -0.69 m/s2
Time step: 4 | Velocity: 11.98 m/s | Acceleration: -0.68 m/s2
Time step: 5 | Velocity: 11.91 m/s | Acceleration: -0.67 m/s2
Time step: 6 | Velocity: 11.85 m/s | Acceleration: -0.57 m/s2
Time step: 7 | Velocity: 11.80 m/s | Acceleration: -0.48 m/s2
Time step: 8 | Velocity: 11.75 m/s | Acceleration: -0.40 m/s2
Time step: 9 | Velocity: 11.72 m/s | Acceleration: -0.34 m/s2
Time step: 10 | Velocity: 11.68 m/s | Acceleration: -0.29 m/s2
Time step: 11 | Velocity: 11.66 m/s | Acceleration: -0.24 m/s2
Time step: 12 | Velocity: 11.63 m/s | Acceleration: -0.21 m/s2
Time step: 13 | Velocity: 11.62 m/s | Acceleration: -0.17 m/s2
Time step: 14 | Velocity: 11.60 m/s | Acceleration: -0.15 m/s2
Time step: 15 | Velocity: 11.59 m/s | Acceleration: -0.12 m/s2
Time step: 16 | Velocity: 11.57 m/s | Acceleration: -0.11 m/s2
Time step: 17 | Velocity: 11.56 m/s | Acceleration: -0.09 m/s2
Time step: 18 | Velocity: 11.57 m/s | Acceleration: 0.12 m/s2
Time step: 19 | Velocity: 11.59 m/s | Acceleration: 0.29 m/s2
Time step: 20 | Velocity: 11.62 m/s | Acceleration: 0.44 m/s2
Time step: 21 | Velocity: 11.69 m/s | Acceleration: 0.85 m/s2
Time step: 22 | Velocity: 11.79 m/s | Acceleration: 1.20 m/s2
Time step: 23 | Velocity: 11.92 m/s | Acceleration: 1.49 m/s2
Time step: 24 | Velocity: 12.09 m/s | Acceleration: 1.74 m/s2
Time step: 25 | Velocity: 12.27 m/s | Acceleration: 1.95 m/s2
Time step: 26 | Velocity: 12.47 m/s | Acceleration: 2.12 m/s2
Time step: 27 | Velocity: 12.68 m/s | Acceleration: 1.99 m/s2
Time step: 28 | Velocity: 12.87 m/s | Acceleration: 1.87 m/s2
Time step: 29 | Velocity: 13.05 m/s | Acceleration: 1.77 m/s2
Time step: 30 | Velocity: 13.20 m/s | Acceleration: 1.11 m/s2
[004/020] evaluating vv_003
agent_planning_problem_id_assignment: {20088: 20095}
Processing dynamic obstacle id: 20044
Processing dynamic obstacle id: 20087
Processing dynamic obstacle id: 20088
--- Initializing prediction network ---
Time step: 0 | Velocity: 12.23 m/s | Acceleration: 0.00 m/s2
Time step: 1 | Velocity: 12.21 m/s | Acceleration: -0.38 m/s2
Time step: 2 | Velocity: 12.15 m/s | Acceleration: -0.71 m/s2
Time step: 3 | Velocity: 12.08 m/s | Acceleration: -0.69 m/s2
Time step: 4 | Velocity: 12.02 m/s | Acceleration: -0.68 m/s2
Time step: 5 | Velocity: 11.95 m/s | Acceleration: -0.67 m/s2
Time step: 6 | Velocity: 11.88 m/s | Acceleration: -0.66 m/s2
Time step: 7 | Velocity: 11.82 m/s | Acceleration: -0.56 m/s2
Time step: 8 | Velocity: 11.76 m/s | Acceleration: -0.57 m/s2
Time step: 9 | Velocity: 11.71 m/s | Acceleration: -0.58 m/s2
Time step: 10 | Velocity: 11.63 m/s | Acceleration: -0.87 m/s2
Time step: 11 | Velocity: 11.55 m/s | Acceleration: -0.74 m/s2
Time step: 12 | Velocity: 11.49 m/s | Acceleration: -0.62 m/s2
Time step: 13 | Velocity: 11.43 m/s | Acceleration: -0.52 m/s2
Time step: 14 | Velocity: 11.39 m/s | Acceleration: -0.25 m/s2
Time step: 15 | Velocity: 11.38 m/s | Acceleration: -0.02 m/s2
Time step: 16 | Velocity: 11.38 m/s | Acceleration: 0.17 m/s2
Time step: 17 | Velocity: 11.41 m/s | Acceleration: 0.34 m/s2
Time step: 18 | Velocity: 11.45 m/s | Acceleration: 0.48 m/s2
Time step: 19 | Velocity: 11.50 m/s | Acceleration: 0.60 m/s2
Time step: 20 | Velocity: 11.58 m/s | Acceleration: 0.98 m/s2
Time step: 21 | Velocity: 11.70 m/s | Acceleration: 1.31 m/s2
Time step: 22 | Velocity: 11.84 m/s | Acceleration: 1.59 m/s2
Time step: 23 | Velocity: 12.01 m/s | Acceleration: 1.82 m/s2
Time step: 24 | Velocity: 12.21 m/s | Acceleration: 2.02 m/s2
Time step: 25 | Velocity: 12.42 m/s | Acceleration: 2.18 m/s2
Time step: 26 | Velocity: 12.64 m/s | Acceleration: 2.32 m/s2
Time step: 27 | Velocity: 12.88 m/s | Acceleration: 2.44 m/s2
Time step: 28 | Velocity: 13.13 m/s | Acceleration: 2.54 m/s2
Time step: 29 | Velocity: 13.37 m/s | Acceleration: 2.34 m/s2
Time step: 30 | Velocity: 13.58 m/s | Acceleration: 1.88 m/s2
[005/020] evaluating vv_004
agent_planning_problem_id_assignment: {20088: 20095}
Processing dynamic obstacle id: 20044
Processing dynamic obstacle id: 20087
Processing dynamic obstacle id: 20088
--- Initializing prediction network ---
[FrenetPlanner] timestep=0: using max-risk fallback trajectory
Time step: 0 | Velocity: 12.04 m/s | Acceleration: 0.00 m/s2
[FrenetPlanner] timestep=1: using max-risk fallback trajectory
Time step: 1 | Velocity: 12.02 m/s | Acceleration: -0.38 m/s2
[FrenetPlanner] timestep=2: using max-risk fallback trajectory
Time step: 2 | Velocity: 11.96 m/s | Acceleration: -0.71 m/s2
[FrenetPlanner] timestep=3: using max-risk fallback trajectory
Time step: 3 | Velocity: 11.88 m/s | Acceleration: -0.98 m/s2
[FrenetPlanner] timestep=4: using max-risk fallback trajectory
Time step: 4 | Velocity: 11.77 m/s | Acceleration: -1.21 m/s2
[FrenetPlanner] timestep=5: using max-risk fallback trajectory
Time step: 5 | Velocity: 11.64 m/s | Acceleration: -1.41 m/s2
[FrenetPlanner] timestep=6: using max-risk fallback trajectory
Time step: 6 | Velocity: 11.49 m/s | Acceleration: -1.57 m/s2
[FrenetPlanner] timestep=7: using max-risk fallback trajectory
Time step: 7 | Velocity: 11.32 m/s | Acceleration: -1.71 m/s2
Time step: 8 | Velocity: 11.13 m/s | Acceleration: -2.12 m/s2
Time step: 9 | Velocity: 10.94 m/s | Acceleration: -1.79 m/s2
Time step: 10 | Velocity: 10.77 m/s | Acceleration: -1.51 m/s2
Time step: 11 | Velocity: 10.64 m/s | Acceleration: -1.08 m/s2
Time step: 12 | Velocity: 10.55 m/s | Acceleration: -0.72 m/s2
Time step: 13 | Velocity: 10.50 m/s | Acceleration: -0.42 m/s2
Time step: 14 | Velocity: 10.47 m/s | Acceleration: -0.16 m/s2
Time step: 15 | Velocity: 10.46 m/s | Acceleration: 0.05 m/s2
Time step: 16 | Velocity: 10.48 m/s | Acceleration: 0.24 m/s2
Time step: 17 | Velocity: 10.51 m/s | Acceleration: 0.39 m/s2
Time step: 18 | Velocity: 10.55 m/s | Acceleration: 0.52 m/s2
Time step: 19 | Velocity: 10.61 m/s | Acceleration: 0.63 m/s2
Time step: 20 | Velocity: 10.69 m/s | Acceleration: 1.01 m/s2
Time step: 21 | Velocity: 10.81 m/s | Acceleration: 1.34 m/s2
Time step: 22 | Velocity: 10.96 m/s | Acceleration: 1.61 m/s2
Time step: 23 | Velocity: 11.13 m/s | Acceleration: 1.84 m/s2
Time step: 24 | Velocity: 11.33 m/s | Acceleration: 2.03 m/s2
Time step: 25 | Velocity: 11.54 m/s | Acceleration: 2.20 m/s2
Time step: 26 | Velocity: 11.76 m/s | Acceleration: 2.33 m/s2
Time step: 27 | Velocity: 12.00 m/s | Acceleration: 2.45 m/s2
Time step: 28 | Velocity: 12.25 m/s | Acceleration: 2.55 m/s2
Time step: 29 | Velocity: 12.47 m/s | Acceleration: 1.77 m/s2
Time step: 30 | Velocity: 12.61 m/s | Acceleration: 1.11 m/s2
Time step: 31 | Velocity: 12.70 m/s | Acceleration: 0.56 m/s2
[006/020] evaluating vv_005
agent_planning_problem_id_assignment: {20088: 20095}
Processing dynamic obstacle id: 20044
Processing dynamic obstacle id: 20087
Processing dynamic obstacle id: 20088
--- Initializing prediction network ---
Time step: 0 | Velocity: 11.60 m/s | Acceleration: 0.00 m/s2
Time step: 1 | Velocity: 11.58 m/s | Acceleration: -0.38 m/s2
Time step: 2 | Velocity: 11.53 m/s | Acceleration: -0.71 m/s2
Time step: 3 | Velocity: 11.46 m/s | Acceleration: -0.60 m/s2
Time step: 4 | Velocity: 11.40 m/s | Acceleration: -0.60 m/s2
Time step: 5 | Velocity: 11.34 m/s | Acceleration: -0.60 m/s2
Time step: 6 | Velocity: 11.29 m/s | Acceleration: -0.51 m/s2
Time step: 7 | Velocity: 11.24 m/s | Acceleration: -0.43 m/s2
Time step: 8 | Velocity: 11.20 m/s | Acceleration: -0.36 m/s2
Time step: 9 | Velocity: 11.16 m/s | Acceleration: -0.31 m/s2
Time step: 10 | Velocity: 11.14 m/s | Acceleration: -0.26 m/s2
Time step: 11 | Velocity: 11.11 m/s | Acceleration: -0.22 m/s2
Time step: 12 | Velocity: 11.09 m/s | Acceleration: -0.19 m/s2
Time step: 13 | Velocity: 11.08 m/s | Acceleration: -0.16 m/s2
Time step: 14 | Velocity: 11.07 m/s | Acceleration: 0.06 m/s2
Time step: 15 | Velocity: 11.09 m/s | Acceleration: 0.24 m/s2
Time step: 16 | Velocity: 11.12 m/s | Acceleration: 0.40 m/s2
Time step: 17 | Velocity: 11.16 m/s | Acceleration: 0.53 m/s2
Time step: 18 | Velocity: 11.22 m/s | Acceleration: 0.64 m/s2
Time step: 19 | Velocity: 11.29 m/s | Acceleration: 0.73 m/s2
Time step: 20 | Velocity: 11.38 m/s | Acceleration: 1.10 m/s2
Time step: 21 | Velocity: 11.51 m/s | Acceleration: 1.40 m/s2
Time step: 22 | Velocity: 11.66 m/s | Acceleration: 1.67 m/s2
Time step: 23 | Velocity: 11.84 m/s | Acceleration: 1.89 m/s2
Time step: 24 | Velocity: 12.04 m/s | Acceleration: 2.07 m/s2
Time step: 25 | Velocity: 12.25 m/s | Acceleration: 2.23 m/s2
Time step: 26 | Velocity: 12.48 m/s | Acceleration: 2.36 m/s2
Time step: 27 | Velocity: 12.72 m/s | Acceleration: 2.48 m/s2
Time step: 28 | Velocity: 12.98 m/s | Acceleration: 2.57 m/s2
Time step: 29 | Velocity: 13.24 m/s | Acceleration: 2.65 m/s2
Time step: 30 | Velocity: 13.51 m/s | Acceleration: 2.72 m/s2
Time step: 31 | Velocity: 13.78 m/s | Acceleration: 2.78 m/s2
[007/020] evaluating vv_006
agent_planning_problem_id_assignment: {20088: 20095}
Processing dynamic obstacle id: 20044
Processing dynamic obstacle id: 20087
Processing dynamic obstacle id: 20088
--- Initializing prediction network ---
Time step: 0 | Velocity: 12.37 m/s | Acceleration: 0.00 m/s2
Time step: 1 | Velocity: 12.35 m/s | Acceleration: -0.38 m/s2
Time step: 2 | Velocity: 12.30 m/s | Acceleration: -0.71 m/s2
Time step: 3 | Velocity: 12.23 m/s | Acceleration: -0.69 m/s2
Time step: 4 | Velocity: 12.16 m/s | Acceleration: -0.68 m/s2
Time step: 5 | Velocity: 12.09 m/s | Acceleration: -0.67 m/s2
Time step: 6 | Velocity: 12.03 m/s | Acceleration: -0.66 m/s2
Time step: 7 | Velocity: 11.96 m/s | Acceleration: -0.66 m/s2
Time step: 8 | Velocity: 11.89 m/s | Acceleration: -0.65 m/s2
Time step: 9 | Velocity: 11.83 m/s | Acceleration: -0.55 m/s2
Time step: 10 | Velocity: 11.78 m/s | Acceleration: -0.46 m/s2
Time step: 11 | Velocity: 11.74 m/s | Acceleration: -0.39 m/s2
Time step: 12 | Velocity: 11.70 m/s | Acceleration: -0.33 m/s2
Time step: 13 | Velocity: 11.67 m/s | Acceleration: -0.28 m/s2
Time step: 14 | Velocity: 11.65 m/s | Acceleration: -0.24 m/s2
Time step: 15 | Velocity: 11.63 m/s | Acceleration: -0.20 m/s2
Time step: 16 | Velocity: 11.61 m/s | Acceleration: -0.17 m/s2
Time step: 17 | Velocity: 11.60 m/s | Acceleration: 0.05 m/s2
Time step: 18 | Velocity: 11.62 m/s | Acceleration: 0.23 m/s2
Time step: 19 | Velocity: 11.65 m/s | Acceleration: 0.39 m/s2
Time step: 20 | Velocity: 11.71 m/s | Acceleration: 0.81 m/s2
Time step: 21 | Velocity: 11.81 m/s | Acceleration: 1.16 m/s2
Time step: 22 | Velocity: 11.94 m/s | Acceleration: 1.46 m/s2
Time step: 23 | Velocity: 12.10 m/s | Acceleration: 1.71 m/s2
Time step: 24 | Velocity: 12.28 m/s | Acceleration: 1.93 m/s2
Time step: 25 | Velocity: 12.48 m/s | Acceleration: 2.11 m/s2
Time step: 26 | Velocity: 12.70 m/s | Acceleration: 2.26 m/s2
Time step: 27 | Velocity: 12.92 m/s | Acceleration: 2.10 m/s2
Time step: 28 | Velocity: 13.12 m/s | Acceleration: 1.97 m/s2
Time step: 29 | Velocity: 13.33 m/s | Acceleration: 2.14 m/s2
Time step: 30 | Velocity: 13.52 m/s | Acceleration: 1.81 m/s2
[008/020] evaluating vv_007
agent_planning_problem_id_assignment: {20088: 20095}
Processing dynamic obstacle id: 20044
Processing dynamic obstacle id: 20087
Processing dynamic obstacle id: 20088
--- Initializing prediction network ---
Time step: 0 | Velocity: 11.88 m/s | Acceleration: 0.00 m/s2
Time step: 1 | Velocity: 11.86 m/s | Acceleration: -0.38 m/s2
Time step: 2 | Velocity: 11.81 m/s | Acceleration: -0.71 m/s2
[FrenetPlanner] timestep=3: using max-risk fallback trajectory
Time step: 3 | Velocity: 11.72 m/s | Acceleration: -0.98 m/s2
[FrenetPlanner] timestep=4: using max-risk fallback trajectory
Time step: 4 | Velocity: 11.61 m/s | Acceleration: -1.21 m/s2
[FrenetPlanner] timestep=5: using max-risk fallback trajectory
Time step: 5 | Velocity: 11.48 m/s | Acceleration: -1.41 m/s2
[FrenetPlanner] timestep=6: using max-risk fallback trajectory
Time step: 6 | Velocity: 11.33 m/s | Acceleration: -1.57 m/s2
[FrenetPlanner] timestep=7: using max-risk fallback trajectory
Time step: 7 | Velocity: 11.17 m/s | Acceleration: -1.71 m/s2
[FrenetPlanner] timestep=8: using max-risk fallback trajectory
Time step: 8 | Velocity: 10.98 m/s | Acceleration: -2.12 m/s2
[FrenetPlanner] timestep=9: using max-risk fallback trajectory
Time step: 9 | Velocity: 10.75 m/s | Acceleration: -2.46 m/s2
[FrenetPlanner] timestep=10: using max-risk fallback trajectory
Time step: 10 | Velocity: 10.49 m/s | Acceleration: -2.75 m/s2
[FrenetPlanner] timestep=11: using max-risk fallback trajectory
Time step: 11 | Velocity: 10.20 m/s | Acceleration: -2.99 m/s2
[FrenetPlanner] timestep=12: using max-risk fallback trajectory
Time step: 12 | Velocity: 9.89 m/s | Acceleration: -3.18 m/s2
[FrenetPlanner] timestep=13: using max-risk fallback trajectory
Time step: 13 | Velocity: 9.56 m/s | Acceleration: -3.32 m/s2
[FrenetPlanner] timestep=14: using max-risk fallback trajectory
Time step: 14 | Velocity: 9.23 m/s | Acceleration: -3.42 m/s2
[FrenetPlanner] timestep=15: using max-risk fallback trajectory
Time step: 15 | Velocity: 8.88 m/s | Acceleration: -3.47 m/s2
[FrenetPlanner] timestep=16: using max-risk fallback trajectory
Time step: 16 | Velocity: 8.54 m/s | Acceleration: -3.49 m/s2
[FrenetPlanner] timestep=17: using max-risk fallback trajectory
Time step: 17 | Velocity: 8.19 m/s | Acceleration: -3.48 m/s2
[FrenetPlanner] timestep=18: using max-risk fallback trajectory
Time step: 18 | Velocity: 7.84 m/s | Acceleration: -3.45 m/s2
[FrenetPlanner] timestep=19: using max-risk fallback trajectory
Time step: 19 | Velocity: 7.50 m/s | Acceleration: -3.39 m/s2
[FrenetPlanner] timestep=20: using max-risk fallback trajectory
Time step: 20 | Velocity: 7.16 m/s | Acceleration: -3.32 m/s2
[FrenetPlanner] timestep=21: using max-risk fallback trajectory
Time step: 21 | Velocity: 6.82 m/s | Acceleration: -3.47 m/s2
[FrenetPlanner] timestep=22: using max-risk fallback trajectory
Time step: 22 | Velocity: 6.47 m/s | Acceleration: -3.56 m/s2
[FrenetPlanner] timestep=23: using max-risk fallback trajectory
Time step: 23 | Velocity: 6.11 m/s | Acceleration: -3.60 m/s2
[FrenetPlanner] timestep=24: using max-risk fallback trajectory
Time step: 24 | Velocity: 5.75 m/s | Acceleration: -3.60 m/s2
[FrenetPlanner] timestep=25: using max-risk fallback trajectory
Time step: 25 | Velocity: 5.39 m/s | Acceleration: -3.57 m/s2
[FrenetPlanner] timestep=26: using max-risk fallback trajectory
Time step: 26 | Velocity: 5.04 m/s | Acceleration: -3.52 m/s2
[FrenetPlanner] timestep=27: using max-risk fallback trajectory
Time step: 27 | Velocity: 4.69 m/s | Acceleration: -3.43 m/s2
[FrenetPlanner] timestep=28: using max-risk fallback trajectory
Time step: 28 | Velocity: 4.35 m/s | Acceleration: -3.33 m/s2
[FrenetPlanner] timestep=29: using max-risk fallback trajectory
Time step: 29 | Velocity: 4.03 m/s | Acceleration: -3.22 m/s2
[FrenetPlanner] timestep=30: using max-risk fallback trajectory
Time step: 30 | Velocity: 3.71 m/s | Acceleration: -3.09 m/s2
[FrenetPlanner] timestep=31: using max-risk fallback trajectory
Time step: 31 | Velocity: 3.41 m/s | Acceleration: -2.95 m/s2
[FrenetPlanner] timestep=32: using max-risk fallback trajectory
Time step: 32 | Velocity: 3.12 m/s | Acceleration: -2.80 m/s2
[FrenetPlanner] timestep=33: using max-risk fallback trajectory
Time step: 33 | Velocity: 2.85 m/s | Acceleration: -2.66 m/s2
[FrenetPlanner] timestep=34: using max-risk fallback trajectory
Time step: 34 | Velocity: 2.59 m/s | Acceleration: -2.51 m/s2
[FrenetPlanner] timestep=35: using max-risk fallback trajectory
Time step: 35 | Velocity: 2.35 m/s | Acceleration: -2.35 m/s2
recorded/hand-crafted/vv_samples/vv_007.xml >>> Collision detected.
[009/020] evaluating vv_008
agent_planning_problem_id_assignment: {20088: 20095}
Processing dynamic obstacle id: 20044
Processing dynamic obstacle id: 20087
Processing dynamic obstacle id: 20088
--- Initializing prediction network ---
Time step: 0 | Velocity: 11.72 m/s | Acceleration: 0.00 m/s2
Time step: 1 | Velocity: 11.70 m/s | Acceleration: -0.38 m/s2
/home/yanjun/NewDisk/beliefplanning/.venv38/lib/python3.8/site-packages/commonroad/scenario/scenario.py:314: UserWarning: Not a valid scenario id: vv_005
  warnings.warn('Not a valid scenario id: ' + benchmark_id)
/home/yanjun/NewDisk/beliefplanning/.venv38/lib/python3.8/site-packages/commonroad/common/file_reader.py:461: UserWarning: Unknown country: Default traffic sign IDs are used. Specified country: vv_
  warnings.warn("Unknown country: Default traffic sign IDs are used. Specified country: " + country)
/home/yanjun/NewDisk/beliefplanning/.venv38/lib/python3.8/site-packages/prediction/main.py:410: FutureWarning: You are using `torch.load` with `weights_only=False` (the current default value), which uses the default pickle module implicitly. It is possible to construct malicious pickle data which will execute arbitrary code during unpickling (See https://github.com/pytorch/pytorch/blob/main/SECURITY.md#untrusted-models for more details). In a future release, the default value for `weights_only` will be flipped to `True`. This limits the functions that could be executed during unpickling. Arbitrary objects will no longer be allowed to be loaded via this mode unless they are explicitly allowlisted by the user via `torch.serialization.add_safe_globals`. We recommend you start setting `weights_only=True` for any use case where you don't have full control of the loaded file. Please open an issue on GitHub for any issues related to this experimental feature.
  saved_model_dict = torch.load(self.model_path)
/home/yanjun/NewDisk/beliefplanning/.venv38/lib/python3.8/site-packages/commonroad/scenario/scenario.py:314: UserWarning: Not a valid scenario id: vv_006
  warnings.warn('Not a valid scenario id: ' + benchmark_id)
/home/yanjun/NewDisk/beliefplanning/.venv38/lib/python3.8/site-packages/commonroad/common/file_reader.py:461: UserWarning: Unknown country: Default traffic sign IDs are used. Specified country: vv_
  warnings.warn("Unknown country: Default traffic sign IDs are used. Specified country: " + country)
/home/yanjun/NewDisk/beliefplanning/.venv38/lib/python3.8/site-packages/prediction/main.py:410: FutureWarning: You are using `torch.load` with `weights_only=False` (the current default value), which uses the default pickle module implicitly. It is possible to construct malicious pickle data which will execute arbitrary code during unpickling (See https://github.com/pytorch/pytorch/blob/main/SECURITY.md#untrusted-models for more details). In a future release, the default value for `weights_only` will be flipped to `True`. This limits the functions that could be executed during unpickling. Arbitrary objects will no longer be allowed to be loaded via this mode unless they are explicitly allowlisted by the user via `torch.serialization.add_safe_globals`. We recommend you start setting `weights_only=True` for any use case where you don't have full control of the loaded file. Please open an issue on GitHub for any issues related to this experimental feature.
  saved_model_dict = torch.load(self.model_path)
/home/yanjun/NewDisk/beliefplanning/.venv38/lib/python3.8/site-packages/commonroad/scenario/scenario.py:314: UserWarning: Not a valid scenario id: vv_007
  warnings.warn('Not a valid scenario id: ' + benchmark_id)
/home/yanjun/NewDisk/beliefplanning/.venv38/lib/python3.8/site-packages/commonroad/common/file_reader.py:461: UserWarning: Unknown country: Default traffic sign IDs are used. Specified country: vv_
  warnings.warn("Unknown country: Default traffic sign IDs are used. Specified country: " + country)
/home/yanjun/NewDisk/beliefplanning/.venv38/lib/python3.8/site-packages/prediction/main.py:410: FutureWarning: You are using `torch.load` with `weights_only=False` (the current default value), which uses the default pickle module implicitly. It is possible to construct malicious pickle data which will execute arbitrary code during unpickling (See https://github.com/pytorch/pytorch/blob/main/SECURITY.md#untrusted-models for more details). In a future release, the default value for `weights_only` will be flipped to `True`. This limits the functions that could be executed during unpickling. Arbitrary objects will no longer be allowed to be loaded via this mode unless they are explicitly allowlisted by the user via `torch.serialization.add_safe_globals`. We recommend you start setting `weights_only=True` for any use case where you don't have full control of the loaded file. Please open an issue on GitHub for any issues related to this experimental feature.
  saved_model_dict = torch.load(self.model_path)
Traceback (most recent call last):
  File "test_fot_junction/evaluate_vv_batch.py", line 83, in eval_scenario
    self._simulate()
  File "/home/yanjun/NewDisk/method_branches/beliefplanning_robust_single/beliefplanning/planner/plannertools/scenario_handler.py", line 279, in _simulate
    self._check_collision_simple(agent=agent, time_step=time_step)
  File "/home/yanjun/NewDisk/method_branches/beliefplanning_robust_single/beliefplanning/planner/plannertools/scenario_handler.py", line 662, in _check_collision_simple
    raise NoLocalTrajectoryFoundError("Collision detected.")
commonroad_helper_functions.exceptions.NoLocalTrajectoryFoundError: Collision detected.
/home/yanjun/NewDisk/beliefplanning/.venv38/lib/python3.8/site-packages/commonroad/scenario/scenario.py:314: UserWarning: Not a valid scenario id: vv_008
  warnings.warn('Not a valid scenario id: ' + benchmark_id)
/home/yanjun/NewDisk/beliefplanning/.venv38/lib/python3.8/site-packages/commonroad/common/file_reader.py:461: UserWarning: Unknown country: Default traffic sign IDs are used. Specified country: vv_
  warnings.warn("Unknown country: Default traffic sign IDs are used. Specified country: " + country)
/home/yanjun/NewDisk/beliefplanning/.venv38/lib/python3.8/site-packages/prediction/main.py:410: FutureWarning: You are using `torch.load` with `weights_only=False` (the current default value), which uses the default pickle module implicitly. It is possible to construct malicious pickle data which will execute arbitrary code during unpickling (See https://github.com/pytorch/pytorch/blob/main/SECURITY.md#untrusted-models for more details). In a future release, the default value for `weights_only` will be flipped to `True`. This limits the functions that could be executed during unpickling. Arbitrary objects will no longer be allowed to be loaded via this mode unless they are explicitly allowlisted by the user via `torch.serialization.add_safe_globals`. We recommend you start setting `weights_only=True` for any use case where you don't have full control of the loaded file. Please open an issue on GitHub for any issues related to this experimental feature.
  saved_model_dict = torch.load(self.model_path)
Traceback (most recent call last):
  File "test_fot_junction/evaluate_vv_batch.py", line 83, in eval_scenario
    self._simulate()
  File "/home/yanjun/NewDisk/method_branches/beliefplanning_robust_single/beliefplanning/planner/plannertools/scenario_handler.py", line 279, in _simulate
    self._check_collision_simple(agent=agent, time_step=time_step)
  File "/home/yanjun/NewDisk/method_branches/beliefplanning_robust_single/beliefplanning/planner/plannertools/scenario_handler.py", line 662, in _check_collision_simple
    raise NoLocalTrajectoryFoundError("Collision detected.")
commonroad_helper_functions.exceptions.NoLocalTrajectoryFoundError: Collision detected.
/home/yanjun/NewDisk/beliefplanning/.venv38/lib/python3.8/site-packages/commonroad/scenario/scenario.py:314: UserWarning: Not a valid scenario id: vv_009
  warnings.warn('Not a valid scenario id: ' + benchmark_id)
/home/yanjun/NewDisk/beliefplanning/.venv38/lib/python3.8/site-packages/commonroad/common/file_reader.py:461: UserWarning: Unknown country: Default traffic sign IDs are used. Specified country: vv_
  warnings.warn("Unknown country: Default traffic sign IDs are used. Specified country: " + country)
[FrenetPlanner] timestep=2: using max-risk fallback trajectory
Time step: 2 | Velocity: 11.64 m/s | Acceleration: -0.71 m/s2
[FrenetPlanner] timestep=3: using max-risk fallback trajectory
Time step: 3 | Velocity: 11.56 m/s | Acceleration: -0.98 m/s2
[FrenetPlanner] timestep=4: using max-risk fallback trajectory
Time step: 4 | Velocity: 11.45 m/s | Acceleration: -1.21 m/s2
[FrenetPlanner] timestep=5: using max-risk fallback trajectory
Time step: 5 | Velocity: 11.32 m/s | Acceleration: -1.41 m/s2
[FrenetPlanner] timestep=6: using max-risk fallback trajectory
Time step: 6 | Velocity: 11.17 m/s | Acceleration: -1.57 m/s2
[FrenetPlanner] timestep=7: using max-risk fallback trajectory
Time step: 7 | Velocity: 11.00 m/s | Acceleration: -1.71 m/s2
[FrenetPlanner] timestep=8: using max-risk fallback trajectory
Time step: 8 | Velocity: 10.81 m/s | Acceleration: -2.12 m/s2
[FrenetPlanner] timestep=9: using max-risk fallback trajectory
Time step: 9 | Velocity: 10.58 m/s | Acceleration: -2.46 m/s2
[FrenetPlanner] timestep=10: using max-risk fallback trajectory
Time step: 10 | Velocity: 10.32 m/s | Acceleration: -2.75 m/s2
[FrenetPlanner] timestep=11: using max-risk fallback trajectory
Time step: 11 | Velocity: 10.04 m/s | Acceleration: -2.99 m/s2
[FrenetPlanner] timestep=12: using max-risk fallback trajectory
Time step: 12 | Velocity: 9.73 m/s | Acceleration: -3.17 m/s2
[FrenetPlanner] timestep=13: using max-risk fallback trajectory
Time step: 13 | Velocity: 9.41 m/s | Acceleration: -3.30 m/s2
[FrenetPlanner] timestep=14: using max-risk fallback trajectory
Time step: 14 | Velocity: 9.07 m/s | Acceleration: -3.38 m/s2
[FrenetPlanner] timestep=15: using max-risk fallback trajectory
Time step: 15 | Velocity: 8.73 m/s | Acceleration: -3.43 m/s2
[FrenetPlanner] timestep=16: using max-risk fallback trajectory
Time step: 16 | Velocity: 8.39 m/s | Acceleration: -3.44 m/s2
[FrenetPlanner] timestep=17: using max-risk fallback trajectory
Time step: 17 | Velocity: 8.04 m/s | Acceleration: -3.43 m/s2
[FrenetPlanner] timestep=18: using max-risk fallback trajectory
Time step: 18 | Velocity: 7.70 m/s | Acceleration: -3.39 m/s2
[FrenetPlanner] timestep=19: using max-risk fallback trajectory
Time step: 19 | Velocity: 7.36 m/s | Acceleration: -3.34 m/s2
[FrenetPlanner] timestep=20: using max-risk fallback trajectory
Time step: 20 | Velocity: 7.02 m/s | Acceleration: -3.50 m/s2
[FrenetPlanner] timestep=21: using max-risk fallback trajectory
Time step: 21 | Velocity: 6.67 m/s | Acceleration: -3.60 m/s2
[FrenetPlanner] timestep=22: using max-risk fallback trajectory
Time step: 22 | Velocity: 6.30 m/s | Acceleration: -3.66 m/s2
[FrenetPlanner] timestep=23: using max-risk fallback trajectory
Time step: 23 | Velocity: 5.94 m/s | Acceleration: -3.67 m/s2
[FrenetPlanner] timestep=24: using max-risk fallback trajectory
Time step: 24 | Velocity: 5.57 m/s | Acceleration: -3.65 m/s2
[FrenetPlanner] timestep=25: using max-risk fallback trajectory
Time step: 25 | Velocity: 5.21 m/s | Acceleration: -3.59 m/s2
[FrenetPlanner] timestep=26: using max-risk fallback trajectory
Time step: 26 | Velocity: 4.85 m/s | Acceleration: -3.51 m/s2
[FrenetPlanner] timestep=27: using max-risk fallback trajectory
Time step: 27 | Velocity: 4.51 m/s | Acceleration: -3.42 m/s2
[FrenetPlanner] timestep=28: using max-risk fallback trajectory
Time step: 28 | Velocity: 4.17 m/s | Acceleration: -3.30 m/s2
[FrenetPlanner] timestep=29: using max-risk fallback trajectory
Time step: 29 | Velocity: 3.85 m/s | Acceleration: -3.17 m/s2
[FrenetPlanner] timestep=30: using max-risk fallback trajectory
Time step: 30 | Velocity: 3.54 m/s | Acceleration: -3.03 m/s2
[FrenetPlanner] timestep=31: using max-risk fallback trajectory
Time step: 31 | Velocity: 3.24 m/s | Acceleration: -2.89 m/s2
[FrenetPlanner] timestep=32: using max-risk fallback trajectory
Time step: 32 | Velocity: 2.96 m/s | Acceleration: -2.74 m/s2
[FrenetPlanner] timestep=33: using max-risk fallback trajectory
Time step: 33 | Velocity: 2.70 m/s | Acceleration: -2.58 m/s2
[FrenetPlanner] timestep=34: using max-risk fallback trajectory
Time step: 34 | Velocity: 2.44 m/s | Acceleration: -2.43 m/s2
recorded/hand-crafted/vv_samples/vv_008.xml >>> Collision detected.
[010/020] evaluating vv_009
agent_planning_problem_id_assignment: {20088: 20095}
Processing dynamic obstacle id: 20044
Processing dynamic obstacle id: 20087
Processing dynamic obstacle id: 20088
--- Initializing prediction network ---
Time step: 0 | Velocity: 11.55 m/s | Acceleration: 0.00 m/s2
Time step: 1 | Velocity: 11.53 m/s | Acceleration: -0.38 m/s2
Time step: 2 | Velocity: 11.49 m/s | Acceleration: -0.42 m/s2
Time step: 3 | Velocity: 11.44 m/s | Acceleration: -0.45 m/s2
Time step: 4 | Velocity: 11.40 m/s | Acceleration: -0.48 m/s2
Time step: 5 | Velocity: 11.35 m/s | Acceleration: -0.50 m/s2
Time step: 6 | Velocity: 11.30 m/s | Acceleration: -0.42 m/s2
Time step: 7 | Velocity: 11.26 m/s | Acceleration: -0.36 m/s2
Time step: 8 | Velocity: 11.23 m/s | Acceleration: -0.30 m/s2
Time step: 9 | Velocity: 11.20 m/s | Acceleration: -0.35 m/s2
Time step: 10 | Velocity: 11.16 m/s | Acceleration: -0.30 m/s2
Time step: 11 | Velocity: 11.14 m/s | Acceleration: -0.25 m/s2
Time step: 12 | Velocity: 11.11 m/s | Acceleration: -0.21 m/s2
Time step: 13 | Velocity: 11.10 m/s | Acceleration: -0.18 m/s2
Time step: 14 | Velocity: 11.08 m/s | Acceleration: -0.15 m/s2
Time step: 15 | Velocity: 11.07 m/s | Acceleration: 0.06 m/s2
Time step: 16 | Velocity: 11.09 m/s | Acceleration: 0.25 m/s2
Time step: 17 | Velocity: 11.12 m/s | Acceleration: 0.40 m/s2
Time step: 18 | Velocity: 11.17 m/s | Acceleration: 0.53 m/s2
Time step: 19 | Velocity: 11.23 m/s | Acceleration: 0.64 m/s2
Time step: 20 | Velocity: 11.31 m/s | Acceleration: 1.02 m/s2
Time step: 21 | Velocity: 11.43 m/s | Acceleration: 1.34 m/s2
Time step: 22 | Velocity: 11.58 m/s | Acceleration: 1.61 m/s2
Time step: 23 | Velocity: 11.75 m/s | Acceleration: 1.84 m/s2
Time step: 24 | Velocity: 11.94 m/s | Acceleration: 2.03 m/s2
Time step: 25 | Velocity: 12.16 m/s | Acceleration: 2.20 m/s2
Time step: 26 | Velocity: 12.38 m/s | Acceleration: 2.34 m/s2
Time step: 27 | Velocity: 12.61 m/s | Acceleration: 2.16 m/s2
Time step: 28 | Velocity: 12.83 m/s | Acceleration: 2.31 m/s2
Time step: 29 | Velocity: 13.07 m/s | Acceleration: 2.43 m/s2
Time step: 30 | Velocity: 13.32 m/s | Acceleration: 2.53 m/s2
Time step: 31 | Velocity: 13.54 m/s | Acceleration: 2.04 m/s2
[011/020] evaluating vv_010
agent_planning_problem_id_assignment: {20088: 20095}
Processing dynamic obstacle id: 20044
Processing dynamic obstacle id: 20087
Processing dynamic obstacle id: 20088
--- Initializing prediction network ---
Time step: 0 | Velocity: 12.19 m/s | Acceleration: 0.00 m/s2
Time step: 1 | Velocity: 12.17 m/s | Acceleration: -0.38 m/s2
Time step: 2 | Velocity: 12.11 m/s | Acceleration: -0.71 m/s2
Time step: 3 | Velocity: 12.04 m/s | Acceleration: -0.69 m/s2
Time step: 4 | Velocity: 11.97 m/s | Acceleration: -0.68 m/s2
Time step: 5 | Velocity: 11.91 m/s | Acceleration: -0.67 m/s2
Time step: 6 | Velocity: 11.84 m/s | Acceleration: -0.57 m/s2
Time step: 7 | Velocity: 11.79 m/s | Acceleration: -0.48 m/s2
Time step: 8 | Velocity: 11.75 m/s | Acceleration: -0.40 m/s2
Time step: 9 | Velocity: 11.69 m/s | Acceleration: -0.73 m/s2
Time step: 10 | Velocity: 11.62 m/s | Acceleration: -0.71 m/s2
Time step: 11 | Velocity: 11.53 m/s | Acceleration: -0.98 m/s2
Time step: 12 | Velocity: 11.44 m/s | Acceleration: -0.83 m/s2
Time step: 13 | Velocity: 11.38 m/s | Acceleration: -0.51 m/s2
Time step: 14 | Velocity: 11.34 m/s | Acceleration: -0.24 m/s2
Time step: 15 | Velocity: 11.33 m/s | Acceleration: -0.01 m/s2
Time step: 16 | Velocity: 11.34 m/s | Acceleration: 0.18 m/s2
Time step: 17 | Velocity: 11.36 m/s | Acceleration: 0.35 m/s2
Time step: 18 | Velocity: 11.40 m/s | Acceleration: 0.48 m/s2
Time step: 19 | Velocity: 11.47 m/s | Acceleration: 0.89 m/s2
Time step: 20 | Velocity: 11.58 m/s | Acceleration: 1.23 m/s2
Time step: 21 | Velocity: 11.72 m/s | Acceleration: 1.52 m/s2
Time step: 22 | Velocity: 11.88 m/s | Acceleration: 1.76 m/s2
Time step: 23 | Velocity: 12.07 m/s | Acceleration: 1.97 m/s2
/home/yanjun/NewDisk/beliefplanning/.venv38/lib/python3.8/site-packages/prediction/main.py:410: FutureWarning: You are using `torch.load` with `weights_only=False` (the current default value), which uses the default pickle module implicitly. It is possible to construct malicious pickle data which will execute arbitrary code during unpickling (See https://github.com/pytorch/pytorch/blob/main/SECURITY.md#untrusted-models for more details). In a future release, the default value for `weights_only` will be flipped to `True`. This limits the functions that could be executed during unpickling. Arbitrary objects will no longer be allowed to be loaded via this mode unless they are explicitly allowlisted by the user via `torch.serialization.add_safe_globals`. We recommend you start setting `weights_only=True` for any use case where you don't have full control of the loaded file. Please open an issue on GitHub for any issues related to this experimental feature.
  saved_model_dict = torch.load(self.model_path)
/home/yanjun/NewDisk/beliefplanning/.venv38/lib/python3.8/site-packages/commonroad/scenario/scenario.py:314: UserWarning: Not a valid scenario id: vv_010
  warnings.warn('Not a valid scenario id: ' + benchmark_id)
/home/yanjun/NewDisk/beliefplanning/.venv38/lib/python3.8/site-packages/commonroad/common/file_reader.py:461: UserWarning: Unknown country: Default traffic sign IDs are used. Specified country: vv_
  warnings.warn("Unknown country: Default traffic sign IDs are used. Specified country: " + country)
/home/yanjun/NewDisk/beliefplanning/.venv38/lib/python3.8/site-packages/prediction/main.py:410: FutureWarning: You are using `torch.load` with `weights_only=False` (the current default value), which uses the default pickle module implicitly. It is possible to construct malicious pickle data which will execute arbitrary code during unpickling (See https://github.com/pytorch/pytorch/blob/main/SECURITY.md#untrusted-models for more details). In a future release, the default value for `weights_only` will be flipped to `True`. This limits the functions that could be executed during unpickling. Arbitrary objects will no longer be allowed to be loaded via this mode unless they are explicitly allowlisted by the user via `torch.serialization.add_safe_globals`. We recommend you start setting `weights_only=True` for any use case where you don't have full control of the loaded file. Please open an issue on GitHub for any issues related to this experimental feature.
  saved_model_dict = torch.load(self.model_path)
/home/yanjun/NewDisk/beliefplanning/.venv38/lib/python3.8/site-packages/commonroad/scenario/scenario.py:314: UserWarning: Not a valid scenario id: vv_011
  warnings.warn('Not a valid scenario id: ' + benchmark_id)
/home/yanjun/NewDisk/beliefplanning/.venv38/lib/python3.8/site-packages/commonroad/common/file_reader.py:461: UserWarning: Unknown country: Default traffic sign IDs are used. Specified country: vv_
  warnings.warn("Unknown country: Default traffic sign IDs are used. Specified country: " + country)
/home/yanjun/NewDisk/beliefplanning/.venv38/lib/python3.8/site-packages/prediction/main.py:410: FutureWarning: You are using `torch.load` with `weights_only=False` (the current default value), which uses the default pickle module implicitly. It is possible to construct malicious pickle data which will execute arbitrary code during unpickling (See https://github.com/pytorch/pytorch/blob/main/SECURITY.md#untrusted-models for more details). In a future release, the default value for `weights_only` will be flipped to `True`. This limits the functions that could be executed during unpickling. Arbitrary objects will no longer be allowed to be loaded via this mode unless they are explicitly allowlisted by the user via `torch.serialization.add_safe_globals`. We recommend you start setting `weights_only=True` for any use case where you don't have full control of the loaded file. Please open an issue on GitHub for any issues related to this experimental feature.
  saved_model_dict = torch.load(self.model_path)
Traceback (most recent call last):
  File "test_fot_junction/evaluate_vv_batch.py", line 83, in eval_scenario
    self._simulate()
  File "/home/yanjun/NewDisk/method_branches/beliefplanning_robust_single/beliefplanning/planner/plannertools/scenario_handler.py", line 281, in _simulate
    self._do_simulation_step(agent=agent, time_step=time_step)
  File "/home/yanjun/NewDisk/method_branches/beliefplanning_robust_single/beliefplanning/planner/plannertools/scenario_handler.py", line 317, in _do_simulation_step
    agent.step(scenario=self.scenario)
  File "/home/yanjun/NewDisk/beliefplanning/.venv38/lib/python3.8/site-packages/agent_sim/agent.py", line 143, in step
    self._step_agent(delta_time=self.scenario.dt)
  File "/home/yanjun/NewDisk/method_branches/beliefplanning_robust_single/beliefplanning/planner/planning.py", line 264, in _step_agent
    best_traj, state_rec, zPred, obs_state = self.planner.step(
  File "/home/yanjun/NewDisk/method_branches/beliefplanning_robust_single/beliefplanning/planner/planning.py", line 584, in step
    best_traj, state_rec, zPred, obs_state = self._step_planner()
  File "/home/yanjun/NewDisk/method_branches/beliefplanning_robust_single/beliefplanning/planner/Frenet/frenet_planner.py", line 1066, in _step_planner
    self.traj_rec.append(ft_final_list[0])
IndexError: list index out of range
/home/yanjun/NewDisk/beliefplanning/.venv38/lib/python3.8/site-packages/commonroad/scenario/scenario.py:314: UserWarning: Not a valid scenario id: vv_012
  warnings.warn('Not a valid scenario id: ' + benchmark_id)
/home/yanjun/NewDisk/beliefplanning/.venv38/lib/python3.8/site-packages/commonroad/common/file_reader.py:461: UserWarning: Unknown country: Default traffic sign IDs are used. Specified country: vv_
  warnings.warn("Unknown country: Default traffic sign IDs are used. Specified country: " + country)
/home/yanjun/NewDisk/beliefplanning/.venv38/lib/python3.8/site-packages/prediction/main.py:410: FutureWarning: You are using `torch.load` with `weights_only=False` (the current default value), which uses the default pickle module implicitly. It is possible to construct malicious pickle data which will execute arbitrary code during unpickling (See https://github.com/pytorch/pytorch/blob/main/SECURITY.md#untrusted-models for more details). In a future release, the default value for `weights_only` will be flipped to `True`. This limits the functions that could be executed during unpickling. Arbitrary objects will no longer be allowed to be loaded via this mode unless they are explicitly allowlisted by the user via `torch.serialization.add_safe_globals`. We recommend you start setting `weights_only=True` for any use case where you don't have full control of the loaded file. Please open an issue on GitHub for any issues related to this experimental feature.
  saved_model_dict = torch.load(self.model_path)
/home/yanjun/NewDisk/beliefplanning/.venv38/lib/python3.8/site-packages/commonroad/scenario/scenario.py:314: UserWarning: Not a valid scenario id: vv_013
  warnings.warn('Not a valid scenario id: ' + benchmark_id)
/home/yanjun/NewDisk/beliefplanning/.venv38/lib/python3.8/site-packages/commonroad/common/file_reader.py:461: UserWarning: Unknown country: Default traffic sign IDs are used. Specified country: vv_
  warnings.warn("Unknown country: Default traffic sign IDs are used. Specified country: " + country)
Time step: 24 | Velocity: 12.27 m/s | Acceleration: 2.14 m/s2
Time step: 25 | Velocity: 12.50 m/s | Acceleration: 2.29 m/s2
Time step: 26 | Velocity: 12.73 m/s | Acceleration: 2.41 m/s2
Time step: 27 | Velocity: 12.98 m/s | Acceleration: 2.52 m/s2
Time step: 28 | Velocity: 13.23 m/s | Acceleration: 2.61 m/s2
Time step: 29 | Velocity: 13.47 m/s | Acceleration: 2.20 m/s2
Time step: 30 | Velocity: 13.67 m/s | Acceleration: 1.76 m/s2
[012/020] evaluating vv_011
agent_planning_problem_id_assignment: {20088: 20095}
Processing dynamic obstacle id: 20044
Processing dynamic obstacle id: 20087
Processing dynamic obstacle id: 20088
--- Initializing prediction network ---
Time step: 0 | Velocity: 11.88 m/s | Acceleration: 0.00 m/s2
Time step: 1 | Velocity: 11.86 m/s | Acceleration: -0.38 m/s2
[FrenetPlanner] timestep=2: using max-risk fallback trajectory
Time step: 2 | Velocity: 11.80 m/s | Acceleration: -0.71 m/s2
[FrenetPlanner] timestep=3: using max-risk fallback trajectory
Time step: 3 | Velocity: 11.72 m/s | Acceleration: -0.98 m/s2
[FrenetPlanner] timestep=4: using max-risk fallback trajectory
Time step: 4 | Velocity: 11.61 m/s | Acceleration: -1.21 m/s2
[FrenetPlanner] timestep=5: using max-risk fallback trajectory
Time step: 5 | Velocity: 11.48 m/s | Acceleration: -1.41 m/s2
[FrenetPlanner] timestep=6: using max-risk fallback trajectory
Time step: 6 | Velocity: 11.33 m/s | Acceleration: -1.57 m/s2
[FrenetPlanner] timestep=7: using max-risk fallback trajectory
Time step: 7 | Velocity: 11.16 m/s | Acceleration: -1.71 m/s2
[FrenetPlanner] timestep=8: using max-risk fallback trajectory
Time step: 8 | Velocity: 10.97 m/s | Acceleration: -2.12 m/s2
[FrenetPlanner] timestep=9: using max-risk fallback trajectory
Time step: 9 | Velocity: 10.74 m/s | Acceleration: -2.46 m/s2
[FrenetPlanner] timestep=10: using max-risk fallback trajectory
Time step: 10 | Velocity: 10.48 m/s | Acceleration: -2.75 m/s2
[FrenetPlanner] timestep=11: using max-risk fallback trajectory
Time step: 11 | Velocity: 10.19 m/s | Acceleration: -2.99 m/s2
[FrenetPlanner] timestep=12: using max-risk fallback trajectory
Time step: 12 | Velocity: 9.89 m/s | Acceleration: -3.18 m/s2
[FrenetPlanner] timestep=13: using max-risk fallback trajectory
Time step: 13 | Velocity: 9.56 m/s | Acceleration: -3.32 m/s2
[FrenetPlanner] timestep=14: using max-risk fallback trajectory
Time step: 14 | Velocity: 9.22 m/s | Acceleration: -3.41 m/s2
[FrenetPlanner] timestep=15: using max-risk fallback trajectory
Time step: 15 | Velocity: 8.88 m/s | Acceleration: -3.47 m/s2
[FrenetPlanner] timestep=16: using max-risk fallback trajectory
Time step: 16 | Velocity: 8.53 m/s | Acceleration: -3.49 m/s2
[FrenetPlanner] timestep=17: using max-risk fallback trajectory
Time step: 17 | Velocity: 8.18 m/s | Acceleration: -3.48 m/s2
[FrenetPlanner] timestep=18: using max-risk fallback trajectory
Time step: 18 | Velocity: 7.84 m/s | Acceleration: -3.45 m/s2
[FrenetPlanner] timestep=19: using max-risk fallback trajectory
Time step: 19 | Velocity: 7.49 m/s | Acceleration: -3.39 m/s2
[FrenetPlanner] timestep=20: using max-risk fallback trajectory
Time step: 20 | Velocity: 7.16 m/s | Acceleration: -3.32 m/s2
[FrenetPlanner] timestep=21: using max-risk fallback trajectory
Time step: 21 | Velocity: 6.82 m/s | Acceleration: -3.46 m/s2
[FrenetPlanner] timestep=22: using max-risk fallback trajectory
Time step: 22 | Velocity: 6.47 m/s | Acceleration: -3.55 m/s2
[FrenetPlanner] timestep=23: using max-risk fallback trajectory
Time step: 23 | Velocity: 6.11 m/s | Acceleration: -3.60 m/s2
[FrenetPlanner] timestep=24: using max-risk fallback trajectory
Time step: 24 | Velocity: 5.75 m/s | Acceleration: -3.60 m/s2
[FrenetPlanner] timestep=25: using max-risk fallback trajectory
Time step: 25 | Velocity: 5.39 m/s | Acceleration: -3.57 m/s2
[FrenetPlanner] timestep=26: using max-risk fallback trajectory
Time step: 26 | Velocity: 5.04 m/s | Acceleration: -3.51 m/s2
[FrenetPlanner] timestep=27: using max-risk fallback trajectory
Time step: 27 | Velocity: 4.69 m/s | Acceleration: -3.43 m/s2
[FrenetPlanner] timestep=28: using max-risk fallback trajectory
Time step: 28 | Velocity: 4.35 m/s | Acceleration: -3.33 m/s2
[FrenetPlanner] timestep=29: using max-risk fallback trajectory
Time step: 29 | Velocity: 4.02 m/s | Acceleration: -3.21 m/s2
[FrenetPlanner] timestep=30: using max-risk fallback trajectory
Time step: 30 | Velocity: 3.71 m/s | Acceleration: -3.08 m/s2
[FrenetPlanner] timestep=31: using max-risk fallback trajectory
Time step: 31 | Velocity: 3.41 m/s | Acceleration: -2.95 m/s2
Time step: 32 | Velocity: 3.13 m/s | Acceleration: -2.64 m/s2
[FrenetPlanner] timestep=33: using max-risk fallback trajectory
Time step: 33 | Velocity: 2.91 m/s | Acceleration: -1.75 m/s2
[FrenetPlanner] timestep=34: using max-risk fallback trajectory
Time step: 34 | Velocity: 2.73 m/s | Acceleration: -1.75 m/s2
[FrenetPlanner] timestep=35: using max-risk fallback trajectory
Time step: 35 | Velocity: 2.57 m/s | Acceleration: -1.58 m/s2
[FrenetPlanner] timestep=36: using max-risk fallback trajectory
Time step: 36 | Velocity: 2.41 m/s | Acceleration: -1.57 m/s2
Time step: 37 | Velocity: 2.25 m/s | Acceleration: -1.55 m/s2
recorded/hand-crafted/vv_samples/vv_011.xml >>> list index out of range
[013/020] evaluating vv_012
agent_planning_problem_id_assignment: {20088: 20095}
Processing dynamic obstacle id: 20044
Processing dynamic obstacle id: 20087
Processing dynamic obstacle id: 20088
--- Initializing prediction network ---
Time step: 0 | Velocity: 11.71 m/s | Acceleration: 0.00 m/s2
Time step: 1 | Velocity: 11.69 m/s | Acceleration: -0.38 m/s2
Time step: 2 | Velocity: 11.64 m/s | Acceleration: -0.71 m/s2
Time step: 3 | Velocity: 11.55 m/s | Acceleration: -0.98 m/s2
Time step: 4 | Velocity: 11.46 m/s | Acceleration: -0.83 m/s2
Time step: 5 | Velocity: 11.38 m/s | Acceleration: -0.70 m/s2
Time step: 6 | Velocity: 11.32 m/s | Acceleration: -0.59 m/s2
Time step: 7 | Velocity: 11.26 m/s | Acceleration: -0.50 m/s2
Time step: 8 | Velocity: 11.22 m/s | Acceleration: -0.42 m/s2
Time step: 9 | Velocity: 11.18 m/s | Acceleration: -0.36 m/s2
Time step: 10 | Velocity: 11.14 m/s | Acceleration: -0.40 m/s2
Time step: 11 | Velocity: 11.10 m/s | Acceleration: -0.43 m/s2
Time step: 12 | Velocity: 11.06 m/s | Acceleration: -0.36 m/s2
Time step: 13 | Velocity: 11.04 m/s | Acceleration: -0.12 m/s2
Time step: 14 | Velocity: 11.04 m/s | Acceleration: 0.09 m/s2
Time step: 15 | Velocity: 11.05 m/s | Acceleration: 0.27 m/s2
Time step: 16 | Velocity: 11.09 m/s | Acceleration: 0.42 m/s2
Time step: 17 | Velocity: 11.14 m/s | Acceleration: 0.55 m/s2
Time step: 18 | Velocity: 11.20 m/s | Acceleration: 0.65 m/s2
Time step: 19 | Velocity: 11.28 m/s | Acceleration: 1.03 m/s2
Time step: 20 | Velocity: 11.40 m/s | Acceleration: 1.35 m/s2
Time step: 21 | Velocity: 11.55 m/s | Acceleration: 1.62 m/s2
Time step: 22 | Velocity: 11.72 m/s | Acceleration: 1.85 m/s2
Time step: 23 | Velocity: 11.92 m/s | Acceleration: 2.04 m/s2
Time step: 24 | Velocity: 12.13 m/s | Acceleration: 2.20 m/s2
Time step: 25 | Velocity: 12.36 m/s | Acceleration: 2.34 m/s2
Time step: 26 | Velocity: 12.60 m/s | Acceleration: 2.46 m/s2
Time step: 27 | Velocity: 12.85 m/s | Acceleration: 2.55 m/s2
Time step: 28 | Velocity: 13.11 m/s | Acceleration: 2.64 m/s2
Time step: 29 | Velocity: 13.38 m/s | Acceleration: 2.71 m/s2
Time step: 30 | Velocity: 13.65 m/s | Acceleration: 2.77 m/s2
Time step: 31 | Velocity: 13.93 m/s | Acceleration: 2.82 m/s2
[014/020] evaluating vv_013
agent_planning_problem_id_assignment: {20088: 20095}
Processing dynamic obstacle id: 20044
Processing dynamic obstacle id: 20087
Processing dynamic obstacle id: 20088
--- Initializing prediction network ---
Time step: 0 | Velocity: 11.64 m/s | Acceleration: 0.00 m/s2
Time step: 1 | Velocity: 11.62 m/s | Acceleration: -0.38 m/s2
Time step: 2 | Velocity: 11.57 m/s | Acceleration: -0.71 m/s2
Time step: 3 | Velocity: 11.50 m/s | Acceleration: -0.69 m/s2
Time step: 4 | Velocity: 11.43 m/s | Acceleration: -0.68 m/s2
Time step: 5 | Velocity: 11.36 m/s | Acceleration: -0.58 m/s2
Time step: 6 | Velocity: 11.31 m/s | Acceleration: -0.49 m/s2
Time step: 7 | Velocity: 11.27 m/s | Acceleration: -0.41 m/s2
Time step: 8 | Velocity: 11.23 m/s | Acceleration: -0.35 m/s2
Time step: 9 | Velocity: 11.20 m/s | Acceleration: -0.29 m/s2
Time step: 10 | Velocity: 11.17 m/s | Acceleration: -0.25 m/s2
Time step: 11 | Velocity: 11.15 m/s | Acceleration: -0.21 m/s2
Time step: 12 | Velocity: 11.13 m/s | Acceleration: -0.18 m/s2
Time step: 13 | Velocity: 11.12 m/s | Acceleration: 0.04 m/s2
Time step: 14 | Velocity: 11.13 m/s | Acceleration: 0.23 m/s2
Time step: 15 | Velocity: 11.16 m/s | Acceleration: 0.38 m/s2
Time step: 16 | Velocity: 11.21 m/s | Acceleration: 0.52 m/s2
Time step: 17 | Velocity: 11.27 m/s | Acceleration: 0.63 m/s2
Time step: 18 | Velocity: 11.33 m/s | Acceleration: 0.72 m/s2
Time step: 19 | Velocity: 11.41 m/s | Acceleration: 0.80 m/s2
Time step: 20 | Velocity: 11.51 m/s | Acceleration: 1.16 m/s2
Time step: 21 | Velocity: 11.64 m/s | Acceleration: 1.46 m/s2
Time step: 22 | Velocity: 11.80 m/s | Acceleration: 1.71 m/s2
Time step: 23 | Velocity: 11.98 m/s | Acceleration: 1.92 m/s2
Time step: 24 | Velocity: 12.18 m/s | Acceleration: 2.10 m/s2
Time step: 25 | Velocity: 12.40 m/s | Acceleration: 2.26 m/s2
Time step: 26 | Velocity: 12.63 m/s | Acceleration: 2.39 m/s2
Time step: 27 | Velocity: 12.88 m/s | Acceleration: 2.49 m/s2
Time step: 28 | Velocity: 13.13 m/s | Acceleration: 2.59 m/s2
Time step: 29 | Velocity: 13.38 m/s | Acceleration: 2.38 m/s2
Time step: 30 | Velocity: 13.61 m/s | Acceleration: 2.20 m/s2
[015/020] evaluating vv_014
agent_planning_problem_id_assignment: {20088: 20095}
Processing dynamic obstacle id: 20044
Processing dynamic obstacle id: 20087
Processing dynamic obstacle id: 20088
--- Initializing prediction network ---
Time step: 0 | Velocity: 12.19 m/s | Acceleration: 0.00 m/s2
Time step: 1 | Velocity: 12.17 m/s | Acceleration: -0.38 m/s2
[FrenetPlanner] timestep=2: using max-risk fallback trajectory
Time step: 2 | Velocity: 12.12 m/s | Acceleration: -0.71 m/s2
[FrenetPlanner] timestep=3: using max-risk fallback trajectory
Time step: 3 | Velocity: 12.03 m/s | Acceleration: -0.98 m/s2
[FrenetPlanner] timestep=4: using max-risk fallback trajectory
Time step: 4 | Velocity: 11.92 m/s | Acceleration: -1.21 m/s2
[FrenetPlanner] timestep=5: using max-risk fallback trajectory
Time step: 5 | Velocity: 11.79 m/s | Acceleration: -1.41 m/s2
[FrenetPlanner] timestep=6: using max-risk fallback trajectory
Time step: 6 | Velocity: 11.64 m/s | Acceleration: -1.57 m/s2
Time step: 7 | Velocity: 11.48 m/s | Acceleration: -1.71 m/s2
Time step: 8 | Velocity: 11.32 m/s | Acceleration: -1.45 m/s2
Time step: 9 | Velocity: 11.19 m/s | Acceleration: -1.22 m/s2
Time step: 10 | Velocity: 11.07 m/s | Acceleration: -1.03 m/s2
Time step: 11 | Velocity: 10.98 m/s | Acceleration: -0.87 m/s2
Time step: 12 | Velocity: 10.90 m/s | Acceleration: -0.74 m/s2
Time step: 13 | Velocity: 10.84 m/s | Acceleration: -0.43 m/s2
Time step: 14 | Velocity: 10.81 m/s | Acceleration: -0.17 m/s2
Time step: 15 | Velocity: 10.80 m/s | Acceleration: 0.05 m/s2
Time step: 16 | Velocity: 10.82 m/s | Acceleration: 0.23 m/s2
Time step: 17 | Velocity: 10.85 m/s | Acceleration: 0.39 m/s2
Time step: 18 | Velocity: 10.89 m/s | Acceleration: 0.52 m/s2
Time step: 19 | Velocity: 10.97 m/s | Acceleration: 0.92 m/s2
Time step: 20 | Velocity: 11.07 m/s | Acceleration: 1.25 m/s2
Time step: 21 | Velocity: 11.21 m/s | Acceleration: 1.54 m/s2
Time step: 22 | Velocity: 11.38 m/s | Acceleration: 1.78 m/s2
Time step: 23 | Velocity: 11.57 m/s | Acceleration: 1.98 m/s2
Time step: 24 | Velocity: 11.78 m/s | Acceleration: 2.15 m/s2
Time step: 25 | Velocity: 12.00 m/s | Acceleration: 2.30 m/s2
Time step: 26 | Velocity: 12.23 m/s | Acceleration: 2.42 m/s2
Time step: 27 | Velocity: 12.47 m/s | Acceleration: 2.24 m/s2
Time step: 28 | Velocity: 12.68 m/s | Acceleration: 2.08 m/s2
Time step: 29 | Velocity: 12.88 m/s | Acceleration: 1.95 m/s2
Time step: 30 | Velocity: 13.09 m/s | Acceleration: 2.13 m/s2
Time step: 31 | Velocity: 13.31 m/s | Acceleration: 2.28 m/s2
[016/020] evaluating vv_015
agent_planning_problem_id_assignment: {20088: 20095}
Processing dynamic obstacle id: 20044
Processing dynamic obstacle id: 20087
Processing dynamic obstacle id: 20088
--- Initializing prediction network ---
Time step: 0 | Velocity: 11.50 m/s | Acceleration: 0.00 m/s2
Time step: 1 | Velocity: 11.48 m/s | Acceleration: -0.38 m/s2
Time step: 2 | Velocity: 11.42 m/s | Acceleration: -0.71 m/s2
Time step: 3 | Velocity: 11.34 m/s | Acceleration: -0.98 m/s2
Time step: 4 | Velocity: 11.23 m/s | Acceleration: -1.21 m/s2
Time step: 5 | Velocity: 11.10 m/s | Acceleration: -1.41 m/s2
[FrenetPlanner] timestep=6: using max-risk fallback trajectory
Time step: 6 | Velocity: 10.95 m/s | Acceleration: -1.57 m/s2
Time step: 7 | Velocity: 10.78 m/s | Acceleration: -1.71 m/s2
Time step: 8 | Velocity: 10.59 m/s | Acceleration: -2.12 m/s2
Time step: 9 | Velocity: 10.36 m/s | Acceleration: -2.46 m/s2
[FrenetPlanner] timestep=10: using max-risk fallback trajectory
Time step: 10 | Velocity: 10.10 m/s | Acceleration: -2.74 m/s2
[FrenetPlanner] timestep=11: using max-risk fallback trajectory
Time step: 11 | Velocity: 9.82 m/s | Acceleration: -2.97 m/s2
[FrenetPlanner] timestep=12: using max-risk fallback trajectory
Time step: 12 | Velocity: 9.51 m/s | Acceleration: -3.13 m/s2
[FrenetPlanner] timestep=13: using max-risk fallback trajectory
Time step: 13 | Velocity: 9.19 m/s | Acceleration: -3.25 m/s2
[FrenetPlanner] timestep=14: using max-risk fallback trajectory
Time step: 14 | Velocity: 8.86 m/s | Acceleration: -3.33 m/s2
[FrenetPlanner] timestep=15: using max-risk fallback trajectory
Time step: 15 | Velocity: 8.53 m/s | Acceleration: -3.37 m/s2
[FrenetPlanner] timestep=16: using max-risk fallback trajectory
Time step: 16 | Velocity: 8.19 m/s | Acceleration: -3.38 m/s2
[FrenetPlanner] timestep=17: using max-risk fallback trajectory
Time step: 17 | Velocity: 7.85 m/s | Acceleration: -3.36 m/s2
[FrenetPlanner] timestep=18: using max-risk fallback trajectory
Time step: 18 | Velocity: 7.52 m/s | Acceleration: -3.32 m/s2
[FrenetPlanner] timestep=19: using max-risk fallback trajectory
Time step: 19 | Velocity: 7.19 m/s | Acceleration: -3.26 m/s2
[FrenetPlanner] timestep=20: using max-risk fallback trajectory
Time step: 20 | Velocity: 6.85 m/s | Acceleration: -3.42 m/s2
[FrenetPlanner] timestep=21: using max-risk fallback trajectory
Time step: 21 | Velocity: 6.51 m/s | Acceleration: -3.52 m/s2
[FrenetPlanner] timestep=22: using max-risk fallback trajectory
Time step: 22 | Velocity: 6.15 m/s | Acceleration: -3.57 m/s2
[FrenetPlanner] timestep=23: using max-risk fallback trajectory
Time step: 23 | Velocity: 5.79 m/s | Acceleration: -3.58 m/s2
[FrenetPlanner] timestep=24: using max-risk fallback trajectory
Time step: 24 | Velocity: 5.44 m/s | Acceleration: -3.56 m/s2
[FrenetPlanner] timestep=25: using max-risk fallback trajectory
Time step: 25 | Velocity: 5.08 m/s | Acceleration: -3.51 m/s2
[FrenetPlanner] timestep=26: using max-risk fallback trajectory
Time step: 26 | Velocity: 4.74 m/s | Acceleration: -3.43 m/s2
[FrenetPlanner] timestep=27: using max-risk fallback trajectory
Time step: 27 | Velocity: 4.40 m/s | Acceleration: -3.33 m/s2
[FrenetPlanner] timestep=28: using max-risk fallback trajectory
Time step: 28 | Velocity: 4.07 m/s | Acceleration: -3.22 m/s2
[FrenetPlanner] timestep=29: using max-risk fallback trajectory
Time step: 29 | Velocity: 3.76 m/s | Acceleration: -3.10 m/s2
[FrenetPlanner] timestep=30: using max-risk fallback trajectory
Time step: 30 | Velocity: 3.45 m/s | Acceleration: -2.96 m/s2
[FrenetPlanner] timestep=31: using max-risk fallback trajectory
Time step: 31 | Velocity: 3.16 m/s | Acceleration: -2.82 m/s2
[FrenetPlanner] timestep=32: using max-risk fallback trajectory
Time step: 32 | Velocity: 2.89 m/s | Acceleration: -2.67 m/s2
[FrenetPlanner] timestep=33: using max-risk fallback trajectory
Time step: 33 | Velocity: 2.63 m/s | Acceleration: -2.52 m/s2
[FrenetPlanner] timestep=34: using max-risk fallback trajectory
Time step: 34 | Velocity: 2.38 m/s | Acceleration: -2.37 m/s2
[FrenetPlanner] timestep=35: using max-risk fallback trajectory
/home/yanjun/NewDisk/beliefplanning/.venv38/lib/python3.8/site-packages/prediction/main.py:410: FutureWarning: You are using `torch.load` with `weights_only=False` (the current default value), which uses the default pickle module implicitly. It is possible to construct malicious pickle data which will execute arbitrary code during unpickling (See https://github.com/pytorch/pytorch/blob/main/SECURITY.md#untrusted-models for more details). In a future release, the default value for `weights_only` will be flipped to `True`. This limits the functions that could be executed during unpickling. Arbitrary objects will no longer be allowed to be loaded via this mode unless they are explicitly allowlisted by the user via `torch.serialization.add_safe_globals`. We recommend you start setting `weights_only=True` for any use case where you don't have full control of the loaded file. Please open an issue on GitHub for any issues related to this experimental feature.
  saved_model_dict = torch.load(self.model_path)
/home/yanjun/NewDisk/beliefplanning/.venv38/lib/python3.8/site-packages/commonroad/scenario/scenario.py:314: UserWarning: Not a valid scenario id: vv_014
  warnings.warn('Not a valid scenario id: ' + benchmark_id)
/home/yanjun/NewDisk/beliefplanning/.venv38/lib/python3.8/site-packages/commonroad/common/file_reader.py:461: UserWarning: Unknown country: Default traffic sign IDs are used. Specified country: vv_
  warnings.warn("Unknown country: Default traffic sign IDs are used. Specified country: " + country)
/home/yanjun/NewDisk/beliefplanning/.venv38/lib/python3.8/site-packages/prediction/main.py:410: FutureWarning: You are using `torch.load` with `weights_only=False` (the current default value), which uses the default pickle module implicitly. It is possible to construct malicious pickle data which will execute arbitrary code during unpickling (See https://github.com/pytorch/pytorch/blob/main/SECURITY.md#untrusted-models for more details). In a future release, the default value for `weights_only` will be flipped to `True`. This limits the functions that could be executed during unpickling. Arbitrary objects will no longer be allowed to be loaded via this mode unless they are explicitly allowlisted by the user via `torch.serialization.add_safe_globals`. We recommend you start setting `weights_only=True` for any use case where you don't have full control of the loaded file. Please open an issue on GitHub for any issues related to this experimental feature.
  saved_model_dict = torch.load(self.model_path)
/home/yanjun/NewDisk/beliefplanning/.venv38/lib/python3.8/site-packages/commonroad/scenario/scenario.py:314: UserWarning: Not a valid scenario id: vv_015
  warnings.warn('Not a valid scenario id: ' + benchmark_id)
/home/yanjun/NewDisk/beliefplanning/.venv38/lib/python3.8/site-packages/commonroad/common/file_reader.py:461: UserWarning: Unknown country: Default traffic sign IDs are used. Specified country: vv_
  warnings.warn("Unknown country: Default traffic sign IDs are used. Specified country: " + country)
/home/yanjun/NewDisk/beliefplanning/.venv38/lib/python3.8/site-packages/prediction/main.py:410: FutureWarning: You are using `torch.load` with `weights_only=False` (the current default value), which uses the default pickle module implicitly. It is possible to construct malicious pickle data which will execute arbitrary code during unpickling (See https://github.com/pytorch/pytorch/blob/main/SECURITY.md#untrusted-models for more details). In a future release, the default value for `weights_only` will be flipped to `True`. This limits the functions that could be executed during unpickling. Arbitrary objects will no longer be allowed to be loaded via this mode unless they are explicitly allowlisted by the user via `torch.serialization.add_safe_globals`. We recommend you start setting `weights_only=True` for any use case where you don't have full control of the loaded file. Please open an issue on GitHub for any issues related to this experimental feature.
  saved_model_dict = torch.load(self.model_path)
Traceback (most recent call last):
  File "test_fot_junction/evaluate_vv_batch.py", line 83, in eval_scenario
    self._simulate()
  File "/home/yanjun/NewDisk/method_branches/beliefplanning_robust_single/beliefplanning/planner/plannertools/scenario_handler.py", line 279, in _simulate
    self._check_collision_simple(agent=agent, time_step=time_step)
  File "/home/yanjun/NewDisk/method_branches/beliefplanning_robust_single/beliefplanning/planner/plannertools/scenario_handler.py", line 662, in _check_collision_simple
    raise NoLocalTrajectoryFoundError("Collision detected.")
commonroad_helper_functions.exceptions.NoLocalTrajectoryFoundError: Collision detected.
/home/yanjun/NewDisk/beliefplanning/.venv38/lib/python3.8/site-packages/commonroad/scenario/scenario.py:314: UserWarning: Not a valid scenario id: vv_016
  warnings.warn('Not a valid scenario id: ' + benchmark_id)
/home/yanjun/NewDisk/beliefplanning/.venv38/lib/python3.8/site-packages/commonroad/common/file_reader.py:461: UserWarning: Unknown country: Default traffic sign IDs are used. Specified country: vv_
  warnings.warn("Unknown country: Default traffic sign IDs are used. Specified country: " + country)
/home/yanjun/NewDisk/beliefplanning/.venv38/lib/python3.8/site-packages/prediction/main.py:410: FutureWarning: You are using `torch.load` with `weights_only=False` (the current default value), which uses the default pickle module implicitly. It is possible to construct malicious pickle data which will execute arbitrary code during unpickling (See https://github.com/pytorch/pytorch/blob/main/SECURITY.md#untrusted-models for more details). In a future release, the default value for `weights_only` will be flipped to `True`. This limits the functions that could be executed during unpickling. Arbitrary objects will no longer be allowed to be loaded via this mode unless they are explicitly allowlisted by the user via `torch.serialization.add_safe_globals`. We recommend you start setting `weights_only=True` for any use case where you don't have full control of the loaded file. Please open an issue on GitHub for any issues related to this experimental feature.
  saved_model_dict = torch.load(self.model_path)
Traceback (most recent call last):
  File "test_fot_junction/evaluate_vv_batch.py", line 83, in eval_scenario
    self._simulate()
  File "/home/yanjun/NewDisk/method_branches/beliefplanning_robust_single/beliefplanning/planner/plannertools/scenario_handler.py", line 279, in _simulate
    self._check_collision_simple(agent=agent, time_step=time_step)
  File "/home/yanjun/NewDisk/method_branches/beliefplanning_robust_single/beliefplanning/planner/plannertools/scenario_handler.py", line 662, in _check_collision_simple
    raise NoLocalTrajectoryFoundError("Collision detected.")
commonroad_helper_functions.exceptions.NoLocalTrajectoryFoundError: Collision detected.
/home/yanjun/NewDisk/beliefplanning/.venv38/lib/python3.8/site-packages/commonroad/scenario/scenario.py:314: UserWarning: Not a valid scenario id: vv_017
  warnings.warn('Not a valid scenario id: ' + benchmark_id)
/home/yanjun/NewDisk/beliefplanning/.venv38/lib/python3.8/site-packages/commonroad/common/file_reader.py:461: UserWarning: Unknown country: Default traffic sign IDs are used. Specified country: vv_
  warnings.warn("Unknown country: Default traffic sign IDs are used. Specified country: " + country)
Time step: 35 | Velocity: 2.15 m/s | Acceleration: -2.22 m/s2
[FrenetPlanner] timestep=36: using max-risk fallback trajectory
Time step: 36 | Velocity: 1.94 m/s | Acceleration: -2.08 m/s2
[FrenetPlanner] timestep=37: using max-risk fallback trajectory
Time step: 37 | Velocity: 1.74 m/s | Acceleration: -1.93 m/s2
[FrenetPlanner] timestep=38: using max-risk fallback trajectory
Time step: 38 | Velocity: 1.55 m/s | Acceleration: -1.79 m/s2
[FrenetPlanner] timestep=39: using max-risk fallback trajectory
Time step: 39 | Velocity: 1.38 m/s | Acceleration: -1.66 m/s2
recorded/hand-crafted/vv_samples/vv_015.xml >>> Collision detected.
[017/020] evaluating vv_016
agent_planning_problem_id_assignment: {20088: 20095}
Processing dynamic obstacle id: 20044
Processing dynamic obstacle id: 20087
Processing dynamic obstacle id: 20088
--- Initializing prediction network ---
Time step: 0 | Velocity: 12.10 m/s | Acceleration: 0.00 m/s2
Time step: 1 | Velocity: 12.08 m/s | Acceleration: -0.38 m/s2
Time step: 2 | Velocity: 12.03 m/s | Acceleration: -0.71 m/s2
Time step: 3 | Velocity: 11.94 m/s | Acceleration: -0.98 m/s2
[FrenetPlanner] timestep=4: using max-risk fallback trajectory
Time step: 4 | Velocity: 11.83 m/s | Acceleration: -1.21 m/s2
[FrenetPlanner] timestep=5: using max-risk fallback trajectory
Time step: 5 | Velocity: 11.70 m/s | Acceleration: -1.41 m/s2
[FrenetPlanner] timestep=6: using max-risk fallback trajectory
Time step: 6 | Velocity: 11.55 m/s | Acceleration: -1.57 m/s2
[FrenetPlanner] timestep=7: using max-risk fallback trajectory
Time step: 7 | Velocity: 11.39 m/s | Acceleration: -1.71 m/s2
[FrenetPlanner] timestep=8: using max-risk fallback trajectory
Time step: 8 | Velocity: 11.20 m/s | Acceleration: -2.12 m/s2
[FrenetPlanner] timestep=9: using max-risk fallback trajectory
Time step: 9 | Velocity: 10.97 m/s | Acceleration: -2.46 m/s2
[FrenetPlanner] timestep=10: using max-risk fallback trajectory
Time step: 10 | Velocity: 10.71 m/s | Acceleration: -2.75 m/s2
[FrenetPlanner] timestep=11: using max-risk fallback trajectory
Time step: 11 | Velocity: 10.42 m/s | Acceleration: -2.99 m/s2
[FrenetPlanner] timestep=12: using max-risk fallback trajectory
Time step: 12 | Velocity: 10.11 m/s | Acceleration: -3.20 m/s2
[FrenetPlanner] timestep=13: using max-risk fallback trajectory
Time step: 13 | Velocity: 9.78 m/s | Acceleration: -3.35 m/s2
[FrenetPlanner] timestep=14: using max-risk fallback trajectory
Time step: 14 | Velocity: 9.44 m/s | Acceleration: -3.46 m/s2
[FrenetPlanner] timestep=15: using max-risk fallback trajectory
Time step: 15 | Velocity: 9.09 m/s | Acceleration: -3.52 m/s2
[FrenetPlanner] timestep=16: using max-risk fallback trajectory
Time step: 16 | Velocity: 8.74 m/s | Acceleration: -3.55 m/s2
[FrenetPlanner] timestep=17: using max-risk fallback trajectory
Time step: 17 | Velocity: 8.38 m/s | Acceleration: -3.54 m/s2
[FrenetPlanner] timestep=18: using max-risk fallback trajectory
Time step: 18 | Velocity: 8.03 m/s | Acceleration: -3.52 m/s2
[FrenetPlanner] timestep=19: using max-risk fallback trajectory
Time step: 19 | Velocity: 7.68 m/s | Acceleration: -3.47 m/s2
[FrenetPlanner] timestep=20: using max-risk fallback trajectory
Time step: 20 | Velocity: 7.34 m/s | Acceleration: -3.40 m/s2
[FrenetPlanner] timestep=21: using max-risk fallback trajectory
Time step: 21 | Velocity: 6.99 m/s | Acceleration: -3.55 m/s2
[FrenetPlanner] timestep=22: using max-risk fallback trajectory
Time step: 22 | Velocity: 6.63 m/s | Acceleration: -3.64 m/s2
[FrenetPlanner] timestep=23: using max-risk fallback trajectory
Time step: 23 | Velocity: 6.27 m/s | Acceleration: -3.68 m/s2
[FrenetPlanner] timestep=24: using max-risk fallback trajectory
Time step: 24 | Velocity: 5.90 m/s | Acceleration: -3.69 m/s2
[FrenetPlanner] timestep=25: using max-risk fallback trajectory
Time step: 25 | Velocity: 5.53 m/s | Acceleration: -3.66 m/s2
[FrenetPlanner] timestep=26: using max-risk fallback trajectory
Time step: 26 | Velocity: 5.17 m/s | Acceleration: -3.60 m/s2
[FrenetPlanner] timestep=27: using max-risk fallback trajectory
Time step: 27 | Velocity: 4.81 m/s | Acceleration: -3.52 m/s2
[FrenetPlanner] timestep=28: using max-risk fallback trajectory
Time step: 28 | Velocity: 4.46 m/s | Acceleration: -3.41 m/s2
[FrenetPlanner] timestep=29: using max-risk fallback trajectory
Time step: 29 | Velocity: 4.13 m/s | Acceleration: -3.29 m/s2
[FrenetPlanner] timestep=30: using max-risk fallback trajectory
Time step: 30 | Velocity: 3.81 m/s | Acceleration: -3.16 m/s2
[FrenetPlanner] timestep=31: using max-risk fallback trajectory
Time step: 31 | Velocity: 3.50 m/s | Acceleration: -3.02 m/s2
[FrenetPlanner] timestep=32: using max-risk fallback trajectory
Time step: 32 | Velocity: 3.20 m/s | Acceleration: -2.87 m/s2
[FrenetPlanner] timestep=33: using max-risk fallback trajectory
Time step: 33 | Velocity: 2.92 m/s | Acceleration: -2.72 m/s2
recorded/hand-crafted/vv_samples/vv_016.xml >>> Collision detected.
[018/020] evaluating vv_017
agent_planning_problem_id_assignment: {20088: 20095}
Processing dynamic obstacle id: 20044
Processing dynamic obstacle id: 20087
Processing dynamic obstacle id: 20088
--- Initializing prediction network ---
Time step: 0 | Velocity: 11.49 m/s | Acceleration: 0.00 m/s2
Time step: 1 | Velocity: 11.47 m/s | Acceleration: -0.38 m/s2
[FrenetPlanner] timestep=2: using max-risk fallback trajectory
Time step: 2 | Velocity: 11.42 m/s | Acceleration: -0.71 m/s2
[FrenetPlanner] timestep=3: using max-risk fallback trajectory
Time step: 3 | Velocity: 11.33 m/s | Acceleration: -0.98 m/s2
[FrenetPlanner] timestep=4: using max-risk fallback trajectory
Time step: 4 | Velocity: 11.22 m/s | Acceleration: -1.21 m/s2
[FrenetPlanner] timestep=5: using max-risk fallback trajectory
Time step: 5 | Velocity: 11.09 m/s | Acceleration: -1.41 m/s2
[FrenetPlanner] timestep=6: using max-risk fallback trajectory
Time step: 6 | Velocity: 10.94 m/s | Acceleration: -1.57 m/s2
[FrenetPlanner] timestep=7: using max-risk fallback trajectory
Time step: 7 | Velocity: 10.78 m/s | Acceleration: -1.71 m/s2
[FrenetPlanner] timestep=8: using max-risk fallback trajectory
Time step: 8 | Velocity: 10.59 m/s | Acceleration: -2.12 m/s2
[FrenetPlanner] timestep=9: using max-risk fallback trajectory
Time step: 9 | Velocity: 10.36 m/s | Acceleration: -2.46 m/s2
[FrenetPlanner] timestep=10: using max-risk fallback trajectory
Time step: 10 | Velocity: 10.10 m/s | Acceleration: -2.74 m/s2
[FrenetPlanner] timestep=11: using max-risk fallback trajectory
Time step: 11 | Velocity: 9.81 m/s | Acceleration: -2.97 m/s2
[FrenetPlanner] timestep=12: using max-risk fallback trajectory
Time step: 12 | Velocity: 9.51 m/s | Acceleration: -3.13 m/s2
[FrenetPlanner] timestep=13: using max-risk fallback trajectory
Time step: 13 | Velocity: 9.19 m/s | Acceleration: -3.25 m/s2
[FrenetPlanner] timestep=14: using max-risk fallback trajectory
Time step: 14 | Velocity: 8.86 m/s | Acceleration: -3.33 m/s2
[FrenetPlanner] timestep=15: using max-risk fallback trajectory
Time step: 15 | Velocity: 8.52 m/s | Acceleration: -3.37 m/s2
[FrenetPlanner] timestep=16: using max-risk fallback trajectory
Time step: 16 | Velocity: 8.19 m/s | Acceleration: -3.38 m/s2
[FrenetPlanner] timestep=17: using max-risk fallback trajectory
Time step: 17 | Velocity: 7.85 m/s | Acceleration: -3.36 m/s2
[FrenetPlanner] timestep=18: using max-risk fallback trajectory
Time step: 18 | Velocity: 7.52 m/s | Acceleration: -3.32 m/s2
[FrenetPlanner] timestep=19: using max-risk fallback trajectory
Time step: 19 | Velocity: 7.19 m/s | Acceleration: -3.26 m/s2
[FrenetPlanner] timestep=20: using max-risk fallback trajectory
Time step: 20 | Velocity: 6.85 m/s | Acceleration: -3.42 m/s2
[FrenetPlanner] timestep=21: using max-risk fallback trajectory
Time step: 21 | Velocity: 6.51 m/s | Acceleration: -3.52 m/s2
[FrenetPlanner] timestep=22: using max-risk fallback trajectory
Time step: 22 | Velocity: 6.15 m/s | Acceleration: -3.57 m/s2
[FrenetPlanner] timestep=23: using max-risk fallback trajectory
Time step: 23 | Velocity: 5.79 m/s | Acceleration: -3.58 m/s2
[FrenetPlanner] timestep=24: using max-risk fallback trajectory
Time step: 24 | Velocity: 5.44 m/s | Acceleration: -3.56 m/s2
[FrenetPlanner] timestep=25: using max-risk fallback trajectory
Time step: 25 | Velocity: 5.08 m/s | Acceleration: -3.51 m/s2
[FrenetPlanner] timestep=26: using max-risk fallback trajectory
Time step: 26 | Velocity: 4.74 m/s | Acceleration: -3.43 m/s2
[FrenetPlanner] timestep=27: using max-risk fallback trajectory
Time step: 27 | Velocity: 4.40 m/s | Acceleration: -3.33 m/s2
[FrenetPlanner] timestep=28: using max-risk fallback trajectory
Time step: 28 | Velocity: 4.07 m/s | Acceleration: -3.22 m/s2
[FrenetPlanner] timestep=29: using max-risk fallback trajectory
Time step: 29 | Velocity: 3.75 m/s | Acceleration: -3.09 m/s2
[FrenetPlanner] timestep=30: using max-risk fallback trajectory
Time step: 30 | Velocity: 3.45 m/s | Acceleration: -2.96 m/s2
[FrenetPlanner] timestep=31: using max-risk fallback trajectory
Time step: 31 | Velocity: 3.16 m/s | Acceleration: -2.82 m/s2
[FrenetPlanner] timestep=32: using max-risk fallback trajectory
Time step: 32 | Velocity: 2.89 m/s | Acceleration: -2.67 m/s2
[FrenetPlanner] timestep=33: using max-risk fallback trajectory
Time step: 33 | Velocity: 2.63 m/s | Acceleration: -2.52 m/s2
[FrenetPlanner] timestep=34: using max-risk fallback trajectory
Time step: 34 | Velocity: 2.38 m/s | Acceleration: -2.37 m/s2
[FrenetPlanner] timestep=35: using max-risk fallback trajectory
Time step: 35 | Velocity: 2.15 m/s | Acceleration: -2.22 m/s2
[FrenetPlanner] timestep=36: using max-risk fallback trajectory
Time step: 36 | Velocity: 1.94 m/s | Acceleration: -2.07 m/s2
recorded/hand-crafted/vv_samples/vv_017.xml >>> Collision detected.
[019/020] evaluating vv_018
agent_planning_problem_id_assignment: {20088: 20095}
Processing dynamic obstacle id: 20044
Processing dynamic obstacle id: 20087
Processing dynamic obstacle id: 20088
--- Initializing prediction network ---
Time step: 0 | Velocity: 12.37 m/s | Acceleration: 0.00 m/s2
Time step: 1 | Velocity: 12.36 m/s | Acceleration: -0.38 m/s2
[FrenetPlanner] timestep=2: using max-risk fallback trajectory
Time step: 2 | Velocity: 12.30 m/s | Acceleration: -0.71 m/s2
[FrenetPlanner] timestep=3: using max-risk fallback trajectory
Time step: 3 | Velocity: 12.22 m/s | Acceleration: -0.98 m/s2
[FrenetPlanner] timestep=4: using max-risk fallback trajectory
Time step: 4 | Velocity: 12.11 m/s | Acceleration: -1.21 m/s2
[FrenetPlanner] timestep=5: using max-risk fallback trajectory
Time step: 5 | Velocity: 11.97 m/s | Acceleration: -1.41 m/s2
[FrenetPlanner] timestep=6: using max-risk fallback trajectory
Time step: 6 | Velocity: 11.83 m/s | Acceleration: -1.57 m/s2
[FrenetPlanner] timestep=7: using max-risk fallback trajectory
Time step: 7 | Velocity: 11.66 m/s | Acceleration: -1.71 m/s2
[FrenetPlanner] timestep=8: using max-risk fallback trajectory
Time step: 8 | Velocity: 11.47 m/s | Acceleration: -2.12 m/s2
[FrenetPlanner] timestep=9: using max-risk fallback trajectory
Time step: 9 | Velocity: 11.24 m/s | Acceleration: -2.46 m/s2
[FrenetPlanner] timestep=10: using max-risk fallback trajectory
Time step: 10 | Velocity: 10.98 m/s | Acceleration: -2.75 m/s2
[FrenetPlanner] timestep=11: using max-risk fallback trajectory
Time step: 11 | Velocity: 10.69 m/s | Acceleration: -2.99 m/s2
[FrenetPlanner] timestep=12: using max-risk fallback trajectory
Time step: 12 | Velocity: 10.38 m/s | Acceleration: -3.20 m/s2
[FrenetPlanner] timestep=13: using max-risk fallback trajectory
Time step: 13 | Velocity: 10.05 m/s | Acceleration: -3.37 m/s2
[FrenetPlanner] timestep=14: using max-risk fallback trajectory
Time step: 14 | Velocity: 9.71 m/s | Acceleration: -3.49 m/s2
[FrenetPlanner] timestep=15: using max-risk fallback trajectory
Time step: 15 | Velocity: 9.36 m/s | Acceleration: -3.57 m/s2
[FrenetPlanner] timestep=16: using max-risk fallback trajectory
Time step: 16 | Velocity: 9.00 m/s | Acceleration: -3.61 m/s2
[FrenetPlanner] timestep=17: using max-risk fallback trajectory
Time step: 17 | Velocity: 8.64 m/s | Acceleration: -3.62 m/s2
[FrenetPlanner] timestep=18: using max-risk fallback trajectory
Time step: 18 | Velocity: 8.28 m/s | Acceleration: -3.60 m/s2
[FrenetPlanner] timestep=19: using max-risk fallback trajectory
Time step: 19 | Velocity: 7.92 m/s | Acceleration: -3.55 m/s2
Time step: 20 | Velocity: 7.57 m/s | Acceleration: -3.49 m/s2
Time step: 21 | Velocity: 7.26 m/s | Acceleration: -2.70 m/s2
Time step: 22 | Velocity: 7.03 m/s | Acceleration: -1.80 m/s2
Time step: 23 | Velocity: 6.89 m/s | Acceleration: -1.04 m/s2
Time step: 24 | Velocity: 6.82 m/s | Acceleration: -0.40 m/s2
Time step: 25 | Velocity: 6.81 m/s | Acceleration: 0.14 m/s2
Time step: 26 | Velocity: 6.84 m/s | Acceleration: 0.60 m/s2
Time step: 27 | Velocity: 6.92 m/s | Acceleration: 0.98 m/s2
Time step: 28 | Velocity: 7.04 m/s | Acceleration: 1.31 m/s2
Time step: 29 | Velocity: 7.18 m/s | Acceleration: 1.59 m/s2
Time step: 30 | Velocity: 7.31 m/s | Acceleration: 0.91 m/s2
Time step: 31 | Velocity: 7.37 m/s | Acceleration: 0.32 m/s2
Time step: 32 | Velocity: 7.38 m/s | Acceleration: -0.17 m/s2
Time step: 33 | Velocity: 7.34 m/s | Acceleration: -0.59 m/s2
Time step: 34 | Velocity: 7.26 m/s | Acceleration: -0.95 m/s2
Time step: 35 | Velocity: 7.15 m/s | Acceleration: -1.24 m/s2
Time step: 36 | Velocity: 7.06 m/s | Acceleration: -0.57 m/s2
Time step: 37 | Velocity: 7.03 m/s | Acceleration: 0.00 m/s2
Time step: 38 | Velocity: 7.06 m/s | Acceleration: 0.48 m/s2
Time step: 39 | Velocity: 7.13 m/s | Acceleration: 0.88 m/s2
Time step: 40 | Velocity: 7.23 m/s | Acceleration: 1.23 m/s2
Time step: 41 | Velocity: 7.32 m/s | Acceleration: 0.60 m/s2
Time step: 42 | Velocity: 7.35 m/s | Acceleration: 0.06 m/s2
Time step: 43 | Velocity: 7.34 m/s | Acceleration: -0.39 m/s2
Time step: 44 | Velocity: 7.28 m/s | Acceleration: -0.78 m/s2
[020/020] evaluating vv_019
agent_planning_problem_id_assignment: {20088: 20095}
Processing dynamic obstacle id: 20044
Processing dynamic obstacle id: 20087
Processing dynamic obstacle id: 20088
--- Initializing prediction network ---
Time step: 0 | Velocity: 12.31 m/s | Acceleration: 0.00 m/s2
Time step: 1 | Velocity: 12.29 m/s | Acceleration: -0.38 m/s2
Time step: 2 | Velocity: 12.23 m/s | Acceleration: -0.71 m/s2
[FrenetPlanner] timestep=3: using max-risk fallback trajectory
Time step: 3 | Velocity: 12.15 m/s | Acceleration: -0.98 m/s2
[FrenetPlanner] timestep=4: using max-risk fallback trajectory
Time step: 4 | Velocity: 12.04 m/s | Acceleration: -1.21 m/s2
[FrenetPlanner] timestep=5: using max-risk fallback trajectory
Time step: 5 | Velocity: 11.91 m/s | Acceleration: -1.41 m/s2
[FrenetPlanner] timestep=6: using max-risk fallback trajectory
Time step: 6 | Velocity: 11.76 m/s | Acceleration: -1.57 m/s2
[FrenetPlanner] timestep=7: using max-risk fallback trajectory
Time step: 7 | Velocity: 11.59 m/s | Acceleration: -1.71 m/s2
[FrenetPlanner] timestep=8: using max-risk fallback trajectory
Time step: 8 | Velocity: 11.40 m/s | Acceleration: -2.12 m/s2
[FrenetPlanner] timestep=9: using max-risk fallback trajectory
Time step: 9 | Velocity: 11.17 m/s | Acceleration: -2.46 m/s2
[FrenetPlanner] timestep=10: using max-risk fallback trajectory
Time step: 10 | Velocity: 10.91 m/s | Acceleration: -2.75 m/s2
[FrenetPlanner] timestep=11: using max-risk fallback trajectory
Time step: 11 | Velocity: 10.63 m/s | Acceleration: -2.99 m/s2
[FrenetPlanner] timestep=12: using max-risk fallback trajectory
Time step: 12 | Velocity: 10.32 m/s | Acceleration: -3.20 m/s2
[FrenetPlanner] timestep=13: using max-risk fallback trajectory
Time step: 13 | Velocity: 9.99 m/s | Acceleration: -3.37 m/s2
[FrenetPlanner] timestep=14: using max-risk fallback trajectory
Time step: 14 | Velocity: 9.65 m/s | Acceleration: -3.48 m/s2
[FrenetPlanner] timestep=15: using max-risk fallback trajectory
Time step: 15 | Velocity: 9.29 m/s | Acceleration: -3.56 m/s2
[FrenetPlanner] timestep=16: using max-risk fallback trajectory
Time step: 16 | Velocity: 8.94 m/s | Acceleration: -3.59 m/s2
[FrenetPlanner] timestep=17: using max-risk fallback trajectory
Time step: 17 | Velocity: 8.58 m/s | Acceleration: -3.60 m/s2
[FrenetPlanner] timestep=18: using max-risk fallback trajectory
/home/yanjun/NewDisk/beliefplanning/.venv38/lib/python3.8/site-packages/prediction/main.py:410: FutureWarning: You are using `torch.load` with `weights_only=False` (the current default value), which uses the default pickle module implicitly. It is possible to construct malicious pickle data which will execute arbitrary code during unpickling (See https://github.com/pytorch/pytorch/blob/main/SECURITY.md#untrusted-models for more details). In a future release, the default value for `weights_only` will be flipped to `True`. This limits the functions that could be executed during unpickling. Arbitrary objects will no longer be allowed to be loaded via this mode unless they are explicitly allowlisted by the user via `torch.serialization.add_safe_globals`. We recommend you start setting `weights_only=True` for any use case where you don't have full control of the loaded file. Please open an issue on GitHub for any issues related to this experimental feature.
  saved_model_dict = torch.load(self.model_path)
Traceback (most recent call last):
  File "test_fot_junction/evaluate_vv_batch.py", line 83, in eval_scenario
    self._simulate()
  File "/home/yanjun/NewDisk/method_branches/beliefplanning_robust_single/beliefplanning/planner/plannertools/scenario_handler.py", line 279, in _simulate
    self._check_collision_simple(agent=agent, time_step=time_step)
  File "/home/yanjun/NewDisk/method_branches/beliefplanning_robust_single/beliefplanning/planner/plannertools/scenario_handler.py", line 662, in _check_collision_simple
    raise NoLocalTrajectoryFoundError("Collision detected.")
commonroad_helper_functions.exceptions.NoLocalTrajectoryFoundError: Collision detected.
/home/yanjun/NewDisk/beliefplanning/.venv38/lib/python3.8/site-packages/commonroad/scenario/scenario.py:314: UserWarning: Not a valid scenario id: vv_018
  warnings.warn('Not a valid scenario id: ' + benchmark_id)
/home/yanjun/NewDisk/beliefplanning/.venv38/lib/python3.8/site-packages/commonroad/common/file_reader.py:461: UserWarning: Unknown country: Default traffic sign IDs are used. Specified country: vv_
  warnings.warn("Unknown country: Default traffic sign IDs are used. Specified country: " + country)
/home/yanjun/NewDisk/beliefplanning/.venv38/lib/python3.8/site-packages/prediction/main.py:410: FutureWarning: You are using `torch.load` with `weights_only=False` (the current default value), which uses the default pickle module implicitly. It is possible to construct malicious pickle data which will execute arbitrary code during unpickling (See https://github.com/pytorch/pytorch/blob/main/SECURITY.md#untrusted-models for more details). In a future release, the default value for `weights_only` will be flipped to `True`. This limits the functions that could be executed during unpickling. Arbitrary objects will no longer be allowed to be loaded via this mode unless they are explicitly allowlisted by the user via `torch.serialization.add_safe_globals`. We recommend you start setting `weights_only=True` for any use case where you don't have full control of the loaded file. Please open an issue on GitHub for any issues related to this experimental feature.
  saved_model_dict = torch.load(self.model_path)
/home/yanjun/NewDisk/beliefplanning/.venv38/lib/python3.8/site-packages/commonroad/scenario/scenario.py:314: UserWarning: Not a valid scenario id: vv_019
  warnings.warn('Not a valid scenario id: ' + benchmark_id)
/home/yanjun/NewDisk/beliefplanning/.venv38/lib/python3.8/site-packages/commonroad/common/file_reader.py:461: UserWarning: Unknown country: Default traffic sign IDs are used. Specified country: vv_
  warnings.warn("Unknown country: Default traffic sign IDs are used. Specified country: " + country)
/home/yanjun/NewDisk/beliefplanning/.venv38/lib/python3.8/site-packages/prediction/main.py:410: FutureWarning: You are using `torch.load` with `weights_only=False` (the current default value), which uses the default pickle module implicitly. It is possible to construct malicious pickle data which will execute arbitrary code during unpickling (See https://github.com/pytorch/pytorch/blob/main/SECURITY.md#untrusted-models for more details). In a future release, the default value for `weights_only` will be flipped to `True`. This limits the functions that could be executed during unpickling. Arbitrary objects will no longer be allowed to be loaded via this mode unless they are explicitly allowlisted by the user via `torch.serialization.add_safe_globals`. We recommend you start setting `weights_only=True` for any use case where you don't have full control of the loaded file. Please open an issue on GitHub for any issues related to this experimental feature.
  saved_model_dict = torch.load(self.model_path)
Traceback (most recent call last):
  File "test_fot_junction/evaluate_vv_batch.py", line 83, in eval_scenario
    self._simulate()
  File "/home/yanjun/NewDisk/method_branches/beliefplanning_robust_single/beliefplanning/planner/plannertools/scenario_handler.py", line 279, in _simulate
    self._check_collision_simple(agent=agent, time_step=time_step)
  File "/home/yanjun/NewDisk/method_branches/beliefplanning_robust_single/beliefplanning/planner/plannertools/scenario_handler.py", line 662, in _check_collision_simple
    raise NoLocalTrajectoryFoundError("Collision detected.")
commonroad_helper_functions.exceptions.NoLocalTrajectoryFoundError: Collision detected.
Time step: 18 | Velocity: 8.22 m/s | Acceleration: -3.58 m/s2
[FrenetPlanner] timestep=19: using max-risk fallback trajectory
Time step: 19 | Velocity: 7.86 m/s | Acceleration: -3.53 m/s2
[FrenetPlanner] timestep=20: using max-risk fallback trajectory
Time step: 20 | Velocity: 7.51 m/s | Acceleration: -3.47 m/s2
[FrenetPlanner] timestep=21: using max-risk fallback trajectory
Time step: 21 | Velocity: 7.17 m/s | Acceleration: -3.38 m/s2
[FrenetPlanner] timestep=22: using max-risk fallback trajectory
Time step: 22 | Velocity: 6.82 m/s | Acceleration: -3.52 m/s2
[FrenetPlanner] timestep=23: using max-risk fallback trajectory
Time step: 23 | Velocity: 6.47 m/s | Acceleration: -3.60 m/s2
[FrenetPlanner] timestep=24: using max-risk fallback trajectory
Time step: 24 | Velocity: 6.11 m/s | Acceleration: -3.64 m/s2
[FrenetPlanner] timestep=25: using max-risk fallback trajectory
Time step: 25 | Velocity: 5.74 m/s | Acceleration: -3.63 m/s2
[FrenetPlanner] timestep=26: using max-risk fallback trajectory
Time step: 26 | Velocity: 5.38 m/s | Acceleration: -3.60 m/s2
[FrenetPlanner] timestep=27: using max-risk fallback trajectory
Time step: 27 | Velocity: 5.02 m/s | Acceleration: -3.53 m/s2
[FrenetPlanner] timestep=28: using max-risk fallback trajectory
Time step: 28 | Velocity: 4.67 m/s | Acceleration: -3.45 m/s2
[FrenetPlanner] timestep=29: using max-risk fallback trajectory
Time step: 29 | Velocity: 4.33 m/s | Acceleration: -3.34 m/s2
[FrenetPlanner] timestep=30: using max-risk fallback trajectory
Time step: 30 | Velocity: 4.01 m/s | Acceleration: -3.22 m/s2
[FrenetPlanner] timestep=31: using max-risk fallback trajectory
Time step: 31 | Velocity: 3.69 m/s | Acceleration: -3.09 m/s2
[FrenetPlanner] timestep=32: using max-risk fallback trajectory
Time step: 32 | Velocity: 3.39 m/s | Acceleration: -2.95 m/s2
[FrenetPlanner] timestep=33: using max-risk fallback trajectory
Time step: 33 | Velocity: 3.10 m/s | Acceleration: -2.80 m/s2
[FrenetPlanner] timestep=34: using max-risk fallback trajectory
Time step: 34 | Velocity: 2.83 m/s | Acceleration: -2.65 m/s2
[FrenetPlanner] timestep=35: using max-risk fallback trajectory
Time step: 35 | Velocity: 2.57 m/s | Acceleration: -2.50 m/s2
[FrenetPlanner] timestep=36: using max-risk fallback trajectory
Time step: 36 | Velocity: 2.33 m/s | Acceleration: -2.35 m/s2
recorded/hand-crafted/vv_samples/vv_019.xml >>> Collision detected.
Saved summary to /home/yanjun/NewDisk/beliefplanning/planner/Frenet/results/method_compare_20_v3/robust_single/metrics_summary.json
Saved per-scenario metrics to /home/yanjun/NewDisk/beliefplanning/planner/Frenet/results/method_compare_20_v3/robust_single/metrics_per_scenario.csv
Saved GIFs to /home/yanjun/NewDisk/beliefplanning/planner/Frenet/results/method_compare_20_v3/robust_single/gifs
