[001/100] evaluating BRA_VilaVelha-92_1_T-10
agent_planning_problem_id_assignment: {20088: 20095}
Processing dynamic obstacle id: 20044
Processing dynamic obstacle id: 20087
Processing dynamic obstacle id: 20088
--- Initializing prediction network ---
Time step: 0 | Velocity: 11.91 m/s | Acceleration: 0.00 m/s2
Time step: 1 | Velocity: 11.82 m/s | Acceleration: -1.56 m/s2
Time step: 2 | Velocity: 11.63 m/s | Acceleration: -2.20 m/s2
Time step: 3 | Velocity: 11.40 m/s | Acceleration: -2.47 m/s2
Time step: 4 | Velocity: 11.14 m/s | Acceleration: -2.59 m/s2
Time step: 5 | Velocity: 10.88 m/s | Acceleration: -2.63 m/s2
Time step: 6 | Velocity: 10.61 m/s | Acceleration: -2.65 m/s2
Time step: 7 | Velocity: 10.35 m/s | Acceleration: -2.66 m/s2
Time step: 8 | Velocity: 10.16 m/s | Acceleration: -1.11 m/s2
Time step: 9 | Velocity: 10.13 m/s | Acceleration: 0.32 m/s2
Time step: 10 | Velocity: 10.13 m/s | Acceleration: -0.26 m/s2
Time step: 11 | Velocity: 10.11 m/s | Acceleration: -0.11 m/s2
Time step: 12 | Velocity: 10.20 m/s | Acceleration: 1.90 m/s2
Time step: 13 | Velocity: 10.44 m/s | Acceleration: 2.74 m/s2
Time step: 14 | Velocity: 10.73 m/s | Acceleration: 3.08 m/s2
Time step: 15 | Velocity: 11.05 m/s | Acceleration: 3.23 m/s2
Time step: 16 | Velocity: 11.38 m/s | Acceleration: 3.29 m/s2
Time step: 17 | Velocity: 11.65 m/s | Acceleration: 2.15 m/s2
Time step: 18 | Velocity: 11.74 m/s | Acceleration: -0.29 m/s2
Time step: 19 | Velocity: 11.65 m/s | Acceleration: -1.34 m/s2
Time step: 20 | Velocity: 11.53 m/s | Acceleration: -1.06 m/s2
Time step: 21 | Velocity: 11.44 m/s | Acceleration: -0.73 m/s2
Time step: 22 | Velocity: 11.40 m/s | Acceleration: -0.15 m/s2
Time step: 23 | Velocity: 11.41 m/s | Acceleration: 0.26 m/s2
Time step: 24 | Velocity: 11.48 m/s | Acceleration: 1.10 m/s2
Time step: 25 | Velocity: 11.62 m/s | Acceleration: 1.70 m/s2
Time step: 26 | Velocity: 11.81 m/s | Acceleration: 2.13 m/s2
Time step: 27 | Velocity: 12.04 m/s | Acceleration: 2.43 m/s2
Time step: 28 | Velocity: 12.29 m/s | Acceleration: 2.64 m/s2
Time step: 29 | Velocity: 12.56 m/s | Acceleration: 2.79 m/s2
Time step: 30 | Velocity: 12.85 m/s | Acceleration: 2.90 m/s2
Time step: 31 | Velocity: 13.15 m/s | Acceleration: 3.02 m/s2
Time step: 32 | Velocity: 13.45 m/s | Acceleration: 3.10 m/s2
[002/100] evaluating vv_001
agent_planning_problem_id_assignment: {20088: 20095}
Processing dynamic obstacle id: 20044
Processing dynamic obstacle id: 20087
Processing dynamic obstacle id: 20088
--- Initializing prediction network ---
Time step: 0 | Velocity: 11.84 m/s | Acceleration: 0.00 m/s2
Time step: 1 | Velocity: 11.74 m/s | Acceleration: -1.84 m/s2
Time step: 2 | Velocity: 11.53 m/s | Acceleration: -2.43 m/s2
Time step: 3 | Velocity: 11.27 m/s | Acceleration: -2.62 m/s2
Time step: 4 | Velocity: 11.00 m/s | Acceleration: -2.68 m/s2
Time step: 5 | Velocity: 10.73 m/s | Acceleration: -2.70 m/s2
Time step: 6 | Velocity: 10.46 m/s | Acceleration: -2.71 m/s2
Time step: 7 | Velocity: 10.19 m/s | Acceleration: -2.71 m/s2
Time step: 8 | Velocity: 9.99 m/s | Acceleration: -1.33 m/s2
Time step: 9 | Velocity: 9.88 m/s | Acceleration: -0.89 m/s2
Time step: 10 | Velocity: 9.82 m/s | Acceleration: -0.28 m/s2
Time step: 11 | Velocity: 9.80 m/s | Acceleration: -0.09 m/s2
Time step: 12 | Velocity: 9.70 m/s | Acceleration: -1.87 m/s2
Time step: 13 | Velocity: 9.48 m/s | Acceleration: -2.44 m/s2
Time step: 14 | Velocity: 9.22 m/s | Acceleration: -2.62 m/s2
Time step: 15 | Velocity: 8.95 m/s | Acceleration: -2.68 m/s2
Time step: 16 | Velocity: 8.68 m/s | Acceleration: -2.70 m/s2
Time step: 17 | Velocity: 8.56 m/s | Acceleration: 0.06 m/s2
Time step: 18 | Velocity: 8.69 m/s | Acceleration: 2.32 m/s2
Time step: 19 | Velocity: 8.96 m/s | Acceleration: 3.05 m/s2
Time step: 20 | Velocity: 9.28 m/s | Acceleration: 3.28 m/s2
Time step: 21 | Velocity: 9.62 m/s | Acceleration: 3.43 m/s2
Time step: 22 | Velocity: 9.80 m/s | Acceleration: 0.34 m/s2
Time step: 23 | Velocity: 9.91 m/s | Acceleration: 1.66 m/s2
Time step: 24 | Velocity: 10.01 m/s | Acceleration: 0.53 m/s2
Time step: 25 | Velocity: 10.09 m/s | Acceleration: 1.00 m/s2
Time step: 26 | Velocity: 10.25 m/s | Acceleration: 2.17 m/s2
Time step: 27 | Velocity: 10.48 m/s | Acceleration: 2.46 m/s2
Time step: 28 | Velocity: 10.74 m/s | Acceleration: 2.66 m/s2
Time step: 29 | Velocity: 11.01 m/s | Acceleration: 2.81 m/s2
Time step: 30 | Velocity: 11.30 m/s | Acceleration: 2.94 m/s2
Time step: 31 | Velocity: 11.62 m/s | Acceleration: 3.24 m/s2
Time step: 32 | Velocity: 11.72 m/s | Acceleration: -0.81 m/s2
Time step: 33 | Velocity: 11.57 m/s | Acceleration: -2.10 m/s2
Time step: 34 | Velocity: 11.49 m/s | Acceleration: 0.25 m/s2
Time step: 35 | Velocity: 11.40 m/s | Acceleration: -1.76 m/s2
[003/100] evaluating vv_002
agent_planning_problem_id_assignment: {20088: 20095}
Processing dynamic obstacle id: 20044
Processing dynamic obstacle id: 20087
Processing dynamic obstacle id: 20088
--- Initializing prediction network ---
Time step: 0 | Velocity: 12.19 m/s | Acceleration: 0.00 m/s2
Time step: 1 | Velocity: 12.09 m/s | Acceleration: -1.84 m/s2
Time step: 2 | Velocity: 12.02 m/s | Acceleration: 0.33 m/s2
Time step: 3 | Velocity: 12.17 m/s | Acceleration: 2.41 m/s2
Time step: 4 | Velocity: 12.45 m/s | Acceleration: 3.08 m/s2
Time step: 5 | Velocity: 12.70 m/s | Acceleration: 1.91 m/s2
Time step: 6 | Velocity: 12.87 m/s | Acceleration: 1.53 m/s2
Time step: 7 | Velocity: 12.97 m/s | Acceleration: 0.49 m/s2
Time step: 8 | Velocity: 12.97 m/s | Acceleration: -0.30 m/s2
Time step: 9 | Velocity: 12.85 m/s | Acceleration: -1.94 m/s2
Time step: 10 | Velocity: 12.63 m/s | Acceleration: -2.46 m/s2
Time step: 11 | Velocity: 12.37 m/s | Acceleration: -2.63 m/s2
Time step: 12 | Velocity: 12.10 m/s | Acceleration: -2.69 m/s2
Time step: 13 | Velocity: 11.83 m/s | Acceleration: -2.70 m/s2
Time step: 14 | Velocity: 11.63 m/s | Acceleration: -1.33 m/s2
Time step: 15 | Velocity: 11.55 m/s | Acceleration: -0.42 m/s2
Time step: 16 | Velocity: 11.57 m/s | Acceleration: 0.79 m/s2
Time step: 17 | Velocity: 11.77 m/s | Acceleration: 2.96 m/s2
Time step: 18 | Velocity: 11.94 m/s | Acceleration: 0.49 m/s2
Time step: 19 | Velocity: 11.87 m/s | Acceleration: -1.69 m/s2
Time step: 20 | Velocity: 11.79 m/s | Acceleration: 0.07 m/s2
Time step: 21 | Velocity: 11.90 m/s | Acceleration: 1.98 m/s2
Time step: 22 | Velocity: 12.13 m/s | Acceleration: 2.56 m/s2
Time step: 23 | Velocity: 12.40 m/s | Acceleration: 2.87 m/s2
Time step: 24 | Velocity: 12.70 m/s | Acceleration: 3.02 m/s2
Time step: 25 | Velocity: 13.01 m/s | Acceleration: 3.13 m/s2
Time step: 26 | Velocity: 13.32 m/s | Acceleration: 3.21 m/s2
Time step: 27 | Velocity: 13.65 m/s | Acceleration: 3.28 m/s2
Time step: 28 | Velocity: 13.76 m/s | Acceleration: -0.79 m/s2
Time step: 29 | Velocity: 13.84 m/s | Acceleration: 2.05 m/s2
[004/100] evaluating vv_003
agent_planning_problem_id_assignment: {20088: 20095}
Processing dynamic obstacle id: 20044
Processing dynamic obstacle id: 20087
Processing dynamic obstacle id: 20088
--- Initializing prediction network ---
Time step: 0 | Velocity: 12.23 m/s | Acceleration: 0.00 m/s2
Time step: 1 | Velocity: 12.17 m/s | Acceleration: -1.18 m/s2
Time step: 2 | Velocity: 12.01 m/s | Acceleration: -1.83 m/s2
Time step: 3 | Velocity: 11.86 m/s | Acceleration: -1.29 m/s2
Time step: 4 | Velocity: 11.74 m/s | Acceleration: -1.00 m/s2
Time step: 5 | Velocity: 11.67 m/s | Acceleration: -0.55 m/s2
Time step: 6 | Velocity: 11.70 m/s | Acceleration: 1.18 m/s2
Time step: 7 | Velocity: 11.82 m/s | Acceleration: 1.23 m/s2
Time step: 8 | Velocity: 11.92 m/s | Acceleration: 0.67 m/s2
Time step: 9 | Velocity: 11.95 m/s | Acceleration: 0.07 m/s2
Time step: 10 | Velocity: 11.90 m/s | Acceleration: -1.14 m/s2
Time step: 11 | Velocity: 11.80 m/s | Acceleration: -0.92 m/s2
Time step: 12 | Velocity: 11.71 m/s | Acceleration: -0.80 m/s2
Time step: 13 | Velocity: 11.65 m/s | Acceleration: -0.44 m/s2
Time step: 14 | Velocity: 11.61 m/s | Acceleration: -0.26 m/s2
Time step: 15 | Velocity: 11.59 m/s | Acceleration: -0.16 m/s2
Time step: 16 | Velocity: 11.58 m/s | Acceleration: -0.12 m/s2
/home/yanjun/NewDisk/beliefplanning/.venv38/lib/python3.8/site-packages/commonroad/common/file_reader.py:461: UserWarning: Unknown country: Default traffic sign IDs are used. Specified country: BRA
  warnings.warn("Unknown country: Default traffic sign IDs are used. Specified country: " + country)
/home/yanjun/NewDisk/beliefplanning/.venv38/lib/python3.8/site-packages/prediction/main.py:410: FutureWarning: You are using `torch.load` with `weights_only=False` (the current default value), which uses the default pickle module implicitly. It is possible to construct malicious pickle data which will execute arbitrary code during unpickling (See https://github.com/pytorch/pytorch/blob/main/SECURITY.md#untrusted-models for more details). In a future release, the default value for `weights_only` will be flipped to `True`. This limits the functions that could be executed during unpickling. Arbitrary objects will no longer be allowed to be loaded via this mode unless they are explicitly allowlisted by the user via `torch.serialization.add_safe_globals`. We recommend you start setting `weights_only=True` for any use case where you don't have full control of the loaded file. Please open an issue on GitHub for any issues related to this experimental feature.
  saved_model_dict = torch.load(self.model_path)
/home/yanjun/NewDisk/beliefplanning/.venv38/lib/python3.8/site-packages/commonroad/scenario/scenario.py:314: UserWarning: Not a valid scenario id: vv_001
  warnings.warn('Not a valid scenario id: ' + benchmark_id)
/home/yanjun/NewDisk/beliefplanning/.venv38/lib/python3.8/site-packages/commonroad/common/file_reader.py:461: UserWarning: Unknown country: Default traffic sign IDs are used. Specified country: vv_
  warnings.warn("Unknown country: Default traffic sign IDs are used. Specified country: " + country)
/home/yanjun/NewDisk/beliefplanning/.venv38/lib/python3.8/site-packages/prediction/main.py:410: FutureWarning: You are using `torch.load` with `weights_only=False` (the current default value), which uses the default pickle module implicitly. It is possible to construct malicious pickle data which will execute arbitrary code during unpickling (See https://github.com/pytorch/pytorch/blob/main/SECURITY.md#untrusted-models for more details). In a future release, the default value for `weights_only` will be flipped to `True`. This limits the functions that could be executed during unpickling. Arbitrary objects will no longer be allowed to be loaded via this mode unless they are explicitly allowlisted by the user via `torch.serialization.add_safe_globals`. We recommend you start setting `weights_only=True` for any use case where you don't have full control of the loaded file. Please open an issue on GitHub for any issues related to this experimental feature.
  saved_model_dict = torch.load(self.model_path)
/home/yanjun/NewDisk/beliefplanning/.venv38/lib/python3.8/site-packages/commonroad/scenario/scenario.py:314: UserWarning: Not a valid scenario id: vv_002
  warnings.warn('Not a valid scenario id: ' + benchmark_id)
/home/yanjun/NewDisk/beliefplanning/.venv38/lib/python3.8/site-packages/commonroad/common/file_reader.py:461: UserWarning: Unknown country: Default traffic sign IDs are used. Specified country: vv_
  warnings.warn("Unknown country: Default traffic sign IDs are used. Specified country: " + country)
/home/yanjun/NewDisk/beliefplanning/.venv38/lib/python3.8/site-packages/prediction/main.py:410: FutureWarning: You are using `torch.load` with `weights_only=False` (the current default value), which uses the default pickle module implicitly. It is possible to construct malicious pickle data which will execute arbitrary code during unpickling (See https://github.com/pytorch/pytorch/blob/main/SECURITY.md#untrusted-models for more details). In a future release, the default value for `weights_only` will be flipped to `True`. This limits the functions that could be executed during unpickling. Arbitrary objects will no longer be allowed to be loaded via this mode unless they are explicitly allowlisted by the user via `torch.serialization.add_safe_globals`. We recommend you start setting `weights_only=True` for any use case where you don't have full control of the loaded file. Please open an issue on GitHub for any issues related to this experimental feature.
  saved_model_dict = torch.load(self.model_path)
/home/yanjun/NewDisk/beliefplanning/.venv38/lib/python3.8/site-packages/commonroad/scenario/scenario.py:314: UserWarning: Not a valid scenario id: vv_003
  warnings.warn('Not a valid scenario id: ' + benchmark_id)
/home/yanjun/NewDisk/beliefplanning/.venv38/lib/python3.8/site-packages/commonroad/common/file_reader.py:461: UserWarning: Unknown country: Default traffic sign IDs are used. Specified country: vv_
  warnings.warn("Unknown country: Default traffic sign IDs are used. Specified country: " + country)
/home/yanjun/NewDisk/beliefplanning/.venv38/lib/python3.8/site-packages/prediction/main.py:410: FutureWarning: You are using `torch.load` with `weights_only=False` (the current default value), which uses the default pickle module implicitly. It is possible to construct malicious pickle data which will execute arbitrary code during unpickling (See https://github.com/pytorch/pytorch/blob/main/SECURITY.md#untrusted-models for more details). In a future release, the default value for `weights_only` will be flipped to `True`. This limits the functions that could be executed during unpickling. Arbitrary objects will no longer be allowed to be loaded via this mode unless they are explicitly allowlisted by the user via `torch.serialization.add_safe_globals`. We recommend you start setting `weights_only=True` for any use case where you don't have full control of the loaded file. Please open an issue on GitHub for any issues related to this experimental feature.
  saved_model_dict = torch.load(self.model_path)
/home/yanjun/NewDisk/beliefplanning/.venv38/lib/python3.8/site-packages/commonroad/scenario/scenario.py:314: UserWarning: Not a valid scenario id: vv_004
  warnings.warn('Not a valid scenario id: ' + benchmark_id)
/home/yanjun/NewDisk/beliefplanning/.venv38/lib/python3.8/site-packages/commonroad/common/file_reader.py:461: UserWarning: Unknown country: Default traffic sign IDs are used. Specified country: vv_
  warnings.warn("Unknown country: Default traffic sign IDs are used. Specified country: " + country)
/home/yanjun/NewDisk/beliefplanning/.venv38/lib/python3.8/site-packages/prediction/main.py:410: FutureWarning: You are using `torch.load` with `weights_only=False` (the current default value), which uses the default pickle module implicitly. It is possible to construct malicious pickle data which will execute arbitrary code during unpickling (See https://github.com/pytorch/pytorch/blob/main/SECURITY.md#untrusted-models for more details). In a future release, the default value for `weights_only` will be flipped to `True`. This limits the functions that could be executed during unpickling. Arbitrary objects will no longer be allowed to be loaded via this mode unless they are explicitly allowlisted by the user via `torch.serialization.add_safe_globals`. We recommend you start setting `weights_only=True` for any use case where you don't have full control of the loaded file. Please open an issue on GitHub for any issues related to this experimental feature.
  saved_model_dict = torch.load(self.model_path)
/home/yanjun/NewDisk/beliefplanning/.venv38/lib/python3.8/site-packages/commonroad/scenario/scenario.py:314: UserWarning: Not a valid scenario id: vv_005
  warnings.warn('Not a valid scenario id: ' + benchmark_id)
/home/yanjun/NewDisk/beliefplanning/.venv38/lib/python3.8/site-packages/commonroad/common/file_reader.py:461: UserWarning: Unknown country: Default traffic sign IDs are used. Specified country: vv_
  warnings.warn("Unknown country: Default traffic sign IDs are used. Specified country: " + country)
Time step: 17 | Velocity: 11.57 m/s | Acceleration: -0.08 m/s2
Time step: 18 | Velocity: 11.56 m/s | Acceleration: -0.06 m/s2
Time step: 19 | Velocity: 11.56 m/s | Acceleration: -0.04 m/s2
Time step: 20 | Velocity: 11.57 m/s | Acceleration: 0.34 m/s2
Time step: 21 | Velocity: 11.65 m/s | Acceleration: 1.16 m/s2
Time step: 22 | Velocity: 11.79 m/s | Acceleration: 1.74 m/s2
Time step: 23 | Velocity: 11.99 m/s | Acceleration: 2.15 m/s2
Time step: 24 | Velocity: 12.22 m/s | Acceleration: 2.45 m/s2
Time step: 25 | Velocity: 12.48 m/s | Acceleration: 2.65 m/s2
Time step: 26 | Velocity: 12.75 m/s | Acceleration: 2.80 m/s2
Time step: 27 | Velocity: 13.04 m/s | Acceleration: 2.91 m/s2
Time step: 28 | Velocity: 13.33 m/s | Acceleration: 2.98 m/s2
Time step: 29 | Velocity: 13.63 m/s | Acceleration: 3.04 m/s2
Time step: 30 | Velocity: 13.94 m/s | Acceleration: 3.07 m/s2
[005/100] evaluating vv_004
agent_planning_problem_id_assignment: {20088: 20095}
Processing dynamic obstacle id: 20044
Processing dynamic obstacle id: 20087
Processing dynamic obstacle id: 20088
--- Initializing prediction network ---
Time step: 0 | Velocity: 12.04 m/s | Acceleration: 0.00 m/s2
Time step: 1 | Velocity: 11.94 m/s | Acceleration: -1.84 m/s2
Time step: 2 | Velocity: 11.72 m/s | Acceleration: -2.43 m/s2
Time step: 3 | Velocity: 11.46 m/s | Acceleration: -2.62 m/s2
Time step: 4 | Velocity: 11.20 m/s | Acceleration: -2.68 m/s2
Time step: 5 | Velocity: 10.92 m/s | Acceleration: -2.70 m/s2
Time step: 6 | Velocity: 10.65 m/s | Acceleration: -2.71 m/s2
Time step: 7 | Velocity: 10.38 m/s | Acceleration: -2.71 m/s2
Time step: 8 | Velocity: 10.26 m/s | Acceleration: 0.05 m/s2
Time step: 9 | Velocity: 10.16 m/s | Acceleration: -1.83 m/s2
Time step: 10 | Velocity: 10.04 m/s | Acceleration: -0.58 m/s2
Time step: 11 | Velocity: 10.13 m/s | Acceleration: 2.12 m/s2
Time step: 12 | Velocity: 10.39 m/s | Acceleration: 2.98 m/s2
Time step: 13 | Velocity: 10.71 m/s | Acceleration: 3.26 m/s2
Time step: 14 | Velocity: 11.04 m/s | Acceleration: 3.35 m/s2
Time step: 15 | Velocity: 11.30 m/s | Acceleration: 1.99 m/s2
Time step: 16 | Velocity: 11.33 m/s | Acceleration: -1.21 m/s2
Time step: 17 | Velocity: 11.30 m/s | Acceleration: 0.54 m/s2
Time step: 18 | Velocity: 11.24 m/s | Acceleration: -1.67 m/s2
Time step: 19 | Velocity: 11.03 m/s | Acceleration: -2.38 m/s2
Time step: 20 | Velocity: 10.87 m/s | Acceleration: -0.99 m/s2
Time step: 21 | Velocity: 10.83 m/s | Acceleration: 0.19 m/s2
Time step: 22 | Velocity: 10.92 m/s | Acceleration: 1.58 m/s2
Time step: 23 | Velocity: 11.11 m/s | Acceleration: 2.25 m/s2
Time step: 24 | Velocity: 11.35 m/s | Acceleration: 2.54 m/s2
Time step: 25 | Velocity: 11.62 m/s | Acceleration: 2.72 m/s2
Time step: 26 | Velocity: 11.90 m/s | Acceleration: 2.85 m/s2
Time step: 27 | Velocity: 12.19 m/s | Acceleration: 2.94 m/s2
Time step: 28 | Velocity: 12.40 m/s | Acceleration: 1.35 m/s2
Time step: 29 | Velocity: 12.56 m/s | Acceleration: 1.88 m/s2
Time step: 30 | Velocity: 12.68 m/s | Acceleration: 0.60 m/s2
Time step: 31 | Velocity: 12.62 m/s | Acceleration: -1.65 m/s2
Time step: 32 | Velocity: 12.42 m/s | Acceleration: -2.37 m/s2
[006/100] evaluating vv_005
agent_planning_problem_id_assignment: {20088: 20095}
Processing dynamic obstacle id: 20044
Processing dynamic obstacle id: 20087
Processing dynamic obstacle id: 20088
--- Initializing prediction network ---
Time step: 0 | Velocity: 11.60 m/s | Acceleration: 0.00 m/s2
Time step: 1 | Velocity: 11.50 m/s | Acceleration: -1.84 m/s2
Time step: 2 | Velocity: 11.29 m/s | Acceleration: -2.32 m/s2
Time step: 3 | Velocity: 11.05 m/s | Acceleration: -2.52 m/s2
Time step: 4 | Velocity: 10.79 m/s | Acceleration: -2.61 m/s2
Time step: 5 | Velocity: 10.65 m/s | Acceleration: -0.31 m/s2
Time step: 6 | Velocity: 10.73 m/s | Acceleration: 1.82 m/s2
Time step: 7 | Velocity: 10.96 m/s | Acceleration: 2.70 m/s2
Time step: 8 | Velocity: 11.13 m/s | Acceleration: 0.74 m/s2
Time step: 9 | Velocity: 11.16 m/s | Acceleration: -0.08 m/s2
Time step: 10 | Velocity: 11.07 m/s | Acceleration: -1.59 m/s2
Time step: 11 | Velocity: 10.94 m/s | Acceleration: -1.05 m/s2
Time step: 12 | Velocity: 10.86 m/s | Acceleration: -0.44 m/s2
Time step: 13 | Velocity: 10.87 m/s | Acceleration: 0.60 m/s2
Time step: 14 | Velocity: 10.96 m/s | Acceleration: 1.03 m/s2
Time step: 15 | Velocity: 11.07 m/s | Acceleration: 1.21 m/s2
Time step: 16 | Velocity: 11.20 m/s | Acceleration: 1.28 m/s2
Time step: 17 | Velocity: 11.39 m/s | Acceleration: 2.48 m/s2
Time step: 18 | Velocity: 11.57 m/s | Acceleration: 1.21 m/s2
Time step: 19 | Velocity: 11.66 m/s | Acceleration: 0.66 m/s2
Time step: 20 | Velocity: 11.72 m/s | Acceleration: 0.42 m/s2
Time step: 21 | Velocity: 11.75 m/s | Acceleration: 0.29 m/s2
Time step: 22 | Velocity: 11.82 m/s | Acceleration: 1.12 m/s2
Time step: 23 | Velocity: 11.97 m/s | Acceleration: 1.71 m/s2
Time step: 24 | Velocity: 12.16 m/s | Acceleration: 2.17 m/s2
Time step: 25 | Velocity: 12.39 m/s | Acceleration: 2.46 m/s2
Time step: 26 | Velocity: 12.65 m/s | Acceleration: 2.66 m/s2
Time step: 27 | Velocity: 12.88 m/s | Acceleration: 1.89 m/s2
Time step: 28 | Velocity: 13.04 m/s | Acceleration: 1.34 m/s2
Time step: 29 | Velocity: 13.15 m/s | Acceleration: 0.95 m/s2
Time step: 30 | Velocity: 13.20 m/s | Acceleration: -0.06 m/s2
Time step: 31 | Velocity: 13.24 m/s | Acceleration: 0.88 m/s2
[007/100] evaluating vv_006
agent_planning_problem_id_assignment: {20088: 20095}
Processing dynamic obstacle id: 20044
Processing dynamic obstacle id: 20087
Processing dynamic obstacle id: 20088
--- Initializing prediction network ---
Time step: 0 | Velocity: 12.37 m/s | Acceleration: 0.00 m/s2
Time step: 1 | Velocity: 12.30 m/s | Acceleration: -1.34 m/s2
Time step: 2 | Velocity: 12.13 m/s | Acceleration: -2.00 m/s2
Time step: 3 | Velocity: 11.97 m/s | Acceleration: -1.32 m/s2
Time step: 4 | Velocity: 11.91 m/s | Acceleration: 0.03 m/s2
Time step: 5 | Velocity: 12.00 m/s | Acceleration: 1.69 m/s2
Time step: 6 | Velocity: 12.16 m/s | Acceleration: 1.50 m/s2
Time step: 7 | Velocity: 12.25 m/s | Acceleration: 0.40 m/s2
Time step: 8 | Velocity: 12.28 m/s | Acceleration: 0.20 m/s2
Time step: 9 | Velocity: 12.29 m/s | Acceleration: 0.10 m/s2
Time step: 10 | Velocity: 12.23 m/s | Acceleration: -1.30 m/s2
Time step: 11 | Velocity: 12.06 m/s | Acceleration: -1.98 m/s2
Time step: 12 | Velocity: 11.90 m/s | Acceleration: -1.30 m/s2
Time step: 13 | Velocity: 11.79 m/s | Acceleration: -0.97 m/s2
Time step: 14 | Velocity: 11.71 m/s | Acceleration: -0.48 m/s2
Time step: 15 | Velocity: 11.68 m/s | Acceleration: -0.26 m/s2
Time step: 16 | Velocity: 11.66 m/s | Acceleration: -0.16 m/s2
Time step: 17 | Velocity: 11.64 m/s | Acceleration: -0.10 m/s2
Time step: 18 | Velocity: 11.64 m/s | Acceleration: -0.07 m/s2
Time step: 19 | Velocity: 11.65 m/s | Acceleration: 0.35 m/s2
Time step: 20 | Velocity: 11.73 m/s | Acceleration: 1.17 m/s2
Time step: 21 | Velocity: 11.87 m/s | Acceleration: 1.75 m/s2
Time step: 22 | Velocity: 12.07 m/s | Acceleration: 2.16 m/s2
Time step: 23 | Velocity: 12.30 m/s | Acceleration: 2.45 m/s2
Time step: 24 | Velocity: 12.56 m/s | Acceleration: 2.66 m/s2
Time step: 25 | Velocity: 12.80 m/s | Acceleration: 2.25 m/s2
Time step: 26 | Velocity: 12.99 m/s | Acceleration: 1.60 m/s2
Time step: 27 | Velocity: 13.12 m/s | Acceleration: 0.95 m/s2
Time step: 28 | Velocity: 13.19 m/s | Acceleration: 0.49 m/s2
Time step: 29 | Velocity: 13.20 m/s | Acceleration: -0.38 m/s2
[008/100] evaluating vv_007
agent_planning_problem_id_assignment: {20088: 20095}
Processing dynamic obstacle id: 20044
Processing dynamic obstacle id: 20087
Processing dynamic obstacle id: 20088
--- Initializing prediction network ---
Time step: 0 | Velocity: 11.88 m/s | Acceleration: 0.00 m/s2
Time step: 1 | Velocity: 11.78 m/s | Acceleration: -1.84 m/s2
Time step: 2 | Velocity: 11.56 m/s | Acceleration: -2.43 m/s2
Time step: 3 | Velocity: 11.31 m/s | Acceleration: -2.62 m/s2
Time step: 4 | Velocity: 11.04 m/s | Acceleration: -2.68 m/s2
Time step: 5 | Velocity: 10.77 m/s | Acceleration: -2.70 m/s2
Time step: 6 | Velocity: 10.50 m/s | Acceleration: -2.71 m/s2
/home/yanjun/NewDisk/beliefplanning/.venv38/lib/python3.8/site-packages/prediction/main.py:410: FutureWarning: You are using `torch.load` with `weights_only=False` (the current default value), which uses the default pickle module implicitly. It is possible to construct malicious pickle data which will execute arbitrary code during unpickling (See https://github.com/pytorch/pytorch/blob/main/SECURITY.md#untrusted-models for more details). In a future release, the default value for `weights_only` will be flipped to `True`. This limits the functions that could be executed during unpickling. Arbitrary objects will no longer be allowed to be loaded via this mode unless they are explicitly allowlisted by the user via `torch.serialization.add_safe_globals`. We recommend you start setting `weights_only=True` for any use case where you don't have full control of the loaded file. Please open an issue on GitHub for any issues related to this experimental feature.
  saved_model_dict = torch.load(self.model_path)
/home/yanjun/NewDisk/beliefplanning/.venv38/lib/python3.8/site-packages/commonroad/scenario/scenario.py:314: UserWarning: Not a valid scenario id: vv_006
  warnings.warn('Not a valid scenario id: ' + benchmark_id)
/home/yanjun/NewDisk/beliefplanning/.venv38/lib/python3.8/site-packages/commonroad/common/file_reader.py:461: UserWarning: Unknown country: Default traffic sign IDs are used. Specified country: vv_
  warnings.warn("Unknown country: Default traffic sign IDs are used. Specified country: " + country)
/home/yanjun/NewDisk/beliefplanning/.venv38/lib/python3.8/site-packages/prediction/main.py:410: FutureWarning: You are using `torch.load` with `weights_only=False` (the current default value), which uses the default pickle module implicitly. It is possible to construct malicious pickle data which will execute arbitrary code during unpickling (See https://github.com/pytorch/pytorch/blob/main/SECURITY.md#untrusted-models for more details). In a future release, the default value for `weights_only` will be flipped to `True`. This limits the functions that could be executed during unpickling. Arbitrary objects will no longer be allowed to be loaded via this mode unless they are explicitly allowlisted by the user via `torch.serialization.add_safe_globals`. We recommend you start setting `weights_only=True` for any use case where you don't have full control of the loaded file. Please open an issue on GitHub for any issues related to this experimental feature.
  saved_model_dict = torch.load(self.model_path)
/home/yanjun/NewDisk/beliefplanning/.venv38/lib/python3.8/site-packages/commonroad/scenario/scenario.py:314: UserWarning: Not a valid scenario id: vv_007
  warnings.warn('Not a valid scenario id: ' + benchmark_id)
/home/yanjun/NewDisk/beliefplanning/.venv38/lib/python3.8/site-packages/commonroad/common/file_reader.py:461: UserWarning: Unknown country: Default traffic sign IDs are used. Specified country: vv_
  warnings.warn("Unknown country: Default traffic sign IDs are used. Specified country: " + country)
/home/yanjun/NewDisk/beliefplanning/.venv38/lib/python3.8/site-packages/prediction/main.py:410: FutureWarning: You are using `torch.load` with `weights_only=False` (the current default value), which uses the default pickle module implicitly. It is possible to construct malicious pickle data which will execute arbitrary code during unpickling (See https://github.com/pytorch/pytorch/blob/main/SECURITY.md#untrusted-models for more details). In a future release, the default value for `weights_only` will be flipped to `True`. This limits the functions that could be executed during unpickling. Arbitrary objects will no longer be allowed to be loaded via this mode unless they are explicitly allowlisted by the user via `torch.serialization.add_safe_globals`. We recommend you start setting `weights_only=True` for any use case where you don't have full control of the loaded file. Please open an issue on GitHub for any issues related to this experimental feature.
  saved_model_dict = torch.load(self.model_path)
/home/yanjun/NewDisk/beliefplanning/.venv38/lib/python3.8/site-packages/commonroad/scenario/scenario.py:314: UserWarning: Not a valid scenario id: vv_008
  warnings.warn('Not a valid scenario id: ' + benchmark_id)
/home/yanjun/NewDisk/beliefplanning/.venv38/lib/python3.8/site-packages/commonroad/common/file_reader.py:461: UserWarning: Unknown country: Default traffic sign IDs are used. Specified country: vv_
  warnings.warn("Unknown country: Default traffic sign IDs are used. Specified country: " + country)
/home/yanjun/NewDisk/beliefplanning/.venv38/lib/python3.8/site-packages/prediction/main.py:410: FutureWarning: You are using `torch.load` with `weights_only=False` (the current default value), which uses the default pickle module implicitly. It is possible to construct malicious pickle data which will execute arbitrary code during unpickling (See https://github.com/pytorch/pytorch/blob/main/SECURITY.md#untrusted-models for more details). In a future release, the default value for `weights_only` will be flipped to `True`. This limits the functions that could be executed during unpickling. Arbitrary objects will no longer be allowed to be loaded via this mode unless they are explicitly allowlisted by the user via `torch.serialization.add_safe_globals`. We recommend you start setting `weights_only=True` for any use case where you don't have full control of the loaded file. Please open an issue on GitHub for any issues related to this experimental feature.
  saved_model_dict = torch.load(self.model_path)
/home/yanjun/NewDisk/beliefplanning/.venv38/lib/python3.8/site-packages/commonroad/scenario/scenario.py:314: UserWarning: Not a valid scenario id: vv_009
  warnings.warn('Not a valid scenario id: ' + benchmark_id)
/home/yanjun/NewDisk/beliefplanning/.venv38/lib/python3.8/site-packages/commonroad/common/file_reader.py:461: UserWarning: Unknown country: Default traffic sign IDs are used. Specified country: vv_
  warnings.warn("Unknown country: Default traffic sign IDs are used. Specified country: " + country)
/home/yanjun/NewDisk/beliefplanning/.venv38/lib/python3.8/site-packages/prediction/main.py:410: FutureWarning: You are using `torch.load` with `weights_only=False` (the current default value), which uses the default pickle module implicitly. It is possible to construct malicious pickle data which will execute arbitrary code during unpickling (See https://github.com/pytorch/pytorch/blob/main/SECURITY.md#untrusted-models for more details). In a future release, the default value for `weights_only` will be flipped to `True`. This limits the functions that could be executed during unpickling. Arbitrary objects will no longer be allowed to be loaded via this mode unless they are explicitly allowlisted by the user via `torch.serialization.add_safe_globals`. We recommend you start setting `weights_only=True` for any use case where you don't have full control of the loaded file. Please open an issue on GitHub for any issues related to this experimental feature.
  saved_model_dict = torch.load(self.model_path)
/home/yanjun/NewDisk/beliefplanning/.venv38/lib/python3.8/site-packages/commonroad/scenario/scenario.py:314: UserWarning: Not a valid scenario id: vv_010
  warnings.warn('Not a valid scenario id: ' + benchmark_id)
/home/yanjun/NewDisk/beliefplanning/.venv38/lib/python3.8/site-packages/commonroad/common/file_reader.py:461: UserWarning: Unknown country: Default traffic sign IDs are used. Specified country: vv_
  warnings.warn("Unknown country: Default traffic sign IDs are used. Specified country: " + country)
Time step: 7 | Velocity: 10.22 m/s | Acceleration: -2.71 m/s2
Time step: 8 | Velocity: 10.10 m/s | Acceleration: 0.05 m/s2
Time step: 9 | Velocity: 10.00 m/s | Acceleration: -1.83 m/s2
Time step: 10 | Velocity: 9.94 m/s | Acceleration: 0.34 m/s2
Time step: 11 | Velocity: 9.96 m/s | Acceleration: 0.11 m/s2
Time step: 12 | Velocity: 9.94 m/s | Acceleration: -0.43 m/s2
Time step: 13 | Velocity: 9.81 m/s | Acceleration: -1.98 m/s2
Time step: 14 | Velocity: 9.66 m/s | Acceleration: -1.09 m/s2
Time step: 15 | Velocity: 9.72 m/s | Acceleration: 1.95 m/s2
Time step: 16 | Velocity: 9.97 m/s | Acceleration: 2.93 m/s2
Time step: 17 | Velocity: 10.20 m/s | Acceleration: 1.86 m/s2
Time step: 18 | Velocity: 10.37 m/s | Acceleration: 1.52 m/s2
Time step: 19 | Velocity: 10.52 m/s | Acceleration: 1.41 m/s2
Time step: 20 | Velocity: 10.66 m/s | Acceleration: 1.37 m/s2
Time step: 21 | Velocity: 10.80 m/s | Acceleration: 1.36 m/s2
Time step: 22 | Velocity: 11.01 m/s | Acceleration: 2.74 m/s2
Time step: 23 | Velocity: 11.18 m/s | Acceleration: 0.88 m/s2
Time step: 24 | Velocity: 11.22 m/s | Acceleration: -0.02 m/s2
Time step: 25 | Velocity: 11.26 m/s | Acceleration: 0.66 m/s2
Time step: 26 | Velocity: 11.39 m/s | Acceleration: 1.84 m/s2
Time step: 27 | Velocity: 11.61 m/s | Acceleration: 2.58 m/s2
Time step: 28 | Velocity: 11.81 m/s | Acceleration: 1.49 m/s2
Time step: 29 | Velocity: 11.99 m/s | Acceleration: 1.97 m/s2
Time step: 30 | Velocity: 12.20 m/s | Acceleration: 2.32 m/s2
Time step: 31 | Velocity: 12.45 m/s | Acceleration: 2.56 m/s2
Time step: 32 | Velocity: 12.71 m/s | Acceleration: 2.74 m/s2
Time step: 33 | Velocity: 12.99 m/s | Acceleration: 2.89 m/s2
Time step: 34 | Velocity: 13.08 m/s | Acceleration: -0.92 m/s2
Time step: 35 | Velocity: 12.92 m/s | Acceleration: -2.14 m/s2
[009/100] evaluating vv_008
agent_planning_problem_id_assignment: {20088: 20095}
Processing dynamic obstacle id: 20044
Processing dynamic obstacle id: 20087
Processing dynamic obstacle id: 20088
--- Initializing prediction network ---
Time step: 0 | Velocity: 11.72 m/s | Acceleration: 0.00 m/s2
Time step: 1 | Velocity: 11.65 m/s | Acceleration: -1.34 m/s2
Time step: 2 | Velocity: 11.48 m/s | Acceleration: -2.00 m/s2
Time step: 3 | Velocity: 11.26 m/s | Acceleration: -2.32 m/s2
Time step: 4 | Velocity: 11.02 m/s | Acceleration: -2.48 m/s2
Time step: 5 | Velocity: 10.76 m/s | Acceleration: -2.56 m/s2
Time step: 6 | Velocity: 10.51 m/s | Acceleration: -2.60 m/s2
Time step: 7 | Velocity: 10.24 m/s | Acceleration: -2.62 m/s2
Time step: 8 | Velocity: 10.05 m/s | Acceleration: -1.28 m/s2
Time step: 9 | Velocity: 10.05 m/s | Acceleration: 1.05 m/s2
Time step: 10 | Velocity: 10.05 m/s | Acceleration: -0.83 m/s2
Time step: 11 | Velocity: 9.92 m/s | Acceleration: -1.75 m/s2
Time step: 12 | Velocity: 9.72 m/s | Acceleration: -2.20 m/s2
Time step: 13 | Velocity: 9.49 m/s | Acceleration: -2.42 m/s2
Time step: 14 | Velocity: 9.24 m/s | Acceleration: -2.53 m/s2
Time step: 15 | Velocity: 9.09 m/s | Acceleration: -0.57 m/s2
Time step: 16 | Velocity: 9.14 m/s | Acceleration: 1.40 m/s2
Time step: 17 | Velocity: 9.24 m/s | Acceleration: 0.69 m/s2
Time step: 18 | Velocity: 9.29 m/s | Acceleration: 0.34 m/s2
Time step: 19 | Velocity: 9.39 m/s | Acceleration: 1.66 m/s2
Time step: 20 | Velocity: 9.51 m/s | Acceleration: 0.72 m/s2
Time step: 21 | Velocity: 9.59 m/s | Acceleration: 0.93 m/s2
Time step: 22 | Velocity: 9.72 m/s | Acceleration: 1.63 m/s2
Time step: 23 | Velocity: 9.91 m/s | Acceleration: 2.08 m/s2
Time step: 24 | Velocity: 10.13 m/s | Acceleration: 2.39 m/s2
Time step: 25 | Velocity: 10.38 m/s | Acceleration: 2.62 m/s2
Time step: 26 | Velocity: 10.65 m/s | Acceleration: 2.78 m/s2
Time step: 27 | Velocity: 10.94 m/s | Acceleration: 2.89 m/s2
Time step: 28 | Velocity: 11.23 m/s | Acceleration: 2.97 m/s2
Time step: 29 | Velocity: 11.53 m/s | Acceleration: 3.03 m/s2
Time step: 30 | Velocity: 11.84 m/s | Acceleration: 3.07 m/s2
Time step: 31 | Velocity: 12.15 m/s | Acceleration: 3.12 m/s2
Time step: 32 | Velocity: 12.46 m/s | Acceleration: 3.17 m/s2
Time step: 33 | Velocity: 12.78 m/s | Acceleration: 3.23 m/s2
Time step: 34 | Velocity: 13.11 m/s | Acceleration: 3.26 m/s2
[010/100] evaluating vv_009
agent_planning_problem_id_assignment: {20088: 20095}
Processing dynamic obstacle id: 20044
Processing dynamic obstacle id: 20087
Processing dynamic obstacle id: 20088
--- Initializing prediction network ---
Time step: 0 | Velocity: 11.55 m/s | Acceleration: 0.00 m/s2
Time step: 1 | Velocity: 11.46 m/s | Acceleration: -1.56 m/s2
Time step: 2 | Velocity: 11.46 m/s | Acceleration: 1.30 m/s2
Time step: 3 | Velocity: 11.53 m/s | Acceleration: 0.15 m/s2
Time step: 4 | Velocity: 11.64 m/s | Acceleration: 2.01 m/s2
Time step: 5 | Velocity: 11.88 m/s | Acceleration: 2.78 m/s2
Time step: 6 | Velocity: 12.18 m/s | Acceleration: 3.10 m/s2
Time step: 7 | Velocity: 12.44 m/s | Acceleration: 2.07 m/s2
Time step: 8 | Velocity: 12.62 m/s | Acceleration: 1.64 m/s2
Time step: 9 | Velocity: 12.72 m/s | Acceleration: 0.29 m/s2
Time step: 10 | Velocity: 12.65 m/s | Acceleration: -1.43 m/s2
Time step: 11 | Velocity: 12.47 m/s | Acceleration: -2.15 m/s2
Time step: 12 | Velocity: 12.24 m/s | Acceleration: -2.45 m/s2
Time step: 13 | Velocity: 12.05 m/s | Acceleration: -1.41 m/s2
Time step: 14 | Velocity: 11.93 m/s | Acceleration: -0.98 m/s2
Time step: 15 | Velocity: 11.86 m/s | Acceleration: -0.41 m/s2
Time step: 16 | Velocity: 11.89 m/s | Acceleration: 0.79 m/s2
Time step: 17 | Velocity: 11.81 m/s | Acceleration: -2.10 m/s2
Time step: 18 | Velocity: 11.75 m/s | Acceleration: 0.73 m/s2
Time step: 19 | Velocity: 11.80 m/s | Acceleration: 0.23 m/s2
Time step: 20 | Velocity: 11.81 m/s | Acceleration: 0.07 m/s2
Time step: 21 | Velocity: 11.86 m/s | Acceleration: 0.81 m/s2
Time step: 22 | Velocity: 12.01 m/s | Acceleration: 2.08 m/s2
Time step: 23 | Velocity: 12.24 m/s | Acceleration: 2.61 m/s2
Time step: 24 | Velocity: 12.52 m/s | Acceleration: 2.83 m/s2
Time step: 25 | Velocity: 12.80 m/s | Acceleration: 2.93 m/s2
Time step: 26 | Velocity: 13.10 m/s | Acceleration: 3.01 m/s2
Time step: 27 | Velocity: 13.41 m/s | Acceleration: 3.08 m/s2
Time step: 28 | Velocity: 13.72 m/s | Acceleration: 3.16 m/s2
Time step: 29 | Velocity: 13.86 m/s | Acceleration: -0.24 m/s2
[011/100] evaluating vv_010
agent_planning_problem_id_assignment: {20088: 20095}
Processing dynamic obstacle id: 20044
Processing dynamic obstacle id: 20087
Processing dynamic obstacle id: 20088
--- Initializing prediction network ---
Time step: 0 | Velocity: 12.19 m/s | Acceleration: 0.00 m/s2
Time step: 1 | Velocity: 12.12 m/s | Acceleration: -1.34 m/s2
Time step: 2 | Velocity: 11.95 m/s | Acceleration: -2.00 m/s2
Time step: 3 | Velocity: 11.89 m/s | Acceleration: 0.70 m/s2
Time step: 4 | Velocity: 11.94 m/s | Acceleration: 0.34 m/s2
Time step: 5 | Velocity: 12.05 m/s | Acceleration: 1.85 m/s2
Time step: 6 | Velocity: 12.28 m/s | Acceleration: 2.58 m/s2
Time step: 7 | Velocity: 12.56 m/s | Acceleration: 2.94 m/s2
Time step: 8 | Velocity: 12.75 m/s | Acceleration: 1.11 m/s2
Time step: 9 | Velocity: 12.82 m/s | Acceleration: 0.21 m/s2
Time step: 10 | Velocity: 12.76 m/s | Acceleration: -1.24 m/s2
Time step: 11 | Velocity: 12.60 m/s | Acceleration: -1.95 m/s2
Time step: 12 | Velocity: 12.39 m/s | Acceleration: -2.30 m/s2
Time step: 13 | Velocity: 12.15 m/s | Acceleration: -2.47 m/s2
Time step: 14 | Velocity: 11.96 m/s | Acceleration: -1.21 m/s2
Time step: 15 | Velocity: 11.85 m/s | Acceleration: -0.98 m/s2
Time step: 16 | Velocity: 11.76 m/s | Acceleration: -0.86 m/s2
Time step: 17 | Velocity: 11.68 m/s | Acceleration: -0.79 m/s2
Time step: 18 | Velocity: 11.61 m/s | Acceleration: -0.54 m/s2
Time step: 19 | Velocity: 11.57 m/s | Acceleration: -0.38 m/s2
Time step: 20 | Velocity: 11.58 m/s | Acceleration: 0.64 m/s2
Time step: 21 | Velocity: 11.69 m/s | Acceleration: 1.38 m/s2
Time step: 22 | Velocity: 11.85 m/s | Acceleration: 1.89 m/s2
Time step: 23 | Velocity: 12.06 m/s | Acceleration: 2.26 m/s2
Time step: 24 | Velocity: 12.30 m/s | Acceleration: 2.52 m/s2
Time step: 25 | Velocity: 12.56 m/s | Acceleration: 2.71 m/s2
Time step: 26 | Velocity: 12.84 m/s | Acceleration: 2.84 m/s2
Time step: 27 | Velocity: 13.13 m/s | Acceleration: 2.94 m/s2
Time step: 28 | Velocity: 13.43 m/s | Acceleration: 3.00 m/s2
Time step: 29 | Velocity: 13.73 m/s | Acceleration: 3.05 m/s2
[012/100] evaluating vv_011
agent_planning_problem_id_assignment: {20088: 20095}
Processing dynamic obstacle id: 20044
Processing dynamic obstacle id: 20087
Processing dynamic obstacle id: 20088
--- Initializing prediction network ---
Time step: 0 | Velocity: 11.88 m/s | Acceleration: 0.00 m/s2
Time step: 1 | Velocity: 11.79 m/s | Acceleration: -1.56 m/s2
Time step: 2 | Velocity: 11.60 m/s | Acceleration: -2.20 m/s2
Time step: 3 | Velocity: 11.37 m/s | Acceleration: -2.47 m/s2
Time step: 4 | Velocity: 11.11 m/s | Acceleration: -2.59 m/s2
Time step: 5 | Velocity: 10.85 m/s | Acceleration: -2.63 m/s2
Time step: 6 | Velocity: 10.58 m/s | Acceleration: -2.65 m/s2
Time step: 7 | Velocity: 10.32 m/s | Acceleration: -2.66 m/s2
Time step: 8 | Velocity: 10.13 m/s | Acceleration: -1.11 m/s2
Time step: 9 | Velocity: 10.16 m/s | Acceleration: 1.48 m/s2
Time step: 10 | Velocity: 10.24 m/s | Acceleration: 0.23 m/s2
Time step: 11 | Velocity: 10.36 m/s | Acceleration: 2.04 m/s2
Time step: 12 | Velocity: 10.48 m/s | Acceleration: 0.46 m/s2
Time step: 13 | Velocity: 10.62 m/s | Acceleration: 2.14 m/s2
Time step: 14 | Velocity: 10.87 m/s | Acceleration: 2.83 m/s2
Time step: 15 | Velocity: 11.17 m/s | Acceleration: 3.13 m/s2
Time step: 16 | Velocity: 11.49 m/s | Acceleration: 3.25 m/s2
Time step: 17 | Velocity: 11.82 m/s | Acceleration: 3.27 m/s2
Time step: 18 | Velocity: 12.10 m/s | Acceleration: 2.38 m/s2
Time step: 19 | Velocity: 12.23 m/s | Acceleration: 0.36 m/s2
Time step: 20 | Velocity: 12.26 m/s | Acceleration: 0.24 m/s2
Time step: 21 | Velocity: 12.28 m/s | Acceleration: 0.17 m/s2
Time step: 22 | Velocity: 12.30 m/s | Acceleration: 0.12 m/s2
Time step: 23 | Velocity: 12.32 m/s | Acceleration: 0.45 m/s2
Time step: 24 | Velocity: 12.41 m/s | Acceleration: 1.24 m/s2
Time step: 25 | Velocity: 12.56 m/s | Acceleration: 1.80 m/s2
Time step: 26 | Velocity: 12.76 m/s | Acceleration: 2.19 m/s2
Time step: 27 | Velocity: 13.00 m/s | Acceleration: 2.48 m/s2
Time step: 28 | Velocity: 13.26 m/s | Acceleration: 2.75 m/s2
Time step: 29 | Velocity: 13.54 m/s | Acceleration: 2.94 m/s2
Time step: 30 | Velocity: 13.85 m/s | Acceleration: 3.12 m/s2
Time step: 31 | Velocity: 14.17 m/s | Acceleration: 3.21 m/s2
[013/100] evaluating vv_012
agent_planning_problem_id_assignment: {20088: 20095}
Processing dynamic obstacle id: 20044
Processing dynamic obstacle id: 20087
Processing dynamic obstacle id: 20088
--- Initializing prediction network ---
Time step: 0 | Velocity: 11.71 m/s | Acceleration: 0.00 m/s2
Time step: 1 | Velocity: 11.63 m/s | Acceleration: -1.56 m/s2
Time step: 2 | Velocity: 11.44 m/s | Acceleration: -2.20 m/s2
Time step: 3 | Velocity: 11.20 m/s | Acceleration: -2.47 m/s2
Time step: 4 | Velocity: 10.94 m/s | Acceleration: -2.59 m/s2
Time step: 5 | Velocity: 10.81 m/s | Acceleration: -0.30 m/s2
Time step: 6 | Velocity: 10.83 m/s | Acceleration: 0.65 m/s2
Time step: 7 | Velocity: 10.91 m/s | Acceleration: 1.05 m/s2
Time step: 8 | Velocity: 11.03 m/s | Acceleration: 1.22 m/s2
Time step: 9 | Velocity: 11.15 m/s | Acceleration: 1.28 m/s2
Time step: 10 | Velocity: 11.16 m/s | Acceleration: -1.02 m/s2
Time step: 11 | Velocity: 11.01 m/s | Acceleration: -1.98 m/s2
Time step: 12 | Velocity: 10.85 m/s | Acceleration: -1.21 m/s2
Time step: 13 | Velocity: 10.81 m/s | Acceleration: 0.27 m/s2
Time step: 14 | Velocity: 10.87 m/s | Acceleration: 0.89 m/s2
Time step: 15 | Velocity: 10.97 m/s | Acceleration: 1.15 m/s2
Time step: 16 | Velocity: 11.09 m/s | Acceleration: 1.26 m/s2
Time step: 17 | Velocity: 11.22 m/s | Acceleration: 1.30 m/s2
Time step: 18 | Velocity: 11.32 m/s | Acceleration: 0.64 m/s2
Time step: 19 | Velocity: 11.39 m/s | Acceleration: 0.94 m/s2
Time step: 20 | Velocity: 11.50 m/s | Acceleration: 1.07 m/s2
Time step: 21 | Velocity: 11.61 m/s | Acceleration: 1.13 m/s2
Time step: 22 | Velocity: 11.72 m/s | Acceleration: 1.17 m/s2
Time step: 23 | Velocity: 11.87 m/s | Acceleration: 1.75 m/s2
Time step: 24 | Velocity: 12.06 m/s | Acceleration: 2.16 m/s2
Time step: 25 | Velocity: 12.29 m/s | Acceleration: 2.45 m/s2
Time step: 26 | Velocity: 12.55 m/s | Acceleration: 2.66 m/s2
Time step: 27 | Velocity: 12.82 m/s | Acceleration: 2.80 m/s2
Time step: 28 | Velocity: 13.08 m/s | Acceleration: 2.36 m/s2
Time step: 29 | Velocity: 13.30 m/s | Acceleration: 2.04 m/s2
Time step: 30 | Velocity: 13.47 m/s | Acceleration: 1.27 m/s2
Time step: 31 | Velocity: 13.54 m/s | Acceleration: 0.17 m/s2
[014/100] evaluating vv_013
agent_planning_problem_id_assignment: {20088: 20095}
Processing dynamic obstacle id: 20044
Processing dynamic obstacle id: 20087
Processing dynamic obstacle id: 20088
--- Initializing prediction network ---
Time step: 0 | Velocity: 11.64 m/s | Acceleration: 0.00 m/s2
Time step: 1 | Velocity: 11.56 m/s | Acceleration: -1.56 m/s2
Time step: 2 | Velocity: 11.37 m/s | Acceleration: -2.20 m/s2
Time step: 3 | Velocity: 11.13 m/s | Acceleration: -2.47 m/s2
Time step: 4 | Velocity: 11.00 m/s | Acceleration: -0.25 m/s2
Time step: 5 | Velocity: 11.02 m/s | Acceleration: 0.67 m/s2
Time step: 6 | Velocity: 11.11 m/s | Acceleration: 1.06 m/s2
Time step: 7 | Velocity: 11.23 m/s | Acceleration: 1.22 m/s2
Time step: 8 | Velocity: 11.35 m/s | Acceleration: 1.29 m/s2
Time step: 9 | Velocity: 11.48 m/s | Acceleration: 1.31 m/s2
Time step: 10 | Velocity: 11.49 m/s | Acceleration: -1.01 m/s2
Time step: 11 | Velocity: 11.40 m/s | Acceleration: -0.81 m/s2
Time step: 12 | Velocity: 11.32 m/s | Acceleration: -0.73 m/s2
Time step: 13 | Velocity: 11.27 m/s | Acceleration: -0.30 m/s2
Time step: 14 | Velocity: 11.25 m/s | Acceleration: -0.13 m/s2
Time step: 15 | Velocity: 11.29 m/s | Acceleration: 0.73 m/s2
Time step: 16 | Velocity: 11.38 m/s | Acceleration: 1.08 m/s2
Time step: 17 | Velocity: 11.46 m/s | Acceleration: 0.53 m/s2
Time step: 18 | Velocity: 11.50 m/s | Acceleration: 0.29 m/s2
Time step: 19 | Velocity: 11.54 m/s | Acceleration: 0.66 m/s2
Time step: 20 | Velocity: 11.62 m/s | Acceleration: 0.85 m/s2
Time step: 21 | Velocity: 11.74 m/s | Acceleration: 1.52 m/s2
Time step: 22 | Velocity: 11.92 m/s | Acceleration: 2.00 m/s2
Time step: 23 | Velocity: 12.13 m/s | Acceleration: 2.34 m/s2
Time step: 24 | Velocity: 12.38 m/s | Acceleration: 2.58 m/s2
Time step: 25 | Velocity: 12.65 m/s | Acceleration: 2.75 m/s2
Time step: 26 | Velocity: 12.93 m/s | Acceleration: 2.87 m/s2
Time step: 27 | Velocity: 13.22 m/s | Acceleration: 2.95 m/s2
Time step: 28 | Velocity: 13.52 m/s | Acceleration: 3.02 m/s2
Time step: 29 | Velocity: 13.79 m/s | Acceleration: 2.51 m/s2
Time step: 30 | Velocity: 13.97 m/s | Acceleration: 1.05 m/s2
[015/100] evaluating vv_014
agent_planning_problem_id_assignment: {20088: 20095}
Processing dynamic obstacle id: 20044
Processing dynamic obstacle id: 20087
Processing dynamic obstacle id: 20088
--- Initializing prediction network ---
Time step: 0 | Velocity: 12.19 m/s | Acceleration: 0.00 m/s2
Time step: 1 | Velocity: 12.12 m/s | Acceleration: -1.34 m/s2
Time step: 2 | Velocity: 12.11 m/s | Acceleration: 1.02 m/s2
Time step: 3 | Velocity: 12.27 m/s | Acceleration: 2.18 m/s2
Time step: 4 | Velocity: 12.52 m/s | Acceleration: 2.75 m/s2
Time step: 5 | Velocity: 12.81 m/s | Acceleration: 3.02 m/s2
Time step: 6 | Velocity: 13.12 m/s | Acceleration: 3.16 m/s2
Time step: 7 | Velocity: 13.39 m/s | Acceleration: 2.22 m/s2
Time step: 8 | Velocity: 13.54 m/s | Acceleration: 0.75 m/s2
Time step: 9 | Velocity: 13.52 m/s | Acceleration: -0.98 m/s2
Time step: 10 | Velocity: 13.38 m/s | Acceleration: -1.82 m/s2
Time step: 11 | Velocity: 13.17 m/s | Acceleration: -2.24 m/s2
Time step: 12 | Velocity: 12.94 m/s | Acceleration: -2.44 m/s2
Time step: 13 | Velocity: 12.69 m/s | Acceleration: -2.54 m/s2
Time step: 14 | Velocity: 12.43 m/s | Acceleration: -2.57 m/s2
Time step: 15 | Velocity: 12.17 m/s | Acceleration: -2.57 m/s2
Time step: 16 | Velocity: 11.95 m/s | Acceleration: -1.86 m/s2
Time step: 17 | Velocity: 11.80 m/s | Acceleration: -1.28 m/s2
/home/yanjun/NewDisk/beliefplanning/.venv38/lib/python3.8/site-packages/prediction/main.py:410: FutureWarning: You are using `torch.load` with `weights_only=False` (the current default value), which uses the default pickle module implicitly. It is possible to construct malicious pickle data which will execute arbitrary code during unpickling (See https://github.com/pytorch/pytorch/blob/main/SECURITY.md#untrusted-models for more details). In a future release, the default value for `weights_only` will be flipped to `True`. This limits the functions that could be executed during unpickling. Arbitrary objects will no longer be allowed to be loaded via this mode unless they are explicitly allowlisted by the user via `torch.serialization.add_safe_globals`. We recommend you start setting `weights_only=True` for any use case where you don't have full control of the loaded file. Please open an issue on GitHub for any issues related to this experimental feature.
  saved_model_dict = torch.load(self.model_path)
/home/yanjun/NewDisk/beliefplanning/.venv38/lib/python3.8/site-packages/commonroad/scenario/scenario.py:314: UserWarning: Not a valid scenario id: vv_011
  warnings.warn('Not a valid scenario id: ' + benchmark_id)
/home/yanjun/NewDisk/beliefplanning/.venv38/lib/python3.8/site-packages/commonroad/common/file_reader.py:461: UserWarning: Unknown country: Default traffic sign IDs are used. Specified country: vv_
  warnings.warn("Unknown country: Default traffic sign IDs are used. Specified country: " + country)
/home/yanjun/NewDisk/beliefplanning/.venv38/lib/python3.8/site-packages/prediction/main.py:410: FutureWarning: You are using `torch.load` with `weights_only=False` (the current default value), which uses the default pickle module implicitly. It is possible to construct malicious pickle data which will execute arbitrary code during unpickling (See https://github.com/pytorch/pytorch/blob/main/SECURITY.md#untrusted-models for more details). In a future release, the default value for `weights_only` will be flipped to `True`. This limits the functions that could be executed during unpickling. Arbitrary objects will no longer be allowed to be loaded via this mode unless they are explicitly allowlisted by the user via `torch.serialization.add_safe_globals`. We recommend you start setting `weights_only=True` for any use case where you don't have full control of the loaded file. Please open an issue on GitHub for any issues related to this experimental feature.
  saved_model_dict = torch.load(self.model_path)
/home/yanjun/NewDisk/beliefplanning/.venv38/lib/python3.8/site-packages/commonroad/scenario/scenario.py:314: UserWarning: Not a valid scenario id: vv_012
  warnings.warn('Not a valid scenario id: ' + benchmark_id)
/home/yanjun/NewDisk/beliefplanning/.venv38/lib/python3.8/site-packages/commonroad/common/file_reader.py:461: UserWarning: Unknown country: Default traffic sign IDs are used. Specified country: vv_
  warnings.warn("Unknown country: Default traffic sign IDs are used. Specified country: " + country)
/home/yanjun/NewDisk/beliefplanning/.venv38/lib/python3.8/site-packages/prediction/main.py:410: FutureWarning: You are using `torch.load` with `weights_only=False` (the current default value), which uses the default pickle module implicitly. It is possible to construct malicious pickle data which will execute arbitrary code during unpickling (See https://github.com/pytorch/pytorch/blob/main/SECURITY.md#untrusted-models for more details). In a future release, the default value for `weights_only` will be flipped to `True`. This limits the functions that could be executed during unpickling. Arbitrary objects will no longer be allowed to be loaded via this mode unless they are explicitly allowlisted by the user via `torch.serialization.add_safe_globals`. We recommend you start setting `weights_only=True` for any use case where you don't have full control of the loaded file. Please open an issue on GitHub for any issues related to this experimental feature.
  saved_model_dict = torch.load(self.model_path)
/home/yanjun/NewDisk/beliefplanning/.venv38/lib/python3.8/site-packages/commonroad/scenario/scenario.py:314: UserWarning: Not a valid scenario id: vv_013
  warnings.warn('Not a valid scenario id: ' + benchmark_id)
/home/yanjun/NewDisk/beliefplanning/.venv38/lib/python3.8/site-packages/commonroad/common/file_reader.py:461: UserWarning: Unknown country: Default traffic sign IDs are used. Specified country: vv_
  warnings.warn("Unknown country: Default traffic sign IDs are used. Specified country: " + country)
/home/yanjun/NewDisk/beliefplanning/.venv38/lib/python3.8/site-packages/prediction/main.py:410: FutureWarning: You are using `torch.load` with `weights_only=False` (the current default value), which uses the default pickle module implicitly. It is possible to construct malicious pickle data which will execute arbitrary code during unpickling (See https://github.com/pytorch/pytorch/blob/main/SECURITY.md#untrusted-models for more details). In a future release, the default value for `weights_only` will be flipped to `True`. This limits the functions that could be executed during unpickling. Arbitrary objects will no longer be allowed to be loaded via this mode unless they are explicitly allowlisted by the user via `torch.serialization.add_safe_globals`. We recommend you start setting `weights_only=True` for any use case where you don't have full control of the loaded file. Please open an issue on GitHub for any issues related to this experimental feature.
  saved_model_dict = torch.load(self.model_path)
/home/yanjun/NewDisk/beliefplanning/.venv38/lib/python3.8/site-packages/commonroad/scenario/scenario.py:314: UserWarning: Not a valid scenario id: vv_014
  warnings.warn('Not a valid scenario id: ' + benchmark_id)
/home/yanjun/NewDisk/beliefplanning/.venv38/lib/python3.8/site-packages/commonroad/common/file_reader.py:461: UserWarning: Unknown country: Default traffic sign IDs are used. Specified country: vv_
  warnings.warn("Unknown country: Default traffic sign IDs are used. Specified country: " + country)
/home/yanjun/NewDisk/beliefplanning/.venv38/lib/python3.8/site-packages/prediction/main.py:410: FutureWarning: You are using `torch.load` with `weights_only=False` (the current default value), which uses the default pickle module implicitly. It is possible to construct malicious pickle data which will execute arbitrary code during unpickling (See https://github.com/pytorch/pytorch/blob/main/SECURITY.md#untrusted-models for more details). In a future release, the default value for `weights_only` will be flipped to `True`. This limits the functions that could be executed during unpickling. Arbitrary objects will no longer be allowed to be loaded via this mode unless they are explicitly allowlisted by the user via `torch.serialization.add_safe_globals`. We recommend you start setting `weights_only=True` for any use case where you don't have full control of the loaded file. Please open an issue on GitHub for any issues related to this experimental feature.
  saved_model_dict = torch.load(self.model_path)
/home/yanjun/NewDisk/beliefplanning/.venv38/lib/python3.8/site-packages/commonroad/scenario/scenario.py:314: UserWarning: Not a valid scenario id: vv_015
  warnings.warn('Not a valid scenario id: ' + benchmark_id)
/home/yanjun/NewDisk/beliefplanning/.venv38/lib/python3.8/site-packages/commonroad/common/file_reader.py:461: UserWarning: Unknown country: Default traffic sign IDs are used. Specified country: vv_
  warnings.warn("Unknown country: Default traffic sign IDs are used. Specified country: " + country)
Time step: 18 | Velocity: 11.71 m/s | Acceleration: -0.54 m/s2
Time step: 19 | Velocity: 11.68 m/s | Acceleration: -0.02 m/s2
Time step: 20 | Velocity: 11.73 m/s | Acceleration: 0.91 m/s2
Time step: 21 | Velocity: 11.85 m/s | Acceleration: 1.56 m/s2
Time step: 22 | Velocity: 12.03 m/s | Acceleration: 2.03 m/s2
Time step: 23 | Velocity: 12.25 m/s | Acceleration: 2.36 m/s2
Time step: 24 | Velocity: 12.45 m/s | Acceleration: 1.67 m/s2
Time step: 25 | Velocity: 12.56 m/s | Acceleration: 0.45 m/s2
Time step: 26 | Velocity: 12.56 m/s | Acceleration: -0.41 m/s2
Time step: 27 | Velocity: 12.58 m/s | Acceleration: 0.81 m/s2
Time step: 28 | Velocity: 12.71 m/s | Acceleration: 1.80 m/s2
Time step: 29 | Velocity: 12.93 m/s | Acceleration: 2.46 m/s2
[016/100] evaluating vv_015
agent_planning_problem_id_assignment: {20088: 20095}
Processing dynamic obstacle id: 20044
Processing dynamic obstacle id: 20087
Processing dynamic obstacle id: 20088
--- Initializing prediction network ---
Time step: 0 | Velocity: 11.50 m/s | Acceleration: 0.00 m/s2
Time step: 1 | Velocity: 11.41 m/s | Acceleration: -1.56 m/s2
Time step: 2 | Velocity: 11.22 m/s | Acceleration: -2.20 m/s2
Time step: 3 | Velocity: 10.99 m/s | Acceleration: -2.47 m/s2
Time step: 4 | Velocity: 10.73 m/s | Acceleration: -2.59 m/s2
Time step: 5 | Velocity: 10.47 m/s | Acceleration: -2.63 m/s2
Time step: 6 | Velocity: 10.20 m/s | Acceleration: -2.65 m/s2
Time step: 7 | Velocity: 9.94 m/s | Acceleration: -2.66 m/s2
Time step: 8 | Velocity: 9.67 m/s | Acceleration: -2.66 m/s2
Time step: 9 | Velocity: 9.40 m/s | Acceleration: -2.67 m/s2
Time step: 10 | Velocity: 9.26 m/s | Acceleration: -0.33 m/s2
Time step: 11 | Velocity: 9.34 m/s | Acceleration: 1.81 m/s2
Time step: 12 | Velocity: 9.50 m/s | Acceleration: 1.53 m/s2
Time step: 13 | Velocity: 9.65 m/s | Acceleration: 1.42 m/s2
Time step: 14 | Velocity: 9.75 m/s | Acceleration: 0.59 m/s2
Time step: 15 | Velocity: 9.89 m/s | Acceleration: 2.19 m/s2
Time step: 16 | Velocity: 10.15 m/s | Acceleration: 2.86 m/s2
Time step: 17 | Velocity: 10.39 m/s | Acceleration: 1.97 m/s2
Time step: 18 | Velocity: 10.44 m/s | Acceleration: -0.74 m/s2
Time step: 19 | Velocity: 10.50 m/s | Acceleration: 1.64 m/s2
Time step: 20 | Velocity: 10.61 m/s | Acceleration: 0.68 m/s2
Time step: 21 | Velocity: 10.66 m/s | Acceleration: 0.28 m/s2
Time step: 22 | Velocity: 10.59 m/s | Acceleration: -1.44 m/s2
Time step: 23 | Velocity: 10.49 m/s | Acceleration: -0.60 m/s2
Time step: 24 | Velocity: 10.49 m/s | Acceleration: 0.38 m/s2
Time step: 25 | Velocity: 10.54 m/s | Acceleration: 0.75 m/s2
Time step: 26 | Velocity: 10.66 m/s | Acceleration: 1.58 m/s2
Time step: 27 | Velocity: 10.77 m/s | Acceleration: 0.66 m/s2
Time step: 28 | Velocity: 10.87 m/s | Acceleration: 1.38 m/s2
Time step: 29 | Velocity: 11.04 m/s | Acceleration: 1.90 m/s2
Time step: 30 | Velocity: 11.25 m/s | Acceleration: 2.27 m/s2
Time step: 31 | Velocity: 11.49 m/s | Acceleration: 2.53 m/s2
Time step: 32 | Velocity: 11.75 m/s | Acceleration: 2.71 m/s2
Time step: 33 | Velocity: 12.03 m/s | Acceleration: 2.84 m/s2
Time step: 34 | Velocity: 12.33 m/s | Acceleration: 3.13 m/s2
Time step: 35 | Velocity: 12.65 m/s | Acceleration: 3.25 m/s2
Time step: 36 | Velocity: 12.98 m/s | Acceleration: 3.30 m/s2
[017/100] evaluating vv_016
agent_planning_problem_id_assignment: {20088: 20095}
Processing dynamic obstacle id: 20044
Processing dynamic obstacle id: 20087
Processing dynamic obstacle id: 20088
--- Initializing prediction network ---
Time step: 0 | Velocity: 12.10 m/s | Acceleration: 0.00 m/s2
Time step: 1 | Velocity: 12.02 m/s | Acceleration: -1.56 m/s2
Time step: 2 | Velocity: 11.83 m/s | Acceleration: -2.20 m/s2
Time step: 3 | Velocity: 11.59 m/s | Acceleration: -2.47 m/s2
Time step: 4 | Velocity: 11.34 m/s | Acceleration: -2.59 m/s2
Time step: 5 | Velocity: 11.07 m/s | Acceleration: -2.63 m/s2
Time step: 6 | Velocity: 10.81 m/s | Acceleration: -2.65 m/s2
Time step: 7 | Velocity: 10.54 m/s | Acceleration: -2.66 m/s2
Time step: 8 | Velocity: 10.27 m/s | Acceleration: -2.66 m/s2
Time step: 9 | Velocity: 10.13 m/s | Acceleration: -0.33 m/s2
Time step: 10 | Velocity: 10.15 m/s | Acceleration: 0.64 m/s2
Time step: 11 | Velocity: 10.17 m/s | Acceleration: -0.12 m/s2
Time step: 12 | Velocity: 10.14 m/s | Acceleration: -0.44 m/s2
Time step: 13 | Velocity: 10.15 m/s | Acceleration: 0.59 m/s2
Time step: 14 | Velocity: 10.30 m/s | Acceleration: 2.19 m/s2
Time step: 15 | Velocity: 10.56 m/s | Acceleration: 2.86 m/s2
Time step: 16 | Velocity: 10.86 m/s | Acceleration: 3.14 m/s2
Time step: 17 | Velocity: 11.18 m/s | Acceleration: 3.25 m/s2
Time step: 18 | Velocity: 11.38 m/s | Acceleration: 0.97 m/s2
Time step: 19 | Velocity: 11.45 m/s | Acceleration: 0.40 m/s2
Time step: 20 | Velocity: 11.53 m/s | Acceleration: 1.05 m/s2
Time step: 21 | Velocity: 11.49 m/s | Acceleration: -1.51 m/s2
Time step: 22 | Velocity: 11.31 m/s | Acceleration: -2.18 m/s2
Time step: 23 | Velocity: 11.07 m/s | Acceleration: -2.47 m/s2
Time step: 24 | Velocity: 10.96 m/s | Acceleration: 0.13 m/s2
Time step: 25 | Velocity: 11.04 m/s | Acceleration: 1.39 m/s2
Time step: 26 | Velocity: 11.21 m/s | Acceleration: 2.00 m/s2
Time step: 27 | Velocity: 11.43 m/s | Acceleration: 2.34 m/s2
Time step: 28 | Velocity: 11.67 m/s | Acceleration: 2.58 m/s2
Time step: 29 | Velocity: 11.94 m/s | Acceleration: 2.75 m/s2
Time step: 30 | Velocity: 12.22 m/s | Acceleration: 2.87 m/s2
Time step: 31 | Velocity: 12.43 m/s | Acceleration: 1.30 m/s2
Time step: 32 | Velocity: 12.59 m/s | Acceleration: 1.84 m/s2
Time step: 33 | Velocity: 12.82 m/s | Acceleration: 2.71 m/s2
Time step: 34 | Velocity: 13.11 m/s | Acceleration: 3.07 m/s2
[018/100] evaluating vv_017
agent_planning_problem_id_assignment: {20088: 20095}
Processing dynamic obstacle id: 20044
Processing dynamic obstacle id: 20087
Processing dynamic obstacle id: 20088
--- Initializing prediction network ---
Time step: 0 | Velocity: 11.49 m/s | Acceleration: 0.00 m/s2
Time step: 1 | Velocity: 11.39 m/s | Acceleration: -1.84 m/s2
Time step: 2 | Velocity: 11.18 m/s | Acceleration: -2.43 m/s2
Time step: 3 | Velocity: 10.92 m/s | Acceleration: -2.62 m/s2
Time step: 4 | Velocity: 10.65 m/s | Acceleration: -2.68 m/s2
Time step: 5 | Velocity: 10.38 m/s | Acceleration: -2.70 m/s2
Time step: 6 | Velocity: 10.11 m/s | Acceleration: -2.71 m/s2
Time step: 7 | Velocity: 9.84 m/s | Acceleration: -2.71 m/s2
Time step: 8 | Velocity: 9.71 m/s | Acceleration: 0.05 m/s2
Time step: 9 | Velocity: 9.62 m/s | Acceleration: -1.83 m/s2
Time step: 10 | Velocity: 9.55 m/s | Acceleration: 0.34 m/s2
Time step: 11 | Velocity: 9.62 m/s | Acceleration: 1.03 m/s2
Time step: 12 | Velocity: 9.74 m/s | Acceleration: 1.25 m/s2
Time step: 13 | Velocity: 9.94 m/s | Acceleration: 2.70 m/s2
Time step: 14 | Velocity: 10.24 m/s | Acceleration: 3.17 m/s2
Time step: 15 | Velocity: 10.49 m/s | Acceleration: 1.94 m/s2
Time step: 16 | Velocity: 10.61 m/s | Acceleration: 0.62 m/s2
Time step: 17 | Velocity: 10.55 m/s | Acceleration: -1.64 m/s2
Time step: 18 | Velocity: 10.45 m/s | Acceleration: -0.53 m/s2
Time step: 19 | Velocity: 10.39 m/s | Acceleration: -0.63 m/s2
Time step: 20 | Velocity: 10.33 m/s | Acceleration: -0.66 m/s2
Time step: 21 | Velocity: 10.18 m/s | Acceleration: -2.06 m/s2
Time step: 22 | Velocity: 10.04 m/s | Acceleration: -0.86 m/s2
Time step: 23 | Velocity: 9.89 m/s | Acceleration: -2.12 m/s2
Time step: 24 | Velocity: 9.80 m/s | Acceleration: 0.24 m/s2
Time step: 25 | Velocity: 9.92 m/s | Acceleration: 2.05 m/s2
Time step: 26 | Velocity: 10.16 m/s | Acceleration: 2.68 m/s2
Time step: 27 | Velocity: 10.40 m/s | Acceleration: 2.12 m/s2
recorded/hand-crafted/vv_samples/vv_017.xml >>> Collision detected.
[019/100] evaluating vv_018
agent_planning_problem_id_assignment: {20088: 20095}
Processing dynamic obstacle id: 20044
Processing dynamic obstacle id: 20087
Processing dynamic obstacle id: 20088
--- Initializing prediction network ---
Time step: 0 | Velocity: 12.37 m/s | Acceleration: 0.00 m/s2
Time step: 1 | Velocity: 12.30 m/s | Acceleration: -1.34 m/s2
Time step: 2 | Velocity: 12.13 m/s | Acceleration: -2.00 m/s2
/home/yanjun/NewDisk/beliefplanning/.venv38/lib/python3.8/site-packages/prediction/main.py:410: FutureWarning: You are using `torch.load` with `weights_only=False` (the current default value), which uses the default pickle module implicitly. It is possible to construct malicious pickle data which will execute arbitrary code during unpickling (See https://github.com/pytorch/pytorch/blob/main/SECURITY.md#untrusted-models for more details). In a future release, the default value for `weights_only` will be flipped to `True`. This limits the functions that could be executed during unpickling. Arbitrary objects will no longer be allowed to be loaded via this mode unless they are explicitly allowlisted by the user via `torch.serialization.add_safe_globals`. We recommend you start setting `weights_only=True` for any use case where you don't have full control of the loaded file. Please open an issue on GitHub for any issues related to this experimental feature.
  saved_model_dict = torch.load(self.model_path)
/home/yanjun/NewDisk/beliefplanning/.venv38/lib/python3.8/site-packages/commonroad/scenario/scenario.py:314: UserWarning: Not a valid scenario id: vv_016
  warnings.warn('Not a valid scenario id: ' + benchmark_id)
/home/yanjun/NewDisk/beliefplanning/.venv38/lib/python3.8/site-packages/commonroad/common/file_reader.py:461: UserWarning: Unknown country: Default traffic sign IDs are used. Specified country: vv_
  warnings.warn("Unknown country: Default traffic sign IDs are used. Specified country: " + country)
/home/yanjun/NewDisk/beliefplanning/.venv38/lib/python3.8/site-packages/prediction/main.py:410: FutureWarning: You are using `torch.load` with `weights_only=False` (the current default value), which uses the default pickle module implicitly. It is possible to construct malicious pickle data which will execute arbitrary code during unpickling (See https://github.com/pytorch/pytorch/blob/main/SECURITY.md#untrusted-models for more details). In a future release, the default value for `weights_only` will be flipped to `True`. This limits the functions that could be executed during unpickling. Arbitrary objects will no longer be allowed to be loaded via this mode unless they are explicitly allowlisted by the user via `torch.serialization.add_safe_globals`. We recommend you start setting `weights_only=True` for any use case where you don't have full control of the loaded file. Please open an issue on GitHub for any issues related to this experimental feature.
  saved_model_dict = torch.load(self.model_path)
/home/yanjun/NewDisk/beliefplanning/.venv38/lib/python3.8/site-packages/commonroad/scenario/scenario.py:314: UserWarning: Not a valid scenario id: vv_017
  warnings.warn('Not a valid scenario id: ' + benchmark_id)
/home/yanjun/NewDisk/beliefplanning/.venv38/lib/python3.8/site-packages/commonroad/common/file_reader.py:461: UserWarning: Unknown country: Default traffic sign IDs are used. Specified country: vv_
  warnings.warn("Unknown country: Default traffic sign IDs are used. Specified country: " + country)
/home/yanjun/NewDisk/beliefplanning/.venv38/lib/python3.8/site-packages/prediction/main.py:410: FutureWarning: You are using `torch.load` with `weights_only=False` (the current default value), which uses the default pickle module implicitly. It is possible to construct malicious pickle data which will execute arbitrary code during unpickling (See https://github.com/pytorch/pytorch/blob/main/SECURITY.md#untrusted-models for more details). In a future release, the default value for `weights_only` will be flipped to `True`. This limits the functions that could be executed during unpickling. Arbitrary objects will no longer be allowed to be loaded via this mode unless they are explicitly allowlisted by the user via `torch.serialization.add_safe_globals`. We recommend you start setting `weights_only=True` for any use case where you don't have full control of the loaded file. Please open an issue on GitHub for any issues related to this experimental feature.
  saved_model_dict = torch.load(self.model_path)
Traceback (most recent call last):
  File "/tmp/beliefplanning_pkg_85hhmdeg/beliefplanning/test_fot_junction/evaluate_vv_batch.py", line 83, in eval_scenario
    self._simulate()
  File "/tmp/beliefplanning_pkg_85hhmdeg/beliefplanning/planner/plannertools/scenario_handler.py", line 279, in _simulate
    self._check_collision_simple(agent=agent, time_step=time_step)
  File "/tmp/beliefplanning_pkg_85hhmdeg/beliefplanning/planner/plannertools/scenario_handler.py", line 662, in _check_collision_simple
    raise NoLocalTrajectoryFoundError("Collision detected.")
commonroad_helper_functions.exceptions.NoLocalTrajectoryFoundError: Collision detected.
/home/yanjun/NewDisk/beliefplanning/.venv38/lib/python3.8/site-packages/commonroad/scenario/scenario.py:314: UserWarning: Not a valid scenario id: vv_018
  warnings.warn('Not a valid scenario id: ' + benchmark_id)
/home/yanjun/NewDisk/beliefplanning/.venv38/lib/python3.8/site-packages/commonroad/common/file_reader.py:461: UserWarning: Unknown country: Default traffic sign IDs are used. Specified country: vv_
  warnings.warn("Unknown country: Default traffic sign IDs are used. Specified country: " + country)
/home/yanjun/NewDisk/beliefplanning/.venv38/lib/python3.8/site-packages/prediction/main.py:410: FutureWarning: You are using `torch.load` with `weights_only=False` (the current default value), which uses the default pickle module implicitly. It is possible to construct malicious pickle data which will execute arbitrary code during unpickling (See https://github.com/pytorch/pytorch/blob/main/SECURITY.md#untrusted-models for more details). In a future release, the default value for `weights_only` will be flipped to `True`. This limits the functions that could be executed during unpickling. Arbitrary objects will no longer be allowed to be loaded via this mode unless they are explicitly allowlisted by the user via `torch.serialization.add_safe_globals`. We recommend you start setting `weights_only=True` for any use case where you don't have full control of the loaded file. Please open an issue on GitHub for any issues related to this experimental feature.
  saved_model_dict = torch.load(self.model_path)
/home/yanjun/NewDisk/beliefplanning/.venv38/lib/python3.8/site-packages/commonroad/scenario/scenario.py:314: UserWarning: Not a valid scenario id: vv_019
  warnings.warn('Not a valid scenario id: ' + benchmark_id)
/home/yanjun/NewDisk/beliefplanning/.venv38/lib/python3.8/site-packages/commonroad/common/file_reader.py:461: UserWarning: Unknown country: Default traffic sign IDs are used. Specified country: vv_
  warnings.warn("Unknown country: Default traffic sign IDs are used. Specified country: " + country)
/home/yanjun/NewDisk/beliefplanning/.venv38/lib/python3.8/site-packages/prediction/main.py:410: FutureWarning: You are using `torch.load` with `weights_only=False` (the current default value), which uses the default pickle module implicitly. It is possible to construct malicious pickle data which will execute arbitrary code during unpickling (See https://github.com/pytorch/pytorch/blob/main/SECURITY.md#untrusted-models for more details). In a future release, the default value for `weights_only` will be flipped to `True`. This limits the functions that could be executed during unpickling. Arbitrary objects will no longer be allowed to be loaded via this mode unless they are explicitly allowlisted by the user via `torch.serialization.add_safe_globals`. We recommend you start setting `weights_only=True` for any use case where you don't have full control of the loaded file. Please open an issue on GitHub for any issues related to this experimental feature.
  saved_model_dict = torch.load(self.model_path)
/home/yanjun/NewDisk/beliefplanning/.venv38/lib/python3.8/site-packages/commonroad/scenario/scenario.py:314: UserWarning: Not a valid scenario id: vv_020
  warnings.warn('Not a valid scenario id: ' + benchmark_id)
Time step: 3 | Velocity: 11.92 m/s | Acceleration: -2.32 m/s2
Time step: 4 | Velocity: 11.67 m/s | Acceleration: -2.48 m/s2
Time step: 5 | Velocity: 11.42 m/s | Acceleration: -2.56 m/s2
Time step: 6 | Velocity: 11.16 m/s | Acceleration: -2.60 m/s2
Time step: 7 | Velocity: 10.90 m/s | Acceleration: -2.62 m/s2
Time step: 8 | Velocity: 10.74 m/s | Acceleration: -0.61 m/s2
Time step: 9 | Velocity: 10.73 m/s | Acceleration: 0.37 m/s2
Time step: 10 | Velocity: 10.69 m/s | Acceleration: -1.16 m/s2
Time step: 11 | Velocity: 10.54 m/s | Acceleration: -1.91 m/s2
Time step: 12 | Velocity: 10.32 m/s | Acceleration: -2.28 m/s2
Time step: 13 | Velocity: 10.09 m/s | Acceleration: -2.46 m/s2
Time step: 14 | Velocity: 9.94 m/s | Acceleration: -0.53 m/s2
Time step: 15 | Velocity: 9.99 m/s | Acceleration: 1.42 m/s2
Time step: 16 | Velocity: 10.18 m/s | Acceleration: 2.37 m/s2
Time step: 17 | Velocity: 10.29 m/s | Acceleration: -0.18 m/s2
Time step: 18 | Velocity: 10.20 m/s | Acceleration: -1.43 m/s2
Time step: 19 | Velocity: 10.12 m/s | Acceleration: -0.19 m/s2
Time step: 20 | Velocity: 10.09 m/s | Acceleration: -0.38 m/s2
Time step: 21 | Velocity: 10.09 m/s | Acceleration: 0.24 m/s2
Time step: 22 | Velocity: 10.16 m/s | Acceleration: 1.16 m/s2
Time step: 23 | Velocity: 10.30 m/s | Acceleration: 1.74 m/s2
Time step: 24 | Velocity: 10.50 m/s | Acceleration: 2.15 m/s2
Time step: 25 | Velocity: 10.73 m/s | Acceleration: 2.45 m/s2
Time step: 26 | Velocity: 10.99 m/s | Acceleration: 2.65 m/s2
Time step: 27 | Velocity: 11.26 m/s | Acceleration: 2.80 m/s2
Time step: 28 | Velocity: 11.55 m/s | Acceleration: 2.91 m/s2
Time step: 29 | Velocity: 11.84 m/s | Acceleration: 2.98 m/s2
Time step: 30 | Velocity: 12.14 m/s | Acceleration: 3.04 m/s2
Time step: 31 | Velocity: 12.45 m/s | Acceleration: 3.07 m/s2
Time step: 32 | Velocity: 12.76 m/s | Acceleration: 3.10 m/s2
Time step: 33 | Velocity: 13.07 m/s | Acceleration: 3.12 m/s2
Time step: 34 | Velocity: 13.38 m/s | Acceleration: 3.13 m/s2
[020/100] evaluating vv_019
agent_planning_problem_id_assignment: {20088: 20095}
Processing dynamic obstacle id: 20044
Processing dynamic obstacle id: 20087
Processing dynamic obstacle id: 20088
--- Initializing prediction network ---
Time step: 0 | Velocity: 12.31 m/s | Acceleration: 0.00 m/s2
Time step: 1 | Velocity: 12.23 m/s | Acceleration: -1.56 m/s2
Time step: 2 | Velocity: 12.03 m/s | Acceleration: -2.20 m/s2
Time step: 3 | Velocity: 11.80 m/s | Acceleration: -2.47 m/s2
Time step: 4 | Velocity: 11.54 m/s | Acceleration: -2.59 m/s2
Time step: 5 | Velocity: 11.28 m/s | Acceleration: -2.63 m/s2
Time step: 6 | Velocity: 11.02 m/s | Acceleration: -2.65 m/s2
Time step: 7 | Velocity: 10.75 m/s | Acceleration: -2.66 m/s2
Time step: 8 | Velocity: 10.48 m/s | Acceleration: -2.66 m/s2
Time step: 9 | Velocity: 10.34 m/s | Acceleration: -0.33 m/s2
Time step: 10 | Velocity: 10.31 m/s | Acceleration: -0.14 m/s2
Time step: 11 | Velocity: 10.30 m/s | Acceleration: -0.06 m/s2
Time step: 12 | Velocity: 10.30 m/s | Acceleration: -0.02 m/s2
Time step: 13 | Velocity: 10.34 m/s | Acceleration: 0.77 m/s2
Time step: 14 | Velocity: 10.43 m/s | Acceleration: 1.10 m/s2
Time step: 15 | Velocity: 10.61 m/s | Acceleration: 2.40 m/s2
Time step: 16 | Velocity: 10.88 m/s | Acceleration: 2.95 m/s2
Time step: 17 | Velocity: 11.13 m/s | Acceleration: 2.00 m/s2
Time step: 18 | Velocity: 11.31 m/s | Acceleration: 1.61 m/s2
Time step: 19 | Velocity: 11.47 m/s | Acceleration: 1.45 m/s2
Time step: 20 | Velocity: 11.61 m/s | Acceleration: 1.39 m/s2
Time step: 21 | Velocity: 11.75 m/s | Acceleration: 1.36 m/s2
Time step: 22 | Velocity: 11.82 m/s | Acceleration: 0.18 m/s2
Time step: 23 | Velocity: 11.81 m/s | Acceleration: -0.31 m/s2
Time step: 24 | Velocity: 11.82 m/s | Acceleration: 0.52 m/s2
Time step: 25 | Velocity: 11.93 m/s | Acceleration: 1.51 m/s2
Time step: 26 | Velocity: 12.10 m/s | Acceleration: 1.99 m/s2
Time step: 27 | Velocity: 12.32 m/s | Acceleration: 2.33 m/s2
Time step: 28 | Velocity: 12.57 m/s | Acceleration: 2.57 m/s2
Time step: 29 | Velocity: 12.83 m/s | Acceleration: 2.75 m/s2
Time step: 30 | Velocity: 13.11 m/s | Acceleration: 2.87 m/s2
Time step: 31 | Velocity: 13.41 m/s | Acceleration: 2.96 m/s2
Time step: 32 | Velocity: 13.53 m/s | Acceleration: -0.32 m/s2
Time step: 33 | Velocity: 13.61 m/s | Acceleration: 1.81 m/s2
[021/100] evaluating vv_020
agent_planning_problem_id_assignment: {20088: 20095}
Processing dynamic obstacle id: 20044
Processing dynamic obstacle id: 20087
Processing dynamic obstacle id: 20088
--- Initializing prediction network ---
Time step: 0 | Velocity: 12.26 m/s | Acceleration: 0.00 m/s2
Time step: 1 | Velocity: 12.18 m/s | Acceleration: -1.56 m/s2
Time step: 2 | Velocity: 11.99 m/s | Acceleration: -2.20 m/s2
Time step: 3 | Velocity: 11.75 m/s | Acceleration: -2.47 m/s2
Time step: 4 | Velocity: 11.50 m/s | Acceleration: -2.59 m/s2
Time step: 5 | Velocity: 11.23 m/s | Acceleration: -2.63 m/s2
Time step: 6 | Velocity: 10.97 m/s | Acceleration: -2.65 m/s2
Time step: 7 | Velocity: 10.70 m/s | Acceleration: -2.66 m/s2
Time step: 8 | Velocity: 10.52 m/s | Acceleration: -1.11 m/s2
Time step: 9 | Velocity: 10.36 m/s | Acceleration: -2.02 m/s2
Time step: 10 | Velocity: 10.26 m/s | Acceleration: -0.06 m/s2
Time step: 11 | Velocity: 10.36 m/s | Acceleration: 1.92 m/s2
Time step: 12 | Velocity: 10.49 m/s | Acceleration: 0.80 m/s2
Time step: 13 | Velocity: 10.53 m/s | Acceleration: -0.06 m/s2
Time step: 14 | Velocity: 10.63 m/s | Acceleration: 1.92 m/s2
Time step: 15 | Velocity: 10.76 m/s | Acceleration: 0.80 m/s2
Time step: 16 | Velocity: 10.86 m/s | Acceleration: 1.11 m/s2
Time step: 17 | Velocity: 10.93 m/s | Acceleration: 0.46 m/s2
Time step: 18 | Velocity: 10.97 m/s | Acceleration: 0.19 m/s2
Time step: 19 | Velocity: 11.02 m/s | Acceleration: 0.86 m/s2
Time step: 20 | Velocity: 11.13 m/s | Acceleration: 1.20 m/s2
Time step: 21 | Velocity: 11.19 m/s | Acceleration: 0.11 m/s2
Time step: 22 | Velocity: 11.11 m/s | Acceleration: -1.51 m/s2
Time step: 23 | Velocity: 11.05 m/s | Acceleration: 0.15 m/s2
Time step: 24 | Velocity: 11.06 m/s | Acceleration: 0.07 m/s2
Time step: 25 | Velocity: 11.14 m/s | Acceleration: 1.52 m/s2
Time step: 26 | Velocity: 11.32 m/s | Acceleration: 1.99 m/s2
Time step: 27 | Velocity: 11.54 m/s | Acceleration: 2.33 m/s2
Time step: 28 | Velocity: 11.78 m/s | Acceleration: 2.57 m/s2
Time step: 29 | Velocity: 12.05 m/s | Acceleration: 2.75 m/s2
Time step: 30 | Velocity: 12.33 m/s | Acceleration: 2.87 m/s2
Time step: 31 | Velocity: 12.62 m/s | Acceleration: 2.95 m/s2
Time step: 32 | Velocity: 12.84 m/s | Acceleration: 1.36 m/s2
Time step: 33 | Velocity: 13.03 m/s | Acceleration: 2.51 m/s2
Time step: 34 | Velocity: 13.13 m/s | Acceleration: -0.51 m/s2
[022/100] evaluating vv_021
agent_planning_problem_id_assignment: {20088: 20095}
Processing dynamic obstacle id: 20044
Processing dynamic obstacle id: 20087
Processing dynamic obstacle id: 20088
--- Initializing prediction network ---
Time step: 0 | Velocity: 12.06 m/s | Acceleration: 0.00 m/s2
Time step: 1 | Velocity: 11.97 m/s | Acceleration: -1.56 m/s2
Time step: 2 | Velocity: 11.78 m/s | Acceleration: -2.20 m/s2
Time step: 3 | Velocity: 11.55 m/s | Acceleration: -2.47 m/s2
Time step: 4 | Velocity: 11.29 m/s | Acceleration: -2.59 m/s2
Time step: 5 | Velocity: 11.11 m/s | Acceleration: -1.08 m/s2
Time step: 6 | Velocity: 11.08 m/s | Acceleration: 0.33 m/s2
Time step: 7 | Velocity: 11.14 m/s | Acceleration: 0.91 m/s2
Time step: 8 | Velocity: 11.25 m/s | Acceleration: 1.16 m/s2
Time step: 9 | Velocity: 11.43 m/s | Acceleration: 2.43 m/s2
Time step: 10 | Velocity: 11.64 m/s | Acceleration: 1.79 m/s2
Time step: 11 | Velocity: 11.68 m/s | Acceleration: -0.81 m/s2
Time step: 12 | Velocity: 11.54 m/s | Acceleration: -1.89 m/s2
Time step: 13 | Velocity: 11.41 m/s | Acceleration: -0.79 m/s2
Time step: 14 | Velocity: 11.36 m/s | Acceleration: -0.33 m/s2
Time step: 15 | Velocity: 11.31 m/s | Acceleration: -0.53 m/s2
Time step: 16 | Velocity: 11.32 m/s | Acceleration: 0.56 m/s2
Time step: 17 | Velocity: 11.36 m/s | Acceleration: 0.27 m/s2
Time step: 18 | Velocity: 11.41 m/s | Acceleration: 0.74 m/s2
/home/yanjun/NewDisk/beliefplanning/.venv38/lib/python3.8/site-packages/commonroad/common/file_reader.py:461: UserWarning: Unknown country: Default traffic sign IDs are used. Specified country: vv_
  warnings.warn("Unknown country: Default traffic sign IDs are used. Specified country: " + country)
/home/yanjun/NewDisk/beliefplanning/.venv38/lib/python3.8/site-packages/prediction/main.py:410: FutureWarning: You are using `torch.load` with `weights_only=False` (the current default value), which uses the default pickle module implicitly. It is possible to construct malicious pickle data which will execute arbitrary code during unpickling (See https://github.com/pytorch/pytorch/blob/main/SECURITY.md#untrusted-models for more details). In a future release, the default value for `weights_only` will be flipped to `True`. This limits the functions that could be executed during unpickling. Arbitrary objects will no longer be allowed to be loaded via this mode unless they are explicitly allowlisted by the user via `torch.serialization.add_safe_globals`. We recommend you start setting `weights_only=True` for any use case where you don't have full control of the loaded file. Please open an issue on GitHub for any issues related to this experimental feature.
  saved_model_dict = torch.load(self.model_path)
/home/yanjun/NewDisk/beliefplanning/.venv38/lib/python3.8/site-packages/commonroad/scenario/scenario.py:314: UserWarning: Not a valid scenario id: vv_021
  warnings.warn('Not a valid scenario id: ' + benchmark_id)
/home/yanjun/NewDisk/beliefplanning/.venv38/lib/python3.8/site-packages/commonroad/common/file_reader.py:461: UserWarning: Unknown country: Default traffic sign IDs are used. Specified country: vv_
  warnings.warn("Unknown country: Default traffic sign IDs are used. Specified country: " + country)
/home/yanjun/NewDisk/beliefplanning/.venv38/lib/python3.8/site-packages/prediction/main.py:410: FutureWarning: You are using `torch.load` with `weights_only=False` (the current default value), which uses the default pickle module implicitly. It is possible to construct malicious pickle data which will execute arbitrary code during unpickling (See https://github.com/pytorch/pytorch/blob/main/SECURITY.md#untrusted-models for more details). In a future release, the default value for `weights_only` will be flipped to `True`. This limits the functions that could be executed during unpickling. Arbitrary objects will no longer be allowed to be loaded via this mode unless they are explicitly allowlisted by the user via `torch.serialization.add_safe_globals`. We recommend you start setting `weights_only=True` for any use case where you don't have full control of the loaded file. Please open an issue on GitHub for any issues related to this experimental feature.
  saved_model_dict = torch.load(self.model_path)
/home/yanjun/NewDisk/beliefplanning/.venv38/lib/python3.8/site-packages/commonroad/scenario/scenario.py:314: UserWarning: Not a valid scenario id: vv_022
  warnings.warn('Not a valid scenario id: ' + benchmark_id)
/home/yanjun/NewDisk/beliefplanning/.venv38/lib/python3.8/site-packages/commonroad/common/file_reader.py:461: UserWarning: Unknown country: Default traffic sign IDs are used. Specified country: vv_
  warnings.warn("Unknown country: Default traffic sign IDs are used. Specified country: " + country)
/home/yanjun/NewDisk/beliefplanning/.venv38/lib/python3.8/site-packages/prediction/main.py:410: FutureWarning: You are using `torch.load` with `weights_only=False` (the current default value), which uses the default pickle module implicitly. It is possible to construct malicious pickle data which will execute arbitrary code during unpickling (See https://github.com/pytorch/pytorch/blob/main/SECURITY.md#untrusted-models for more details). In a future release, the default value for `weights_only` will be flipped to `True`. This limits the functions that could be executed during unpickling. Arbitrary objects will no longer be allowed to be loaded via this mode unless they are explicitly allowlisted by the user via `torch.serialization.add_safe_globals`. We recommend you start setting `weights_only=True` for any use case where you don't have full control of the loaded file. Please open an issue on GitHub for any issues related to this experimental feature.
  saved_model_dict = torch.load(self.model_path)
/home/yanjun/NewDisk/beliefplanning/.venv38/lib/python3.8/site-packages/commonroad/scenario/scenario.py:314: UserWarning: Not a valid scenario id: vv_023
  warnings.warn('Not a valid scenario id: ' + benchmark_id)
/home/yanjun/NewDisk/beliefplanning/.venv38/lib/python3.8/site-packages/commonroad/common/file_reader.py:461: UserWarning: Unknown country: Default traffic sign IDs are used. Specified country: vv_
  warnings.warn("Unknown country: Default traffic sign IDs are used. Specified country: " + country)
/home/yanjun/NewDisk/beliefplanning/.venv38/lib/python3.8/site-packages/prediction/main.py:410: FutureWarning: You are using `torch.load` with `weights_only=False` (the current default value), which uses the default pickle module implicitly. It is possible to construct malicious pickle data which will execute arbitrary code during unpickling (See https://github.com/pytorch/pytorch/blob/main/SECURITY.md#untrusted-models for more details). In a future release, the default value for `weights_only` will be flipped to `True`. This limits the functions that could be executed during unpickling. Arbitrary objects will no longer be allowed to be loaded via this mode unless they are explicitly allowlisted by the user via `torch.serialization.add_safe_globals`. We recommend you start setting `weights_only=True` for any use case where you don't have full control of the loaded file. Please open an issue on GitHub for any issues related to this experimental feature.
  saved_model_dict = torch.load(self.model_path)
/home/yanjun/NewDisk/beliefplanning/.venv38/lib/python3.8/site-packages/commonroad/scenario/scenario.py:314: UserWarning: Not a valid scenario id: vv_024
  warnings.warn('Not a valid scenario id: ' + benchmark_id)
/home/yanjun/NewDisk/beliefplanning/.venv38/lib/python3.8/site-packages/commonroad/common/file_reader.py:461: UserWarning: Unknown country: Default traffic sign IDs are used. Specified country: vv_
  warnings.warn("Unknown country: Default traffic sign IDs are used. Specified country: " + country)
/home/yanjun/NewDisk/beliefplanning/.venv38/lib/python3.8/site-packages/prediction/main.py:410: FutureWarning: You are using `torch.load` with `weights_only=False` (the current default value), which uses the default pickle module implicitly. It is possible to construct malicious pickle data which will execute arbitrary code during unpickling (See https://github.com/pytorch/pytorch/blob/main/SECURITY.md#untrusted-models for more details). In a future release, the default value for `weights_only` will be flipped to `True`. This limits the functions that could be executed during unpickling. Arbitrary objects will no longer be allowed to be loaded via this mode unless they are explicitly allowlisted by the user via `torch.serialization.add_safe_globals`. We recommend you start setting `weights_only=True` for any use case where you don't have full control of the loaded file. Please open an issue on GitHub for any issues related to this experimental feature.
  saved_model_dict = torch.load(self.model_path)
/home/yanjun/NewDisk/beliefplanning/.venv38/lib/python3.8/site-packages/commonroad/scenario/scenario.py:314: UserWarning: Not a valid scenario id: vv_025
  warnings.warn('Not a valid scenario id: ' + benchmark_id)
/home/yanjun/NewDisk/beliefplanning/.venv38/lib/python3.8/site-packages/commonroad/common/file_reader.py:461: UserWarning: Unknown country: Default traffic sign IDs are used. Specified country: vv_
  warnings.warn("Unknown country: Default traffic sign IDs are used. Specified country: " + country)
Time step: 19 | Velocity: 11.50 m/s | Acceleration: 0.97 m/s2
Time step: 20 | Velocity: 11.60 m/s | Acceleration: 1.08 m/s2
Time step: 21 | Velocity: 11.71 m/s | Acceleration: 1.14 m/s2
Time step: 22 | Velocity: 11.86 m/s | Acceleration: 1.73 m/s2
Time step: 23 | Velocity: 12.05 m/s | Acceleration: 2.14 m/s2
Time step: 24 | Velocity: 12.28 m/s | Acceleration: 2.44 m/s2
Time step: 25 | Velocity: 12.54 m/s | Acceleration: 2.65 m/s2
Time step: 26 | Velocity: 12.81 m/s | Acceleration: 2.80 m/s2
Time step: 27 | Velocity: 13.09 m/s | Acceleration: 2.91 m/s2
Time step: 28 | Velocity: 13.34 m/s | Acceleration: 2.06 m/s2
Time step: 29 | Velocity: 13.51 m/s | Acceleration: 1.28 m/s2
Time step: 30 | Velocity: 13.61 m/s | Acceleration: 0.73 m/s2
Time step: 31 | Velocity: 13.63 m/s | Acceleration: -0.22 m/s2
[023/100] evaluating vv_022
agent_planning_problem_id_assignment: {20088: 20095}
Processing dynamic obstacle id: 20044
Processing dynamic obstacle id: 20087
Processing dynamic obstacle id: 20088
--- Initializing prediction network ---
Time step: 0 | Velocity: 11.55 m/s | Acceleration: 0.00 m/s2
Time step: 1 | Velocity: 11.45 m/s | Acceleration: -1.84 m/s2
Time step: 2 | Velocity: 11.23 m/s | Acceleration: -2.43 m/s2
Time step: 3 | Velocity: 10.98 m/s | Acceleration: -2.62 m/s2
Time step: 4 | Velocity: 10.71 m/s | Acceleration: -2.68 m/s2
Time step: 5 | Velocity: 10.44 m/s | Acceleration: -2.70 m/s2
Time step: 6 | Velocity: 10.17 m/s | Acceleration: -2.71 m/s2
Time step: 7 | Velocity: 9.89 m/s | Acceleration: -2.71 m/s2
Time step: 8 | Velocity: 9.77 m/s | Acceleration: 0.05 m/s2
Time step: 9 | Velocity: 9.77 m/s | Acceleration: 0.02 m/s2
Time step: 10 | Velocity: 9.77 m/s | Acceleration: 0.01 m/s2
Time step: 11 | Velocity: 9.90 m/s | Acceleration: 2.31 m/s2
Time step: 12 | Velocity: 10.05 m/s | Acceleration: 0.74 m/s2
Time step: 13 | Velocity: 10.09 m/s | Acceleration: 0.24 m/s2
Time step: 14 | Velocity: 10.16 m/s | Acceleration: 1.00 m/s2
Time step: 15 | Velocity: 10.35 m/s | Acceleration: 2.62 m/s2
Time step: 16 | Velocity: 10.64 m/s | Acceleration: 3.14 m/s2
Time step: 17 | Velocity: 10.97 m/s | Acceleration: 3.31 m/s2
Time step: 18 | Velocity: 11.23 m/s | Acceleration: 1.98 m/s2
Time step: 19 | Velocity: 11.40 m/s | Acceleration: 1.56 m/s2
Time step: 20 | Velocity: 11.55 m/s | Acceleration: 1.42 m/s2
Time step: 21 | Velocity: 11.69 m/s | Acceleration: 1.38 m/s2
Time step: 22 | Velocity: 11.78 m/s | Acceleration: 0.44 m/s2
Time step: 23 | Velocity: 11.81 m/s | Acceleration: 0.14 m/s2
Time step: 24 | Velocity: 11.82 m/s | Acceleration: 0.07 m/s2
Time step: 25 | Velocity: 11.90 m/s | Acceleration: 1.51 m/s2
Time step: 26 | Velocity: 12.10 m/s | Acceleration: 2.30 m/s2
Time step: 27 | Velocity: 12.34 m/s | Acceleration: 2.64 m/s2
Time step: 28 | Velocity: 12.62 m/s | Acceleration: 2.81 m/s2
Time step: 29 | Velocity: 12.90 m/s | Acceleration: 2.91 m/s2
Time step: 30 | Velocity: 13.20 m/s | Acceleration: 2.98 m/s2
Time step: 31 | Velocity: 13.50 m/s | Acceleration: 3.06 m/s2
Time step: 32 | Velocity: 13.70 m/s | Acceleration: 0.97 m/s2
Time step: 33 | Velocity: 13.89 m/s | Acceleration: 2.62 m/s2
[024/100] evaluating vv_023
agent_planning_problem_id_assignment: {20088: 20095}
Processing dynamic obstacle id: 20044
Processing dynamic obstacle id: 20087
Processing dynamic obstacle id: 20088
--- Initializing prediction network ---
Time step: 0 | Velocity: 11.75 m/s | Acceleration: 0.00 m/s2
Time step: 1 | Velocity: 11.67 m/s | Acceleration: -1.56 m/s2
Time step: 2 | Velocity: 11.48 m/s | Acceleration: -2.20 m/s2
Time step: 3 | Velocity: 11.24 m/s | Acceleration: -2.47 m/s2
Time step: 4 | Velocity: 10.99 m/s | Acceleration: -2.59 m/s2
Time step: 5 | Velocity: 10.73 m/s | Acceleration: -2.63 m/s2
Time step: 6 | Velocity: 10.46 m/s | Acceleration: -2.65 m/s2
Time step: 7 | Velocity: 10.19 m/s | Acceleration: -2.66 m/s2
Time step: 8 | Velocity: 9.99 m/s | Acceleration: -1.50 m/s2
Time step: 9 | Velocity: 9.88 m/s | Acceleration: -0.62 m/s2
Time step: 10 | Velocity: 9.76 m/s | Acceleration: -1.82 m/s2
Time step: 11 | Velocity: 9.67 m/s | Acceleration: 0.02 m/s2
Time step: 12 | Velocity: 9.71 m/s | Acceleration: 0.79 m/s2
Time step: 13 | Velocity: 9.81 m/s | Acceleration: 1.11 m/s2
Time step: 14 | Velocity: 9.99 m/s | Acceleration: 2.41 m/s2
Time step: 15 | Velocity: 10.26 m/s | Acceleration: 2.95 m/s2
Time step: 16 | Velocity: 10.45 m/s | Acceleration: 0.84 m/s2
Time step: 17 | Velocity: 10.42 m/s | Acceleration: -1.21 m/s2
Time step: 18 | Velocity: 10.32 m/s | Acceleration: -0.89 m/s2
Time step: 19 | Velocity: 10.23 m/s | Acceleration: -0.75 m/s2
Time step: 20 | Velocity: 10.10 m/s | Acceleration: -1.87 m/s2
Time step: 21 | Velocity: 9.95 m/s | Acceleration: -1.25 m/s2
Time step: 22 | Velocity: 9.88 m/s | Acceleration: -0.09 m/s2
Time step: 23 | Velocity: 9.94 m/s | Acceleration: 1.26 m/s2
Time step: 24 | Velocity: 10.10 m/s | Acceleration: 1.86 m/s2
Time step: 25 | Velocity: 10.22 m/s | Acceleration: 0.59 m/s2
Time step: 26 | Velocity: 10.32 m/s | Acceleration: 1.33 m/s2
Time step: 27 | Velocity: 10.39 m/s | Acceleration: 0.21 m/s2
Time step: 28 | Velocity: 10.46 m/s | Acceleration: 1.07 m/s2
Time step: 29 | Velocity: 10.60 m/s | Acceleration: 1.68 m/s2
Time step: 30 | Velocity: 10.70 m/s | Acceleration: 0.46 m/s2
Time step: 31 | Velocity: 10.79 m/s | Acceleration: 1.24 m/s2
Time step: 32 | Velocity: 10.86 m/s | Acceleration: 0.15 m/s2
Time step: 33 | Velocity: 10.78 m/s | Acceleration: -1.49 m/s2
Time step: 34 | Velocity: 10.60 m/s | Acceleration: -2.18 m/s2
Time step: 35 | Velocity: 10.36 m/s | Acceleration: -2.46 m/s2
[025/100] evaluating vv_024
agent_planning_problem_id_assignment: {20088: 20095}
Processing dynamic obstacle id: 20044
Processing dynamic obstacle id: 20087
Processing dynamic obstacle id: 20088
--- Initializing prediction network ---
Time step: 0 | Velocity: 11.49 m/s | Acceleration: 0.00 m/s2
Time step: 1 | Velocity: 11.41 m/s | Acceleration: -1.56 m/s2
Time step: 2 | Velocity: 11.40 m/s | Acceleration: 1.30 m/s2
Time step: 3 | Velocity: 11.41 m/s | Acceleration: -1.02 m/s2
Time step: 4 | Velocity: 11.25 m/s | Acceleration: -1.98 m/s2
Time step: 5 | Velocity: 11.22 m/s | Acceleration: 1.12 m/s2
Time step: 6 | Velocity: 11.40 m/s | Acceleration: 2.41 m/s2
Time step: 7 | Velocity: 11.67 m/s | Acceleration: 2.95 m/s2
Time step: 8 | Velocity: 11.86 m/s | Acceleration: 0.84 m/s2
Time step: 9 | Velocity: 12.02 m/s | Acceleration: 2.29 m/s2
Time step: 10 | Velocity: 12.16 m/s | Acceleration: 0.57 m/s2
Time step: 11 | Velocity: 12.20 m/s | Acceleration: 0.24 m/s2
Time step: 12 | Velocity: 12.19 m/s | Acceleration: -0.29 m/s2
Time step: 13 | Velocity: 12.15 m/s | Acceleration: -0.51 m/s2
Time step: 14 | Velocity: 12.10 m/s | Acceleration: -0.60 m/s2
Time step: 15 | Velocity: 12.05 m/s | Acceleration: -0.25 m/s2
Time step: 16 | Velocity: 12.04 m/s | Acceleration: -0.08 m/s2
[FrenetPlanner] timestep=17: using max-risk fallback trajectory
Time step: 17 | Velocity: 11.91 m/s | Acceleration: -2.27 m/s2
Time step: 18 | Velocity: 11.66 m/s | Acceleration: -2.57 m/s2
Time step: 19 | Velocity: 11.40 m/s | Acceleration: -2.66 m/s2
Time step: 20 | Velocity: 11.28 m/s | Acceleration: 0.07 m/s2
Time step: 21 | Velocity: 11.39 m/s | Acceleration: 1.97 m/s2
Time step: 22 | Velocity: 11.62 m/s | Acceleration: 2.56 m/s2
Time step: 23 | Velocity: 11.88 m/s | Acceleration: 2.80 m/s2
Time step: 24 | Velocity: 12.17 m/s | Acceleration: 2.90 m/s2
Time step: 25 | Velocity: 12.46 m/s | Acceleration: 2.98 m/s2
Time step: 26 | Velocity: 12.77 m/s | Acceleration: 3.03 m/s2
Time step: 27 | Velocity: 12.98 m/s | Acceleration: 1.29 m/s2
Time step: 28 | Velocity: 13.15 m/s | Acceleration: 2.00 m/s2
Time step: 29 | Velocity: 13.20 m/s | Acceleration: -0.72 m/s2
Time step: 30 | Velocity: 13.07 m/s | Acceleration: -1.86 m/s2
[026/100] evaluating vv_025
agent_planning_problem_id_assignment: {20088: 20095}
Processing dynamic obstacle id: 20044
Processing dynamic obstacle id: 20087
Processing dynamic obstacle id: 20088
--- Initializing prediction network ---
Time step: 0 | Velocity: 11.67 m/s | Acceleration: 0.00 m/s2
Time step: 1 | Velocity: 11.61 m/s | Acceleration: -1.18 m/s2
Time step: 2 | Velocity: 11.46 m/s | Acceleration: -1.83 m/s2
Time step: 3 | Velocity: 11.26 m/s | Acceleration: -2.18 m/s2
Time step: 4 | Velocity: 11.17 m/s | Acceleration: 0.28 m/s2
Time step: 5 | Velocity: 11.27 m/s | Acceleration: 1.63 m/s2
Time step: 6 | Velocity: 11.47 m/s | Acceleration: 2.37 m/s2
Time step: 7 | Velocity: 11.73 m/s | Acceleration: 2.77 m/s2
Time step: 8 | Velocity: 11.97 m/s | Acceleration: 2.11 m/s2
Time step: 9 | Velocity: 12.12 m/s | Acceleration: 0.86 m/s2
Time step: 10 | Velocity: 12.17 m/s | Acceleration: 0.17 m/s2
Time step: 11 | Velocity: 12.12 m/s | Acceleration: -1.09 m/s2
Time step: 12 | Velocity: 12.02 m/s | Acceleration: -0.89 m/s2
Time step: 13 | Velocity: 11.94 m/s | Acceleration: -0.78 m/s2
Time step: 14 | Velocity: 11.86 m/s | Acceleration: -0.72 m/s2
Time step: 15 | Velocity: 11.80 m/s | Acceleration: -0.43 m/s2
Time step: 16 | Velocity: 11.76 m/s | Acceleration: -0.50 m/s2
Time step: 17 | Velocity: 11.70 m/s | Acceleration: -0.55 m/s2
Time step: 18 | Velocity: 11.66 m/s | Acceleration: -0.36 m/s2
Time step: 19 | Velocity: 11.63 m/s | Acceleration: -0.24 m/s2
Time step: 20 | Velocity: 11.63 m/s | Acceleration: 0.20 m/s2
Time step: 21 | Velocity: 11.66 m/s | Acceleration: 0.51 m/s2
Time step: 22 | Velocity: 11.75 m/s | Acceleration: 1.28 m/s2
Time step: 23 | Velocity: 11.91 m/s | Acceleration: 1.82 m/s2
Time step: 24 | Velocity: 12.11 m/s | Acceleration: 2.21 m/s2
Time step: 25 | Velocity: 12.35 m/s | Acceleration: 2.49 m/s2
Time step: 26 | Velocity: 12.61 m/s | Acceleration: 2.69 m/s2
Time step: 27 | Velocity: 12.88 m/s | Acceleration: 2.82 m/s2
Time step: 28 | Velocity: 13.17 m/s | Acceleration: 2.92 m/s2
Time step: 29 | Velocity: 13.47 m/s | Acceleration: 2.99 m/s2
Time step: 30 | Velocity: 13.77 m/s | Acceleration: 3.04 m/s2
Time step: 31 | Velocity: 14.08 m/s | Acceleration: 3.08 m/s2
[027/100] evaluating vv_026
agent_planning_problem_id_assignment: {20088: 20095}
Processing dynamic obstacle id: 20044
Processing dynamic obstacle id: 20087
Processing dynamic obstacle id: 20088
--- Initializing prediction network ---
Time step: 0 | Velocity: 12.30 m/s | Acceleration: 0.00 m/s2
Time step: 1 | Velocity: 12.22 m/s | Acceleration: -1.56 m/s2
Time step: 2 | Velocity: 12.03 m/s | Acceleration: -2.20 m/s2
Time step: 3 | Velocity: 11.92 m/s | Acceleration: -0.14 m/s2
Time step: 4 | Velocity: 11.91 m/s | Acceleration: -0.06 m/s2
Time step: 5 | Velocity: 12.01 m/s | Acceleration: 1.92 m/s2
Time step: 6 | Velocity: 12.12 m/s | Acceleration: 0.41 m/s2
Time step: 7 | Velocity: 12.13 m/s | Acceleration: -0.22 m/s2
Time step: 8 | Velocity: 12.09 m/s | Acceleration: -0.48 m/s2
Time step: 9 | Velocity: 12.04 m/s | Acceleration: -0.59 m/s2
Time step: 10 | Velocity: 11.91 m/s | Acceleration: -1.80 m/s2
Time step: 11 | Velocity: 11.70 m/s | Acceleration: -2.31 m/s2
Time step: 12 | Velocity: 11.52 m/s | Acceleration: -1.35 m/s2
Time step: 13 | Velocity: 11.43 m/s | Acceleration: -0.56 m/s2
Time step: 14 | Velocity: 11.39 m/s | Acceleration: -0.23 m/s2
Time step: 15 | Velocity: 11.42 m/s | Acceleration: 0.68 m/s2
Time step: 16 | Velocity: 11.51 m/s | Acceleration: 1.06 m/s2
Time step: 17 | Velocity: 11.58 m/s | Acceleration: 0.52 m/s2
Time step: 18 | Velocity: 11.62 m/s | Acceleration: 0.28 m/s2
Time step: 19 | Velocity: 11.67 m/s | Acceleration: 0.65 m/s2
Time step: 20 | Velocity: 11.75 m/s | Acceleration: 0.85 m/s2
Time step: 21 | Velocity: 11.87 m/s | Acceleration: 1.52 m/s2
Time step: 22 | Velocity: 12.04 m/s | Acceleration: 2.00 m/s2
Time step: 23 | Velocity: 12.26 m/s | Acceleration: 2.34 m/s2
Time step: 24 | Velocity: 12.51 m/s | Acceleration: 2.58 m/s2
Time step: 25 | Velocity: 12.77 m/s | Acceleration: 2.75 m/s2
Time step: 26 | Velocity: 13.05 m/s | Acceleration: 2.87 m/s2
Time step: 27 | Velocity: 13.34 m/s | Acceleration: 2.95 m/s2
Time step: 28 | Velocity: 13.64 m/s | Acceleration: 3.02 m/s2
Time step: 29 | Velocity: 13.95 m/s | Acceleration: 3.06 m/s2
[028/100] evaluating vv_027
agent_planning_problem_id_assignment: {20088: 20095}
Processing dynamic obstacle id: 20044
Processing dynamic obstacle id: 20087
Processing dynamic obstacle id: 20088
--- Initializing prediction network ---
Time step: 0 | Velocity: 12.07 m/s | Acceleration: 0.00 m/s2
Time step: 1 | Velocity: 11.97 m/s | Acceleration: -1.84 m/s2
Time step: 2 | Velocity: 11.75 m/s | Acceleration: -2.43 m/s2
Time step: 3 | Velocity: 11.49 m/s | Acceleration: -2.62 m/s2
Time step: 4 | Velocity: 11.22 m/s | Acceleration: -2.68 m/s2
Time step: 5 | Velocity: 10.95 m/s | Acceleration: -2.70 m/s2
Time step: 6 | Velocity: 10.68 m/s | Acceleration: -2.71 m/s2
Time step: 7 | Velocity: 10.41 m/s | Acceleration: -2.71 m/s2
Time step: 8 | Velocity: 10.23 m/s | Acceleration: -0.87 m/s2
Time step: 9 | Velocity: 10.08 m/s | Acceleration: -2.12 m/s2
Time step: 10 | Velocity: 9.99 m/s | Acceleration: 0.24 m/s2
Time step: 11 | Velocity: 10.06 m/s | Acceleration: 1.00 m/s2
Time step: 12 | Velocity: 10.12 m/s | Acceleration: 0.32 m/s2
Time step: 13 | Velocity: 10.14 m/s | Acceleration: 0.10 m/s2
Time step: 14 | Velocity: 10.05 m/s | Acceleration: -1.81 m/s2
Time step: 15 | Velocity: 9.83 m/s | Acceleration: -2.42 m/s2
Time step: 16 | Velocity: 9.58 m/s | Acceleration: -2.62 m/s2
Time step: 17 | Velocity: 9.31 m/s | Acceleration: -2.68 m/s2
Time step: 18 | Velocity: 9.19 m/s | Acceleration: 0.06 m/s2
Time step: 19 | Velocity: 9.32 m/s | Acceleration: 2.32 m/s2
Time step: 20 | Velocity: 9.59 m/s | Acceleration: 3.05 m/s2
Time step: 21 | Velocity: 9.84 m/s | Acceleration: 1.90 m/s2
Time step: 22 | Velocity: 10.08 m/s | Acceleration: 2.91 m/s2
Time step: 23 | Velocity: 10.17 m/s | Acceleration: -0.91 m/s2
Time step: 24 | Velocity: 10.21 m/s | Acceleration: 1.56 m/s2
Time step: 25 | Velocity: 10.32 m/s | Acceleration: 0.77 m/s2
Time step: 26 | Velocity: 10.46 m/s | Acceleration: 1.90 m/s2
Time step: 27 | Velocity: 10.69 m/s | Acceleration: 2.61 m/s2
Time step: 28 | Velocity: 10.96 m/s | Acceleration: 2.77 m/s2
Time step: 29 | Velocity: 11.24 m/s | Acceleration: 2.88 m/s2
Time step: 30 | Velocity: 11.53 m/s | Acceleration: 2.98 m/s2
Time step: 31 | Velocity: 11.84 m/s | Acceleration: 3.06 m/s2
Time step: 32 | Velocity: 12.16 m/s | Acceleration: 3.28 m/s2
Time step: 33 | Velocity: 12.49 m/s | Acceleration: 3.35 m/s2
Time step: 34 | Velocity: 12.61 m/s | Acceleration: -0.77 m/s2
Time step: 35 | Velocity: 12.68 m/s | Acceleration: 2.06 m/s2
[029/100] evaluating vv_028
agent_planning_problem_id_assignment: {20088: 20095}
Processing dynamic obstacle id: 20044
Processing dynamic obstacle id: 20087
Processing dynamic obstacle id: 20088
--- Initializing prediction network ---
Time step: 0 | Velocity: 11.44 m/s | Acceleration: 0.00 m/s2
Time step: 1 | Velocity: 11.34 m/s | Acceleration: -1.84 m/s2
Time step: 2 | Velocity: 11.13 m/s | Acceleration: -2.43 m/s2
Time step: 3 | Velocity: 10.87 m/s | Acceleration: -2.62 m/s2
Time step: 4 | Velocity: 10.60 m/s | Acceleration: -2.68 m/s2
Time step: 5 | Velocity: 10.33 m/s | Acceleration: -2.70 m/s2
Time step: 6 | Velocity: 10.06 m/s | Acceleration: -2.71 m/s2
Time step: 7 | Velocity: 9.78 m/s | Acceleration: -2.71 m/s2
Time step: 8 | Velocity: 9.66 m/s | Acceleration: 0.05 m/s2
Time step: 9 | Velocity: 9.56 m/s | Acceleration: -1.83 m/s2
Time step: 10 | Velocity: 9.35 m/s | Acceleration: -2.43 m/s2
Time step: 11 | Velocity: 9.09 m/s | Acceleration: -2.62 m/s2
Time step: 12 | Velocity: 8.83 m/s | Acceleration: -2.68 m/s2
Time step: 13 | Velocity: 8.65 m/s | Acceleration: -0.86 m/s2
Time step: 14 | Velocity: 8.65 m/s | Acceleration: 0.65 m/s2
Time step: 15 | Velocity: 8.59 m/s | Acceleration: -1.64 m/s2
Time step: 16 | Velocity: 8.61 m/s | Acceleration: 1.78 m/s2
Time step: 17 | Velocity: 8.85 m/s | Acceleration: 2.87 m/s2
Time step: 18 | Velocity: 9.16 m/s | Acceleration: 3.22 m/s2
Time step: 19 | Velocity: 9.49 m/s | Acceleration: 3.34 m/s2
Time step: 20 | Velocity: 9.83 m/s | Acceleration: 3.37 m/s2
[FrenetPlanner] timestep=21: using max-risk fallback trajectory
Time step: 21 | Velocity: 10.02 m/s | Acceleration: 0.62 m/s2
[FrenetPlanner] timestep=22: using max-risk fallback trajectory
/home/yanjun/NewDisk/beliefplanning/.venv38/lib/python3.8/site-packages/prediction/main.py:410: FutureWarning: You are using `torch.load` with `weights_only=False` (the current default value), which uses the default pickle module implicitly. It is possible to construct malicious pickle data which will execute arbitrary code during unpickling (See https://github.com/pytorch/pytorch/blob/main/SECURITY.md#untrusted-models for more details). In a future release, the default value for `weights_only` will be flipped to `True`. This limits the functions that could be executed during unpickling. Arbitrary objects will no longer be allowed to be loaded via this mode unless they are explicitly allowlisted by the user via `torch.serialization.add_safe_globals`. We recommend you start setting `weights_only=True` for any use case where you don't have full control of the loaded file. Please open an issue on GitHub for any issues related to this experimental feature.
  saved_model_dict = torch.load(self.model_path)
/home/yanjun/NewDisk/beliefplanning/.venv38/lib/python3.8/site-packages/commonroad/scenario/scenario.py:314: UserWarning: Not a valid scenario id: vv_026
  warnings.warn('Not a valid scenario id: ' + benchmark_id)
/home/yanjun/NewDisk/beliefplanning/.venv38/lib/python3.8/site-packages/commonroad/common/file_reader.py:461: UserWarning: Unknown country: Default traffic sign IDs are used. Specified country: vv_
  warnings.warn("Unknown country: Default traffic sign IDs are used. Specified country: " + country)
/home/yanjun/NewDisk/beliefplanning/.venv38/lib/python3.8/site-packages/prediction/main.py:410: FutureWarning: You are using `torch.load` with `weights_only=False` (the current default value), which uses the default pickle module implicitly. It is possible to construct malicious pickle data which will execute arbitrary code during unpickling (See https://github.com/pytorch/pytorch/blob/main/SECURITY.md#untrusted-models for more details). In a future release, the default value for `weights_only` will be flipped to `True`. This limits the functions that could be executed during unpickling. Arbitrary objects will no longer be allowed to be loaded via this mode unless they are explicitly allowlisted by the user via `torch.serialization.add_safe_globals`. We recommend you start setting `weights_only=True` for any use case where you don't have full control of the loaded file. Please open an issue on GitHub for any issues related to this experimental feature.
  saved_model_dict = torch.load(self.model_path)
/home/yanjun/NewDisk/beliefplanning/.venv38/lib/python3.8/site-packages/commonroad/scenario/scenario.py:314: UserWarning: Not a valid scenario id: vv_027
  warnings.warn('Not a valid scenario id: ' + benchmark_id)
/home/yanjun/NewDisk/beliefplanning/.venv38/lib/python3.8/site-packages/commonroad/common/file_reader.py:461: UserWarning: Unknown country: Default traffic sign IDs are used. Specified country: vv_
  warnings.warn("Unknown country: Default traffic sign IDs are used. Specified country: " + country)
/home/yanjun/NewDisk/beliefplanning/.venv38/lib/python3.8/site-packages/prediction/main.py:410: FutureWarning: You are using `torch.load` with `weights_only=False` (the current default value), which uses the default pickle module implicitly. It is possible to construct malicious pickle data which will execute arbitrary code during unpickling (See https://github.com/pytorch/pytorch/blob/main/SECURITY.md#untrusted-models for more details). In a future release, the default value for `weights_only` will be flipped to `True`. This limits the functions that could be executed during unpickling. Arbitrary objects will no longer be allowed to be loaded via this mode unless they are explicitly allowlisted by the user via `torch.serialization.add_safe_globals`. We recommend you start setting `weights_only=True` for any use case where you don't have full control of the loaded file. Please open an issue on GitHub for any issues related to this experimental feature.
  saved_model_dict = torch.load(self.model_path)
/home/yanjun/NewDisk/beliefplanning/.venv38/lib/python3.8/site-packages/commonroad/scenario/scenario.py:314: UserWarning: Not a valid scenario id: vv_028
  warnings.warn('Not a valid scenario id: ' + benchmark_id)
/home/yanjun/NewDisk/beliefplanning/.venv38/lib/python3.8/site-packages/commonroad/common/file_reader.py:461: UserWarning: Unknown country: Default traffic sign IDs are used. Specified country: vv_
  warnings.warn("Unknown country: Default traffic sign IDs are used. Specified country: " + country)
/home/yanjun/NewDisk/beliefplanning/.venv38/lib/python3.8/site-packages/prediction/main.py:410: FutureWarning: You are using `torch.load` with `weights_only=False` (the current default value), which uses the default pickle module implicitly. It is possible to construct malicious pickle data which will execute arbitrary code during unpickling (See https://github.com/pytorch/pytorch/blob/main/SECURITY.md#untrusted-models for more details). In a future release, the default value for `weights_only` will be flipped to `True`. This limits the functions that could be executed during unpickling. Arbitrary objects will no longer be allowed to be loaded via this mode unless they are explicitly allowlisted by the user via `torch.serialization.add_safe_globals`. We recommend you start setting `weights_only=True` for any use case where you don't have full control of the loaded file. Please open an issue on GitHub for any issues related to this experimental feature.
  saved_model_dict = torch.load(self.model_path)
Traceback (most recent call last):
  File "/tmp/beliefplanning_pkg_85hhmdeg/beliefplanning/test_fot_junction/evaluate_vv_batch.py", line 83, in eval_scenario
    self._simulate()
  File "/tmp/beliefplanning_pkg_85hhmdeg/beliefplanning/planner/plannertools/scenario_handler.py", line 279, in _simulate
    self._check_collision_simple(agent=agent, time_step=time_step)
  File "/tmp/beliefplanning_pkg_85hhmdeg/beliefplanning/planner/plannertools/scenario_handler.py", line 662, in _check_collision_simple
    raise NoLocalTrajectoryFoundError("Collision detected.")
commonroad_helper_functions.exceptions.NoLocalTrajectoryFoundError: Collision detected.
/home/yanjun/NewDisk/beliefplanning/.venv38/lib/python3.8/site-packages/commonroad/scenario/scenario.py:314: UserWarning: Not a valid scenario id: vv_029
  warnings.warn('Not a valid scenario id: ' + benchmark_id)
/home/yanjun/NewDisk/beliefplanning/.venv38/lib/python3.8/site-packages/commonroad/common/file_reader.py:461: UserWarning: Unknown country: Default traffic sign IDs are used. Specified country: vv_
  warnings.warn("Unknown country: Default traffic sign IDs are used. Specified country: " + country)
/home/yanjun/NewDisk/beliefplanning/.venv38/lib/python3.8/site-packages/prediction/main.py:410: FutureWarning: You are using `torch.load` with `weights_only=False` (the current default value), which uses the default pickle module implicitly. It is possible to construct malicious pickle data which will execute arbitrary code during unpickling (See https://github.com/pytorch/pytorch/blob/main/SECURITY.md#untrusted-models for more details). In a future release, the default value for `weights_only` will be flipped to `True`. This limits the functions that could be executed during unpickling. Arbitrary objects will no longer be allowed to be loaded via this mode unless they are explicitly allowlisted by the user via `torch.serialization.add_safe_globals`. We recommend you start setting `weights_only=True` for any use case where you don't have full control of the loaded file. Please open an issue on GitHub for any issues related to this experimental feature.
  saved_model_dict = torch.load(self.model_path)
/home/yanjun/NewDisk/beliefplanning/.venv38/lib/python3.8/site-packages/commonroad/scenario/scenario.py:314: UserWarning: Not a valid scenario id: vv_030
  warnings.warn('Not a valid scenario id: ' + benchmark_id)
Time step: 22 | Velocity: 9.96 m/s | Acceleration: -1.65 m/s2
[FrenetPlanner] timestep=23: using max-risk fallback trajectory
Time step: 23 | Velocity: 9.76 m/s | Acceleration: -2.24 m/s2
[FrenetPlanner] timestep=24: using max-risk fallback trajectory
Time step: 24 | Velocity: 9.53 m/s | Acceleration: -2.44 m/s2
[FrenetPlanner] timestep=25: using max-risk fallback trajectory
Time step: 25 | Velocity: 9.27 m/s | Acceleration: -2.57 m/s2
[FrenetPlanner] timestep=26: using max-risk fallback trajectory
Time step: 26 | Velocity: 9.01 m/s | Acceleration: -2.60 m/s2
[FrenetPlanner] timestep=27: using max-risk fallback trajectory
Time step: 27 | Velocity: 8.75 m/s | Acceleration: -2.61 m/s2
recorded/hand-crafted/vv_samples/vv_028.xml >>> Collision detected.
[030/100] evaluating vv_029
agent_planning_problem_id_assignment: {20088: 20095}
Processing dynamic obstacle id: 20044
Processing dynamic obstacle id: 20087
Processing dynamic obstacle id: 20088
--- Initializing prediction network ---
Time step: 0 | Velocity: 12.36 m/s | Acceleration: 0.00 m/s2
Time step: 1 | Velocity: 12.26 m/s | Acceleration: -1.84 m/s2
Time step: 2 | Velocity: 12.04 m/s | Acceleration: -2.43 m/s2
Time step: 3 | Velocity: 11.79 m/s | Acceleration: -2.62 m/s2
Time step: 4 | Velocity: 11.52 m/s | Acceleration: -2.68 m/s2
Time step: 5 | Velocity: 11.25 m/s | Acceleration: -2.70 m/s2
Time step: 6 | Velocity: 10.97 m/s | Acceleration: -2.71 m/s2
Time step: 7 | Velocity: 10.70 m/s | Acceleration: -2.71 m/s2
Time step: 8 | Velocity: 10.50 m/s | Acceleration: -1.33 m/s2
Time step: 9 | Velocity: 10.54 m/s | Acceleration: 1.88 m/s2
Time step: 10 | Velocity: 10.79 m/s | Acceleration: 2.91 m/s2
Time step: 11 | Velocity: 10.87 m/s | Acceleration: -0.91 m/s2
Time step: 12 | Velocity: 10.86 m/s | Acceleration: 0.63 m/s2
Time step: 13 | Velocity: 10.88 m/s | Acceleration: -0.26 m/s2
Time step: 14 | Velocity: 10.86 m/s | Acceleration: -0.08 m/s2
Time step: 15 | Velocity: 10.91 m/s | Acceleration: 0.90 m/s2
Time step: 16 | Velocity: 11.01 m/s | Acceleration: 1.21 m/s2
Time step: 17 | Velocity: 11.14 m/s | Acceleration: 1.31 m/s2
Time step: 18 | Velocity: 11.28 m/s | Acceleration: 1.34 m/s2
Time step: 19 | Velocity: 11.41 m/s | Acceleration: 1.34 m/s2
Time step: 20 | Velocity: 11.54 m/s | Acceleration: 1.33 m/s2
Time step: 21 | Velocity: 11.64 m/s | Acceleration: 0.65 m/s2
Time step: 22 | Velocity: 11.69 m/s | Acceleration: 0.39 m/s2
Time step: 23 | Velocity: 11.75 m/s | Acceleration: 0.72 m/s2
Time step: 24 | Velocity: 11.86 m/s | Acceleration: 1.43 m/s2
Time step: 25 | Velocity: 12.03 m/s | Acceleration: 1.98 m/s2
Time step: 26 | Velocity: 12.25 m/s | Acceleration: 2.39 m/s2
Time step: 27 | Velocity: 12.50 m/s | Acceleration: 2.61 m/s2
Time step: 28 | Velocity: 12.77 m/s | Acceleration: 2.79 m/s2
Time step: 29 | Velocity: 13.06 m/s | Acceleration: 2.95 m/s2
Time step: 30 | Velocity: 13.36 m/s | Acceleration: 3.09 m/s2
Time step: 31 | Velocity: 13.68 m/s | Acceleration: 3.19 m/s2
Time step: 32 | Velocity: 14.00 m/s | Acceleration: 3.27 m/s2
[031/100] evaluating vv_030
agent_planning_problem_id_assignment: {20088: 20095}
Processing dynamic obstacle id: 20044
Processing dynamic obstacle id: 20087
Processing dynamic obstacle id: 20088
--- Initializing prediction network ---
Time step: 0 | Velocity: 11.45 m/s | Acceleration: 0.00 m/s2
Time step: 1 | Velocity: 11.35 m/s | Acceleration: -1.84 m/s2
Time step: 2 | Velocity: 11.13 m/s | Acceleration: -2.43 m/s2
Time step: 3 | Velocity: 10.88 m/s | Acceleration: -2.62 m/s2
Time step: 4 | Velocity: 10.61 m/s | Acceleration: -2.68 m/s2
Time step: 5 | Velocity: 10.34 m/s | Acceleration: -2.70 m/s2
Time step: 6 | Velocity: 10.07 m/s | Acceleration: -2.71 m/s2
Time step: 7 | Velocity: 9.79 m/s | Acceleration: -2.71 m/s2
Time step: 8 | Velocity: 9.67 m/s | Acceleration: 0.05 m/s2
Time step: 9 | Velocity: 9.57 m/s | Acceleration: -1.83 m/s2
Time step: 10 | Velocity: 9.36 m/s | Acceleration: -2.43 m/s2
Time step: 11 | Velocity: 9.10 m/s | Acceleration: -2.62 m/s2
Time step: 12 | Velocity: 8.91 m/s | Acceleration: -1.30 m/s2
Time step: 13 | Velocity: 8.87 m/s | Acceleration: 0.51 m/s2
Time step: 14 | Velocity: 9.03 m/s | Acceleration: 2.47 m/s2
Time step: 15 | Velocity: 9.09 m/s | Acceleration: -1.05 m/s2
Time step: 16 | Velocity: 8.92 m/s | Acceleration: -2.18 m/s2
Time step: 17 | Velocity: 8.68 m/s | Acceleration: -2.54 m/s2
Time step: 18 | Velocity: 8.42 m/s | Acceleration: -2.66 m/s2
Time step: 19 | Velocity: 8.15 m/s | Acceleration: -2.69 m/s2
Time step: 20 | Velocity: 7.88 m/s | Acceleration: -2.71 m/s2
Time step: 21 | Velocity: 7.76 m/s | Acceleration: 0.06 m/s2
Time step: 22 | Velocity: 7.66 m/s | Acceleration: -1.83 m/s2
[FrenetPlanner] timestep=23: using max-risk fallback trajectory
Time step: 23 | Velocity: 7.44 m/s | Acceleration: -2.43 m/s2
[FrenetPlanner] timestep=24: using max-risk fallback trajectory
Time step: 24 | Velocity: 7.19 m/s | Acceleration: -2.62 m/s2
Time step: 25 | Velocity: 6.92 m/s | Acceleration: -2.65 m/s2
[FrenetPlanner] timestep=26: using max-risk fallback trajectory
Time step: 26 | Velocity: 6.72 m/s | Acceleration: -1.49 m/s2
[FrenetPlanner] timestep=27: using max-risk fallback trajectory
Time step: 27 | Velocity: 6.54 m/s | Acceleration: -2.07 m/s2
[FrenetPlanner] timestep=28: using max-risk fallback trajectory
Time step: 28 | Velocity: 6.32 m/s | Acceleration: -2.28 m/s2
[FrenetPlanner] timestep=29: using max-risk fallback trajectory
Time step: 29 | Velocity: 6.12 m/s | Acceleration: -1.68 m/s2
[FrenetPlanner] timestep=30: using max-risk fallback trajectory
Time step: 30 | Velocity: 5.94 m/s | Acceleration: -1.95 m/s2
[FrenetPlanner] timestep=31: using max-risk fallback trajectory
Time step: 31 | Velocity: 5.74 m/s | Acceleration: -2.13 m/s2
recorded/hand-crafted/vv_samples/vv_030.xml >>> Collision detected.
[032/100] evaluating vv_031
agent_planning_problem_id_assignment: {20088: 20095}
Processing dynamic obstacle id: 20044
Processing dynamic obstacle id: 20087
Processing dynamic obstacle id: 20088
--- Initializing prediction network ---
Time step: 0 | Velocity: 12.30 m/s | Acceleration: 0.00 m/s2
Time step: 1 | Velocity: 12.40 m/s | Acceleration: 1.94 m/s2
Time step: 2 | Velocity: 12.64 m/s | Acceleration: 2.75 m/s2
Time step: 3 | Velocity: 12.87 m/s | Acceleration: 1.93 m/s2
Time step: 4 | Velocity: 13.05 m/s | Acceleration: 1.58 m/s2
Time step: 5 | Velocity: 13.16 m/s | Acceleration: 0.66 m/s2
Time step: 6 | Velocity: 13.20 m/s | Acceleration: 0.27 m/s2
Time step: 7 | Velocity: 13.22 m/s | Acceleration: 0.11 m/s2
Time step: 8 | Velocity: 13.15 m/s | Acceleration: -1.51 m/s2
Time step: 9 | Velocity: 12.96 m/s | Acceleration: -2.18 m/s2
Time step: 10 | Velocity: 12.73 m/s | Acceleration: -2.47 m/s2
Time step: 11 | Velocity: 12.47 m/s | Acceleration: -2.58 m/s2
Time step: 12 | Velocity: 12.21 m/s | Acceleration: -2.63 m/s2
Time step: 13 | Velocity: 12.01 m/s | Acceleration: -1.49 m/s2
Time step: 14 | Velocity: 11.90 m/s | Acceleration: -0.62 m/s2
Time step: 15 | Velocity: 11.86 m/s | Acceleration: -0.30 m/s2
Time step: 16 | Velocity: 11.83 m/s | Acceleration: -0.17 m/s2
Time step: 17 | Velocity: 11.82 m/s | Acceleration: -0.10 m/s2
Time step: 18 | Velocity: 11.83 m/s | Acceleration: 0.29 m/s2
Time step: 19 | Velocity: 11.88 m/s | Acceleration: 0.58 m/s2
Time step: 20 | Velocity: 11.97 m/s | Acceleration: 1.33 m/s2
Time step: 21 | Velocity: 12.13 m/s | Acceleration: 1.86 m/s2
Time step: 22 | Velocity: 12.34 m/s | Acceleration: 2.24 m/s2
Time step: 23 | Velocity: 12.57 m/s | Acceleration: 2.51 m/s2
Time step: 24 | Velocity: 12.84 m/s | Acceleration: 2.70 m/s2
Time step: 25 | Velocity: 13.11 m/s | Acceleration: 2.85 m/s2
Time step: 26 | Velocity: 13.41 m/s | Acceleration: 2.98 m/s2
Time step: 27 | Velocity: 13.71 m/s | Acceleration: 3.11 m/s2
Time step: 28 | Velocity: 14.03 m/s | Acceleration: 3.20 m/s2
[033/100] evaluating vv_032
agent_planning_problem_id_assignment: {20088: 20095}
Processing dynamic obstacle id: 20044
Processing dynamic obstacle id: 20087
Processing dynamic obstacle id: 20088
--- Initializing prediction network ---
Time step: 0 | Velocity: 11.50 m/s | Acceleration: 0.00 m/s2
/home/yanjun/NewDisk/beliefplanning/.venv38/lib/python3.8/site-packages/commonroad/common/file_reader.py:461: UserWarning: Unknown country: Default traffic sign IDs are used. Specified country: vv_
  warnings.warn("Unknown country: Default traffic sign IDs are used. Specified country: " + country)
/home/yanjun/NewDisk/beliefplanning/.venv38/lib/python3.8/site-packages/prediction/main.py:410: FutureWarning: You are using `torch.load` with `weights_only=False` (the current default value), which uses the default pickle module implicitly. It is possible to construct malicious pickle data which will execute arbitrary code during unpickling (See https://github.com/pytorch/pytorch/blob/main/SECURITY.md#untrusted-models for more details). In a future release, the default value for `weights_only` will be flipped to `True`. This limits the functions that could be executed during unpickling. Arbitrary objects will no longer be allowed to be loaded via this mode unless they are explicitly allowlisted by the user via `torch.serialization.add_safe_globals`. We recommend you start setting `weights_only=True` for any use case where you don't have full control of the loaded file. Please open an issue on GitHub for any issues related to this experimental feature.
  saved_model_dict = torch.load(self.model_path)
Traceback (most recent call last):
  File "/tmp/beliefplanning_pkg_85hhmdeg/beliefplanning/test_fot_junction/evaluate_vv_batch.py", line 83, in eval_scenario
    self._simulate()
  File "/tmp/beliefplanning_pkg_85hhmdeg/beliefplanning/planner/plannertools/scenario_handler.py", line 279, in _simulate
    self._check_collision_simple(agent=agent, time_step=time_step)
  File "/tmp/beliefplanning_pkg_85hhmdeg/beliefplanning/planner/plannertools/scenario_handler.py", line 662, in _check_collision_simple
    raise NoLocalTrajectoryFoundError("Collision detected.")
commonroad_helper_functions.exceptions.NoLocalTrajectoryFoundError: Collision detected.
/home/yanjun/NewDisk/beliefplanning/.venv38/lib/python3.8/site-packages/commonroad/scenario/scenario.py:314: UserWarning: Not a valid scenario id: vv_031
  warnings.warn('Not a valid scenario id: ' + benchmark_id)
/home/yanjun/NewDisk/beliefplanning/.venv38/lib/python3.8/site-packages/commonroad/common/file_reader.py:461: UserWarning: Unknown country: Default traffic sign IDs are used. Specified country: vv_
  warnings.warn("Unknown country: Default traffic sign IDs are used. Specified country: " + country)
/home/yanjun/NewDisk/beliefplanning/.venv38/lib/python3.8/site-packages/prediction/main.py:410: FutureWarning: You are using `torch.load` with `weights_only=False` (the current default value), which uses the default pickle module implicitly. It is possible to construct malicious pickle data which will execute arbitrary code during unpickling (See https://github.com/pytorch/pytorch/blob/main/SECURITY.md#untrusted-models for more details). In a future release, the default value for `weights_only` will be flipped to `True`. This limits the functions that could be executed during unpickling. Arbitrary objects will no longer be allowed to be loaded via this mode unless they are explicitly allowlisted by the user via `torch.serialization.add_safe_globals`. We recommend you start setting `weights_only=True` for any use case where you don't have full control of the loaded file. Please open an issue on GitHub for any issues related to this experimental feature.
  saved_model_dict = torch.load(self.model_path)
/home/yanjun/NewDisk/beliefplanning/.venv38/lib/python3.8/site-packages/commonroad/scenario/scenario.py:314: UserWarning: Not a valid scenario id: vv_032
  warnings.warn('Not a valid scenario id: ' + benchmark_id)
/home/yanjun/NewDisk/beliefplanning/.venv38/lib/python3.8/site-packages/commonroad/common/file_reader.py:461: UserWarning: Unknown country: Default traffic sign IDs are used. Specified country: vv_
  warnings.warn("Unknown country: Default traffic sign IDs are used. Specified country: " + country)
/home/yanjun/NewDisk/beliefplanning/.venv38/lib/python3.8/site-packages/prediction/main.py:410: FutureWarning: You are using `torch.load` with `weights_only=False` (the current default value), which uses the default pickle module implicitly. It is possible to construct malicious pickle data which will execute arbitrary code during unpickling (See https://github.com/pytorch/pytorch/blob/main/SECURITY.md#untrusted-models for more details). In a future release, the default value for `weights_only` will be flipped to `True`. This limits the functions that could be executed during unpickling. Arbitrary objects will no longer be allowed to be loaded via this mode unless they are explicitly allowlisted by the user via `torch.serialization.add_safe_globals`. We recommend you start setting `weights_only=True` for any use case where you don't have full control of the loaded file. Please open an issue on GitHub for any issues related to this experimental feature.
  saved_model_dict = torch.load(self.model_path)
/home/yanjun/NewDisk/beliefplanning/.venv38/lib/python3.8/site-packages/commonroad/scenario/scenario.py:314: UserWarning: Not a valid scenario id: vv_033
  warnings.warn('Not a valid scenario id: ' + benchmark_id)
/home/yanjun/NewDisk/beliefplanning/.venv38/lib/python3.8/site-packages/commonroad/common/file_reader.py:461: UserWarning: Unknown country: Default traffic sign IDs are used. Specified country: vv_
  warnings.warn("Unknown country: Default traffic sign IDs are used. Specified country: " + country)
/home/yanjun/NewDisk/beliefplanning/.venv38/lib/python3.8/site-packages/prediction/main.py:410: FutureWarning: You are using `torch.load` with `weights_only=False` (the current default value), which uses the default pickle module implicitly. It is possible to construct malicious pickle data which will execute arbitrary code during unpickling (See https://github.com/pytorch/pytorch/blob/main/SECURITY.md#untrusted-models for more details). In a future release, the default value for `weights_only` will be flipped to `True`. This limits the functions that could be executed during unpickling. Arbitrary objects will no longer be allowed to be loaded via this mode unless they are explicitly allowlisted by the user via `torch.serialization.add_safe_globals`. We recommend you start setting `weights_only=True` for any use case where you don't have full control of the loaded file. Please open an issue on GitHub for any issues related to this experimental feature.
  saved_model_dict = torch.load(self.model_path)
/home/yanjun/NewDisk/beliefplanning/.venv38/lib/python3.8/site-packages/commonroad/scenario/scenario.py:314: UserWarning: Not a valid scenario id: vv_034
  warnings.warn('Not a valid scenario id: ' + benchmark_id)
/home/yanjun/NewDisk/beliefplanning/.venv38/lib/python3.8/site-packages/commonroad/common/file_reader.py:461: UserWarning: Unknown country: Default traffic sign IDs are used. Specified country: vv_
  warnings.warn("Unknown country: Default traffic sign IDs are used. Specified country: " + country)
/home/yanjun/NewDisk/beliefplanning/.venv38/lib/python3.8/site-packages/prediction/main.py:410: FutureWarning: You are using `torch.load` with `weights_only=False` (the current default value), which uses the default pickle module implicitly. It is possible to construct malicious pickle data which will execute arbitrary code during unpickling (See https://github.com/pytorch/pytorch/blob/main/SECURITY.md#untrusted-models for more details). In a future release, the default value for `weights_only` will be flipped to `True`. This limits the functions that could be executed during unpickling. Arbitrary objects will no longer be allowed to be loaded via this mode unless they are explicitly allowlisted by the user via `torch.serialization.add_safe_globals`. We recommend you start setting `weights_only=True` for any use case where you don't have full control of the loaded file. Please open an issue on GitHub for any issues related to this experimental feature.
  saved_model_dict = torch.load(self.model_path)
Time step: 1 | Velocity: 11.43 m/s | Acceleration: -1.34 m/s2
Time step: 2 | Velocity: 11.26 m/s | Acceleration: -2.00 m/s2
Time step: 3 | Velocity: 11.04 m/s | Acceleration: -2.32 m/s2
Time step: 4 | Velocity: 10.80 m/s | Acceleration: -2.48 m/s2
Time step: 5 | Velocity: 10.55 m/s | Acceleration: -2.56 m/s2
Time step: 6 | Velocity: 10.29 m/s | Acceleration: -2.60 m/s2
Time step: 7 | Velocity: 10.03 m/s | Acceleration: -2.62 m/s2
Time step: 8 | Velocity: 9.87 m/s | Acceleration: -0.61 m/s2
Time step: 9 | Velocity: 9.75 m/s | Acceleration: -1.64 m/s2
Time step: 10 | Velocity: 9.67 m/s | Acceleration: -0.13 m/s2
Time step: 11 | Velocity: 9.75 m/s | Acceleration: 1.61 m/s2
Time step: 12 | Velocity: 9.95 m/s | Acceleration: 2.47 m/s2
Time step: 13 | Velocity: 10.22 m/s | Acceleration: 2.89 m/s2
Time step: 14 | Velocity: 10.53 m/s | Acceleration: 3.09 m/s2
Time step: 15 | Velocity: 10.79 m/s | Acceleration: 2.19 m/s2
Time step: 16 | Velocity: 10.98 m/s | Acceleration: 1.74 m/s2
Time step: 17 | Velocity: 11.11 m/s | Acceleration: 0.85 m/s2
Time step: 18 | Velocity: 11.16 m/s | Acceleration: 0.17 m/s2
Time step: 19 | Velocity: 11.20 m/s | Acceleration: 0.63 m/s2
Time step: 20 | Velocity: 11.26 m/s | Acceleration: 0.43 m/s2
Time step: 21 | Velocity: 11.29 m/s | Acceleration: 0.31 m/s2
Time step: 22 | Velocity: 11.32 m/s | Acceleration: 0.22 m/s2
Time step: 23 | Velocity: 11.36 m/s | Acceleration: 0.52 m/s2
Time step: 24 | Velocity: 11.45 m/s | Acceleration: 1.29 m/s2
Time step: 25 | Velocity: 11.61 m/s | Acceleration: 1.83 m/s2
Time step: 26 | Velocity: 11.81 m/s | Acceleration: 2.22 m/s2
Time step: 27 | Velocity: 12.04 m/s | Acceleration: 2.49 m/s2
Time step: 28 | Velocity: 12.30 m/s | Acceleration: 2.69 m/s2
Time step: 29 | Velocity: 12.58 m/s | Acceleration: 2.83 m/s2
Time step: 30 | Velocity: 12.87 m/s | Acceleration: 2.92 m/s2
Time step: 31 | Velocity: 13.16 m/s | Acceleration: 2.99 m/s2
Time step: 32 | Velocity: 13.47 m/s | Acceleration: 3.04 m/s2
Time step: 33 | Velocity: 13.77 m/s | Acceleration: 3.08 m/s2
[034/100] evaluating vv_033
agent_planning_problem_id_assignment: {20088: 20095}
Processing dynamic obstacle id: 20044
Processing dynamic obstacle id: 20087
Processing dynamic obstacle id: 20088
--- Initializing prediction network ---
Time step: 0 | Velocity: 12.24 m/s | Acceleration: 0.00 m/s2
Time step: 1 | Velocity: 12.14 m/s | Acceleration: -1.84 m/s2
Time step: 2 | Velocity: 11.92 m/s | Acceleration: -2.43 m/s2
Time step: 3 | Velocity: 11.66 m/s | Acceleration: -2.62 m/s2
Time step: 4 | Velocity: 11.40 m/s | Acceleration: -2.68 m/s2
Time step: 5 | Velocity: 11.12 m/s | Acceleration: -2.70 m/s2
Time step: 6 | Velocity: 10.85 m/s | Acceleration: -2.71 m/s2
Time step: 7 | Velocity: 10.58 m/s | Acceleration: -2.71 m/s2
Time step: 8 | Velocity: 10.31 m/s | Acceleration: -2.71 m/s2
Time step: 9 | Velocity: 10.18 m/s | Acceleration: 0.05 m/s2
Time step: 10 | Velocity: 10.16 m/s | Acceleration: -0.44 m/s2
Time step: 11 | Velocity: 10.03 m/s | Acceleration: -1.99 m/s2
Time step: 12 | Velocity: 9.88 m/s | Acceleration: -1.10 m/s2
Time step: 13 | Velocity: 9.71 m/s | Acceleration: -2.19 m/s2
Time step: 14 | Velocity: 9.57 m/s | Acceleration: -0.70 m/s2
Time step: 15 | Velocity: 9.65 m/s | Acceleration: 2.08 m/s2
Time step: 16 | Velocity: 9.91 m/s | Acceleration: 2.97 m/s2
Time step: 17 | Velocity: 10.22 m/s | Acceleration: 3.25 m/s2
Time step: 18 | Velocity: 10.56 m/s | Acceleration: 3.35 m/s2
Time step: 19 | Velocity: 10.67 m/s | Acceleration: -0.77 m/s2
Time step: 20 | Velocity: 10.62 m/s | Acceleration: -0.25 m/s2
Time step: 21 | Velocity: 10.65 m/s | Acceleration: 0.84 m/s2
Time step: 22 | Velocity: 10.68 m/s | Acceleration: -0.19 m/s2
Time step: 23 | Velocity: 10.57 m/s | Acceleration: -1.90 m/s2
Time step: 24 | Velocity: 10.48 m/s | Acceleration: -0.02 m/s2
Time step: 25 | Velocity: 10.57 m/s | Acceleration: 1.67 m/s2
Time step: 26 | Velocity: 10.77 m/s | Acceleration: 2.31 m/s2
Time step: 27 | Velocity: 11.02 m/s | Acceleration: 2.64 m/s2
Time step: 28 | Velocity: 11.29 m/s | Acceleration: 2.79 m/s2
Time step: 29 | Velocity: 11.57 m/s | Acceleration: 2.90 m/s2
Time step: 30 | Velocity: 11.87 m/s | Acceleration: 2.98 m/s2
Time step: 31 | Velocity: 12.17 m/s | Acceleration: 3.03 m/s2
Time step: 32 | Velocity: 12.39 m/s | Acceleration: 1.42 m/s2
Time step: 33 | Velocity: 12.47 m/s | Acceleration: 0.27 m/s2
Time step: 34 | Velocity: 12.39 m/s | Acceleration: -1.76 m/s2
Time step: 35 | Velocity: 12.18 m/s | Acceleration: -2.41 m/s2
[035/100] evaluating vv_034
agent_planning_problem_id_assignment: {20088: 20095}
Processing dynamic obstacle id: 20044
Processing dynamic obstacle id: 20087
Processing dynamic obstacle id: 20088
--- Initializing prediction network ---
Time step: 0 | Velocity: 11.72 m/s | Acceleration: 0.00 m/s2
Time step: 1 | Velocity: 11.65 m/s | Acceleration: -1.34 m/s2
Time step: 2 | Velocity: 11.48 m/s | Acceleration: -2.00 m/s2
Time step: 3 | Velocity: 11.26 m/s | Acceleration: -2.32 m/s2
Time step: 4 | Velocity: 11.02 m/s | Acceleration: -2.48 m/s2
Time step: 5 | Velocity: 10.76 m/s | Acceleration: -2.56 m/s2
Time step: 6 | Velocity: 10.50 m/s | Acceleration: -2.60 m/s2
Time step: 7 | Velocity: 10.24 m/s | Acceleration: -2.62 m/s2
Time step: 8 | Velocity: 10.09 m/s | Acceleration: -0.61 m/s2
Time step: 9 | Velocity: 9.97 m/s | Acceleration: -1.64 m/s2
Time step: 10 | Velocity: 9.88 m/s | Acceleration: -0.13 m/s2
Time step: 11 | Velocity: 9.86 m/s | Acceleration: -0.40 m/s2
Time step: 12 | Velocity: 9.86 m/s | Acceleration: 0.48 m/s2
Time step: 13 | Velocity: 9.90 m/s | Acceleration: 0.23 m/s2
Time step: 14 | Velocity: 9.90 m/s | Acceleration: -0.22 m/s2
Time step: 15 | Velocity: 9.92 m/s | Acceleration: 0.56 m/s2
Time step: 16 | Velocity: 9.89 m/s | Acceleration: -1.07 m/s2
Time step: 17 | Velocity: 9.90 m/s | Acceleration: 1.16 m/s2
Time step: 18 | Velocity: 10.02 m/s | Acceleration: 1.24 m/s2
Time step: 19 | Velocity: 10.14 m/s | Acceleration: 1.28 m/s2
Time step: 20 | Velocity: 10.24 m/s | Acceleration: 0.70 m/s2
Time step: 21 | Velocity: 10.30 m/s | Acceleration: 0.44 m/s2
Time step: 22 | Velocity: 10.40 m/s | Acceleration: 1.47 m/s2
Time step: 23 | Velocity: 10.54 m/s | Acceleration: 1.40 m/s2
Time step: 24 | Velocity: 10.71 m/s | Acceleration: 1.92 m/s2
Time step: 25 | Velocity: 10.92 m/s | Acceleration: 2.28 m/s2
Time step: 26 | Velocity: 11.16 m/s | Acceleration: 2.53 m/s2
Time step: 27 | Velocity: 11.42 m/s | Acceleration: 2.72 m/s2
Time step: 28 | Velocity: 11.70 m/s | Acceleration: 2.85 m/s2
Time step: 29 | Velocity: 11.99 m/s | Acceleration: 2.94 m/s2
Time step: 30 | Velocity: 12.29 m/s | Acceleration: 3.00 m/s2
Time step: 31 | Velocity: 12.59 m/s | Acceleration: 3.07 m/s2
Time step: 32 | Velocity: 12.90 m/s | Acceleration: 3.14 m/s2
Time step: 33 | Velocity: 13.08 m/s | Acceleration: 0.53 m/s2
Time step: 34 | Velocity: 13.05 m/s | Acceleration: -1.08 m/s2
Time step: 35 | Velocity: 12.90 m/s | Acceleration: -1.87 m/s2
[036/100] evaluating vv_035
agent_planning_problem_id_assignment: {20088: 20095}
Processing dynamic obstacle id: 20044
Processing dynamic obstacle id: 20087
Processing dynamic obstacle id: 20088
--- Initializing prediction network ---
Time step: 0 | Velocity: 11.64 m/s | Acceleration: 0.00 m/s2
Time step: 1 | Velocity: 11.55 m/s | Acceleration: -1.56 m/s2
Time step: 2 | Velocity: 11.36 m/s | Acceleration: -2.20 m/s2
Time step: 3 | Velocity: 11.13 m/s | Acceleration: -2.47 m/s2
Time step: 4 | Velocity: 10.87 m/s | Acceleration: -2.59 m/s2
Time step: 5 | Velocity: 10.61 m/s | Acceleration: -2.63 m/s2
Time step: 6 | Velocity: 10.34 m/s | Acceleration: -2.65 m/s2
Time step: 7 | Velocity: 10.07 m/s | Acceleration: -2.66 m/s2
Time step: 8 | Velocity: 9.81 m/s | Acceleration: -2.66 m/s2
Time step: 9 | Velocity: 9.54 m/s | Acceleration: -2.67 m/s2
Time step: 10 | Velocity: 9.40 m/s | Acceleration: -0.33 m/s2
Time step: 11 | Velocity: 9.37 m/s | Acceleration: -0.14 m/s2
Time step: 12 | Velocity: 9.40 m/s | Acceleration: 0.72 m/s2
Time step: 13 | Velocity: 9.43 m/s | Acceleration: -0.09 m/s2
Time step: 14 | Velocity: 9.34 m/s | Acceleration: -1.59 m/s2
Time step: 15 | Velocity: 9.34 m/s | Acceleration: 1.28 m/s2
Time step: 16 | Velocity: 9.53 m/s | Acceleration: 2.48 m/s2
Time step: 17 | Velocity: 9.81 m/s | Acceleration: 2.98 m/s2
Time step: 18 | Velocity: 10.12 m/s | Acceleration: 3.18 m/s2
Time step: 19 | Velocity: 10.44 m/s | Acceleration: 3.27 m/s2
Time step: 20 | Velocity: 10.67 m/s | Acceleration: 1.36 m/s2
Time step: 21 | Velocity: 10.87 m/s | Acceleration: 2.51 m/s2
Time step: 22 | Velocity: 11.15 m/s | Acceleration: 3.11 m/s2
Time step: 23 | Velocity: 11.48 m/s | Acceleration: 3.40 m/s2
Time step: 24 | Velocity: 11.83 m/s | Acceleration: 3.45 m/s2
Time step: 25 | Velocity: 12.10 m/s | Acceleration: 2.03 m/s2
Time step: 26 | Velocity: 12.28 m/s | Acceleration: 1.62 m/s2
Time step: 27 | Velocity: 12.44 m/s | Acceleration: 1.48 m/s2
Time step: 28 | Velocity: 12.62 m/s | Acceleration: 2.19 m/s2
Time step: 29 | Velocity: 12.86 m/s | Acceleration: 2.53 m/s2
Time step: 30 | Velocity: 13.12 m/s | Acceleration: 2.72 m/s2
Time step: 31 | Velocity: 13.40 m/s | Acceleration: 2.85 m/s2
Time step: 32 | Velocity: 13.69 m/s | Acceleration: 2.96 m/s2
Time step: 33 | Velocity: 14.00 m/s | Acceleration: 3.07 m/s2
Time step: 34 | Velocity: 14.13 m/s | Acceleration: -0.28 m/s2
Time step: 35 | Velocity: 14.21 m/s | Acceleration: 1.83 m/s2
[037/100] evaluating vv_036
agent_planning_problem_id_assignment: {20088: 20095}
Processing dynamic obstacle id: 20044
Processing dynamic obstacle id: 20087
Processing dynamic obstacle id: 20088
--- Initializing prediction network ---
Time step: 0 | Velocity: 11.99 m/s | Acceleration: 0.00 m/s2
Time step: 1 | Velocity: 11.89 m/s | Acceleration: -1.84 m/s2
Time step: 2 | Velocity: 11.67 m/s | Acceleration: -2.43 m/s2
Time step: 3 | Velocity: 11.41 m/s | Acceleration: -2.62 m/s2
Time step: 4 | Velocity: 11.15 m/s | Acceleration: -2.68 m/s2
Time step: 5 | Velocity: 10.87 m/s | Acceleration: -2.70 m/s2
Time step: 6 | Velocity: 10.60 m/s | Acceleration: -2.71 m/s2
Time step: 7 | Velocity: 10.33 m/s | Acceleration: -2.71 m/s2
Time step: 8 | Velocity: 10.16 m/s | Acceleration: -0.87 m/s2
Time step: 9 | Velocity: 10.22 m/s | Acceleration: 2.03 m/s2
Time step: 10 | Velocity: 10.48 m/s | Acceleration: 2.95 m/s2
Time step: 11 | Velocity: 10.72 m/s | Acceleration: 1.87 m/s2
Time step: 12 | Velocity: 10.96 m/s | Acceleration: 2.90 m/s2
Time step: 13 | Velocity: 11.12 m/s | Acceleration: 0.47 m/s2
Time step: 14 | Velocity: 11.20 m/s | Acceleration: 1.07 m/s2
Time step: 15 | Velocity: 11.32 m/s | Acceleration: 1.26 m/s2
Time step: 16 | Velocity: 11.30 m/s | Acceleration: -1.44 m/s2
Time step: 17 | Velocity: 11.19 m/s | Acceleration: -0.92 m/s2
Time step: 18 | Velocity: 11.13 m/s | Acceleration: -0.29 m/s2
Time step: 19 | Velocity: 11.11 m/s | Acceleration: -0.06 m/s2
Time step: 20 | Velocity: 11.08 m/s | Acceleration: -0.48 m/s2
Time step: 21 | Velocity: 11.05 m/s | Acceleration: -0.20 m/s2
Time step: 22 | Velocity: 11.09 m/s | Acceleration: 0.86 m/s2
Time step: 23 | Velocity: 11.25 m/s | Acceleration: 2.30 m/s2
Time step: 24 | Velocity: 11.51 m/s | Acceleration: 2.90 m/s2
Time step: 25 | Velocity: 11.81 m/s | Acceleration: 3.06 m/s2
Time step: 26 | Velocity: 12.12 m/s | Acceleration: 3.12 m/s2
Time step: 27 | Velocity: 12.43 m/s | Acceleration: 3.14 m/s2
Time step: 28 | Velocity: 12.75 m/s | Acceleration: 3.16 m/s2
Time step: 29 | Velocity: 12.96 m/s | Acceleration: 1.04 m/s2
Time step: 30 | Velocity: 13.11 m/s | Acceleration: 2.04 m/s2
Time step: 31 | Velocity: 13.14 m/s | Acceleration: -1.19 m/s2
Time step: 32 | Velocity: 12.97 m/s | Acceleration: -2.22 m/s2
[038/100] evaluating vv_037
agent_planning_problem_id_assignment: {20088: 20095}
Processing dynamic obstacle id: 20044
Processing dynamic obstacle id: 20087
Processing dynamic obstacle id: 20088
--- Initializing prediction network ---
Time step: 0 | Velocity: 11.53 m/s | Acceleration: 0.00 m/s2
Time step: 1 | Velocity: 11.45 m/s | Acceleration: -1.56 m/s2
Time step: 2 | Velocity: 11.26 m/s | Acceleration: -2.20 m/s2
Time step: 3 | Velocity: 11.02 m/s | Acceleration: -2.47 m/s2
Time step: 4 | Velocity: 10.76 m/s | Acceleration: -2.59 m/s2
Time step: 5 | Velocity: 10.50 m/s | Acceleration: -2.63 m/s2
Time step: 6 | Velocity: 10.24 m/s | Acceleration: -2.65 m/s2
Time step: 7 | Velocity: 9.97 m/s | Acceleration: -2.66 m/s2
Time step: 8 | Velocity: 9.70 m/s | Acceleration: -2.66 m/s2
Time step: 9 | Velocity: 9.43 m/s | Acceleration: -2.67 m/s2
Time step: 10 | Velocity: 9.17 m/s | Acceleration: -2.67 m/s2
Time step: 11 | Velocity: 8.96 m/s | Acceleration: -1.50 m/s2
Time step: 12 | Velocity: 8.96 m/s | Acceleration: 1.32 m/s2
Time step: 13 | Velocity: 9.15 m/s | Acceleration: 2.49 m/s2
Time step: 14 | Velocity: 9.37 m/s | Acceleration: 1.82 m/s2
Time step: 15 | Velocity: 9.54 m/s | Acceleration: 1.53 m/s2
Time step: 16 | Velocity: 9.56 m/s | Acceleration: -0.92 m/s2
Time step: 17 | Velocity: 9.41 m/s | Acceleration: -1.94 m/s2
Time step: 18 | Velocity: 9.38 m/s | Acceleration: 1.14 m/s2
Time step: 19 | Velocity: 9.57 m/s | Acceleration: 2.42 m/s2
Time step: 20 | Velocity: 9.84 m/s | Acceleration: 2.95 m/s2
Time step: 21 | Velocity: 10.15 m/s | Acceleration: 3.17 m/s2
Time step: 22 | Velocity: 10.41 m/s | Acceleration: 2.23 m/s2
Time step: 23 | Velocity: 10.52 m/s | Acceleration: 0.04 m/s2
Time step: 24 | Velocity: 10.55 m/s | Acceleration: 0.55 m/s2
Time step: 25 | Velocity: 10.62 m/s | Acceleration: 0.80 m/s2
Time step: 26 | Velocity: 10.71 m/s | Acceleration: 0.93 m/s2
Time step: 27 | Velocity: 10.81 m/s | Acceleration: 1.17 m/s2
Time step: 28 | Velocity: 10.96 m/s | Acceleration: 1.75 m/s2
Time step: 29 | Velocity: 11.16 m/s | Acceleration: 2.16 m/s2
Time step: 30 | Velocity: 11.39 m/s | Acceleration: 2.45 m/s2
Time step: 31 | Velocity: 11.64 m/s | Acceleration: 2.66 m/s2
Time step: 32 | Velocity: 11.92 m/s | Acceleration: 2.80 m/s2
Time step: 33 | Velocity: 12.22 m/s | Acceleration: 3.11 m/s2
Time step: 34 | Velocity: 12.53 m/s | Acceleration: 3.24 m/s2
Time step: 35 | Velocity: 12.68 m/s | Acceleration: -0.20 m/s2
Time step: 36 | Velocity: 12.77 m/s | Acceleration: 1.86 m/s2
[039/100] evaluating vv_038
agent_planning_problem_id_assignment: {20088: 20095}
Processing dynamic obstacle id: 20044
Processing dynamic obstacle id: 20087
Processing dynamic obstacle id: 20088
--- Initializing prediction network ---
Time step: 0 | Velocity: 12.36 m/s | Acceleration: 0.00 m/s2
Time step: 1 | Velocity: 12.28 m/s | Acceleration: -1.56 m/s2
Time step: 2 | Velocity: 12.09 m/s | Acceleration: -2.20 m/s2
Time step: 3 | Velocity: 11.93 m/s | Acceleration: -0.92 m/s2
Time step: 4 | Velocity: 11.97 m/s | Acceleration: 1.56 m/s2
Time step: 5 | Velocity: 12.12 m/s | Acceleration: 1.43 m/s2
Time step: 6 | Velocity: 12.33 m/s | Acceleration: 2.54 m/s2
Time step: 7 | Velocity: 12.61 m/s | Acceleration: 3.00 m/s2
Time step: 8 | Velocity: 12.79 m/s | Acceleration: 0.86 m/s2
Time step: 9 | Velocity: 12.90 m/s | Acceleration: 1.14 m/s2
Time step: 10 | Velocity: 12.95 m/s | Acceleration: 0.08 m/s2
Time step: 11 | Velocity: 12.88 m/s | Acceleration: -1.52 m/s2
Time step: 12 | Velocity: 12.69 m/s | Acceleration: -2.19 m/s2
Time step: 13 | Velocity: 12.45 m/s | Acceleration: -2.47 m/s2
Time step: 14 | Velocity: 12.20 m/s | Acceleration: -2.58 m/s2
Time step: 15 | Velocity: 12.02 m/s | Acceleration: -1.08 m/s2
Time step: 16 | Velocity: 11.92 m/s | Acceleration: -0.86 m/s2
Time step: 17 | Velocity: 11.84 m/s | Acceleration: -0.77 m/s2
Time step: 18 | Velocity: 11.78 m/s | Acceleration: -0.45 m/s2
Time step: 19 | Velocity: 11.74 m/s | Acceleration: -0.29 m/s2
Time step: 20 | Velocity: 11.77 m/s | Acceleration: 0.80 m/s2
Time step: 21 | Velocity: 11.89 m/s | Acceleration: 1.48 m/s2
Time step: 22 | Velocity: 12.06 m/s | Acceleration: 1.97 m/s2
Time step: 23 | Velocity: 12.27 m/s | Acceleration: 2.32 m/s2
Time step: 24 | Velocity: 12.52 m/s | Acceleration: 2.56 m/s2
Time step: 25 | Velocity: 12.79 m/s | Acceleration: 2.74 m/s2
Time step: 26 | Velocity: 13.07 m/s | Acceleration: 2.86 m/s2
Time step: 27 | Velocity: 13.36 m/s | Acceleration: 2.95 m/s2
Time step: 28 | Velocity: 13.65 m/s | Acceleration: 3.01 m/s2
/home/yanjun/NewDisk/beliefplanning/.venv38/lib/python3.8/site-packages/commonroad/scenario/scenario.py:314: UserWarning: Not a valid scenario id: vv_035
  warnings.warn('Not a valid scenario id: ' + benchmark_id)
/home/yanjun/NewDisk/beliefplanning/.venv38/lib/python3.8/site-packages/commonroad/common/file_reader.py:461: UserWarning: Unknown country: Default traffic sign IDs are used. Specified country: vv_
  warnings.warn("Unknown country: Default traffic sign IDs are used. Specified country: " + country)
/home/yanjun/NewDisk/beliefplanning/.venv38/lib/python3.8/site-packages/prediction/main.py:410: FutureWarning: You are using `torch.load` with `weights_only=False` (the current default value), which uses the default pickle module implicitly. It is possible to construct malicious pickle data which will execute arbitrary code during unpickling (See https://github.com/pytorch/pytorch/blob/main/SECURITY.md#untrusted-models for more details). In a future release, the default value for `weights_only` will be flipped to `True`. This limits the functions that could be executed during unpickling. Arbitrary objects will no longer be allowed to be loaded via this mode unless they are explicitly allowlisted by the user via `torch.serialization.add_safe_globals`. We recommend you start setting `weights_only=True` for any use case where you don't have full control of the loaded file. Please open an issue on GitHub for any issues related to this experimental feature.
  saved_model_dict = torch.load(self.model_path)
/home/yanjun/NewDisk/beliefplanning/.venv38/lib/python3.8/site-packages/commonroad/scenario/scenario.py:314: UserWarning: Not a valid scenario id: vv_036
  warnings.warn('Not a valid scenario id: ' + benchmark_id)
/home/yanjun/NewDisk/beliefplanning/.venv38/lib/python3.8/site-packages/commonroad/common/file_reader.py:461: UserWarning: Unknown country: Default traffic sign IDs are used. Specified country: vv_
  warnings.warn("Unknown country: Default traffic sign IDs are used. Specified country: " + country)
/home/yanjun/NewDisk/beliefplanning/.venv38/lib/python3.8/site-packages/prediction/main.py:410: FutureWarning: You are using `torch.load` with `weights_only=False` (the current default value), which uses the default pickle module implicitly. It is possible to construct malicious pickle data which will execute arbitrary code during unpickling (See https://github.com/pytorch/pytorch/blob/main/SECURITY.md#untrusted-models for more details). In a future release, the default value for `weights_only` will be flipped to `True`. This limits the functions that could be executed during unpickling. Arbitrary objects will no longer be allowed to be loaded via this mode unless they are explicitly allowlisted by the user via `torch.serialization.add_safe_globals`. We recommend you start setting `weights_only=True` for any use case where you don't have full control of the loaded file. Please open an issue on GitHub for any issues related to this experimental feature.
  saved_model_dict = torch.load(self.model_path)
/home/yanjun/NewDisk/beliefplanning/.venv38/lib/python3.8/site-packages/commonroad/scenario/scenario.py:314: UserWarning: Not a valid scenario id: vv_037
  warnings.warn('Not a valid scenario id: ' + benchmark_id)
/home/yanjun/NewDisk/beliefplanning/.venv38/lib/python3.8/site-packages/commonroad/common/file_reader.py:461: UserWarning: Unknown country: Default traffic sign IDs are used. Specified country: vv_
  warnings.warn("Unknown country: Default traffic sign IDs are used. Specified country: " + country)
/home/yanjun/NewDisk/beliefplanning/.venv38/lib/python3.8/site-packages/prediction/main.py:410: FutureWarning: You are using `torch.load` with `weights_only=False` (the current default value), which uses the default pickle module implicitly. It is possible to construct malicious pickle data which will execute arbitrary code during unpickling (See https://github.com/pytorch/pytorch/blob/main/SECURITY.md#untrusted-models for more details). In a future release, the default value for `weights_only` will be flipped to `True`. This limits the functions that could be executed during unpickling. Arbitrary objects will no longer be allowed to be loaded via this mode unless they are explicitly allowlisted by the user via `torch.serialization.add_safe_globals`. We recommend you start setting `weights_only=True` for any use case where you don't have full control of the loaded file. Please open an issue on GitHub for any issues related to this experimental feature.
  saved_model_dict = torch.load(self.model_path)
/home/yanjun/NewDisk/beliefplanning/.venv38/lib/python3.8/site-packages/commonroad/scenario/scenario.py:314: UserWarning: Not a valid scenario id: vv_038
  warnings.warn('Not a valid scenario id: ' + benchmark_id)
/home/yanjun/NewDisk/beliefplanning/.venv38/lib/python3.8/site-packages/commonroad/common/file_reader.py:461: UserWarning: Unknown country: Default traffic sign IDs are used. Specified country: vv_
  warnings.warn("Unknown country: Default traffic sign IDs are used. Specified country: " + country)
/home/yanjun/NewDisk/beliefplanning/.venv38/lib/python3.8/site-packages/prediction/main.py:410: FutureWarning: You are using `torch.load` with `weights_only=False` (the current default value), which uses the default pickle module implicitly. It is possible to construct malicious pickle data which will execute arbitrary code during unpickling (See https://github.com/pytorch/pytorch/blob/main/SECURITY.md#untrusted-models for more details). In a future release, the default value for `weights_only` will be flipped to `True`. This limits the functions that could be executed during unpickling. Arbitrary objects will no longer be allowed to be loaded via this mode unless they are explicitly allowlisted by the user via `torch.serialization.add_safe_globals`. We recommend you start setting `weights_only=True` for any use case where you don't have full control of the loaded file. Please open an issue on GitHub for any issues related to this experimental feature.
  saved_model_dict = torch.load(self.model_path)
/home/yanjun/NewDisk/beliefplanning/.venv38/lib/python3.8/site-packages/commonroad/scenario/scenario.py:314: UserWarning: Not a valid scenario id: vv_039
  warnings.warn('Not a valid scenario id: ' + benchmark_id)
/home/yanjun/NewDisk/beliefplanning/.venv38/lib/python3.8/site-packages/commonroad/common/file_reader.py:461: UserWarning: Unknown country: Default traffic sign IDs are used. Specified country: vv_
  warnings.warn("Unknown country: Default traffic sign IDs are used. Specified country: " + country)
/home/yanjun/NewDisk/beliefplanning/.venv38/lib/python3.8/site-packages/prediction/main.py:410: FutureWarning: You are using `torch.load` with `weights_only=False` (the current default value), which uses the default pickle module implicitly. It is possible to construct malicious pickle data which will execute arbitrary code during unpickling (See https://github.com/pytorch/pytorch/blob/main/SECURITY.md#untrusted-models for more details). In a future release, the default value for `weights_only` will be flipped to `True`. This limits the functions that could be executed during unpickling. Arbitrary objects will no longer be allowed to be loaded via this mode unless they are explicitly allowlisted by the user via `torch.serialization.add_safe_globals`. We recommend you start setting `weights_only=True` for any use case where you don't have full control of the loaded file. Please open an issue on GitHub for any issues related to this experimental feature.
  saved_model_dict = torch.load(self.model_path)
Traceback (most recent call last):
  File "/tmp/beliefplanning_pkg_85hhmdeg/beliefplanning/test_fot_junction/evaluate_vv_batch.py", line 83, in eval_scenario
    self._simulate()
  File "/tmp/beliefplanning_pkg_85hhmdeg/beliefplanning/planner/plannertools/scenario_handler.py", line 279, in _simulate
    self._check_collision_simple(agent=agent, time_step=time_step)
Time step: 29 | Velocity: 13.96 m/s | Acceleration: 3.06 m/s2
[040/100] evaluating vv_039
agent_planning_problem_id_assignment: {20088: 20095}
Processing dynamic obstacle id: 20044
Processing dynamic obstacle id: 20087
Processing dynamic obstacle id: 20088
--- Initializing prediction network ---
Time step: 0 | Velocity: 11.51 m/s | Acceleration: 0.00 m/s2
Time step: 1 | Velocity: 11.43 m/s | Acceleration: -1.56 m/s2
Time step: 2 | Velocity: 11.42 m/s | Acceleration: 1.30 m/s2
Time step: 3 | Velocity: 11.43 m/s | Acceleration: -1.02 m/s2
Time step: 4 | Velocity: 11.46 m/s | Acceleration: 1.52 m/s2
Time step: 5 | Velocity: 11.67 m/s | Acceleration: 2.58 m/s2
Time step: 6 | Velocity: 11.89 m/s | Acceleration: 1.85 m/s2
Time step: 7 | Velocity: 12.13 m/s | Acceleration: 2.72 m/s2
Time step: 8 | Velocity: 12.32 m/s | Acceleration: 1.13 m/s2
Time step: 9 | Velocity: 12.39 m/s | Acceleration: 0.47 m/s2
Time step: 10 | Velocity: 12.34 m/s | Acceleration: -1.36 m/s2
Time step: 11 | Velocity: 12.17 m/s | Acceleration: -2.12 m/s2
Time step: 12 | Velocity: 12.00 m/s | Acceleration: -1.27 m/s2
Time step: 13 | Velocity: 11.83 m/s | Acceleration: -2.09 m/s2
Time step: 14 | Velocity: 11.68 m/s | Acceleration: -0.87 m/s2
Time step: 15 | Velocity: 11.66 m/s | Acceleration: 0.42 m/s2
Time step: 16 | Velocity: 11.74 m/s | Acceleration: 1.05 m/s2
Time step: 17 | Velocity: 11.67 m/s | Acceleration: -2.05 m/s2
Time step: 18 | Velocity: 11.56 m/s | Acceleration: -0.38 m/s2
Time step: 19 | Velocity: 11.53 m/s | Acceleration: -0.12 m/s2
Time step: 20 | Velocity: 11.58 m/s | Acceleration: 0.88 m/s2
Time step: 21 | Velocity: 11.68 m/s | Acceleration: 1.15 m/s2
Time step: 22 | Velocity: 11.86 m/s | Acceleration: 2.42 m/s2
Time step: 23 | Velocity: 12.13 m/s | Acceleration: 2.87 m/s2
Time step: 24 | Velocity: 12.43 m/s | Acceleration: 3.04 m/s2
recorded/hand-crafted/vv_samples/vv_039.xml >>> Collision detected.
[041/100] evaluating vv_040
agent_planning_problem_id_assignment: {20088: 20095}
Processing dynamic obstacle id: 20044
Processing dynamic obstacle id: 20087
Processing dynamic obstacle id: 20088
--- Initializing prediction network ---
Time step: 0 | Velocity: 12.21 m/s | Acceleration: 0.00 m/s2
Time step: 1 | Velocity: 12.14 m/s | Acceleration: -1.34 m/s2
Time step: 2 | Velocity: 12.08 m/s | Acceleration: 0.01 m/s2
Time step: 3 | Velocity: 12.06 m/s | Acceleration: -0.33 m/s2
Time step: 4 | Velocity: 12.12 m/s | Acceleration: 1.52 m/s2
Time step: 5 | Velocity: 12.32 m/s | Acceleration: 2.42 m/s2
Time step: 6 | Velocity: 12.59 m/s | Acceleration: 2.87 m/s2
Time step: 7 | Velocity: 12.80 m/s | Acceleration: 1.40 m/s2
Time step: 8 | Velocity: 12.83 m/s | Acceleration: -0.66 m/s2
Time step: 9 | Velocity: 12.71 m/s | Acceleration: -1.66 m/s2
Time step: 10 | Velocity: 12.52 m/s | Acceleration: -2.16 m/s2
Time step: 11 | Velocity: 12.29 m/s | Acceleration: -2.40 m/s2
Time step: 12 | Velocity: 12.04 m/s | Acceleration: -2.52 m/s2
Time step: 13 | Velocity: 11.86 m/s | Acceleration: -1.23 m/s2
Time step: 14 | Velocity: 11.76 m/s | Acceleration: -0.73 m/s2
Time step: 15 | Velocity: 11.70 m/s | Acceleration: -0.46 m/s2
Time step: 16 | Velocity: 11.66 m/s | Acceleration: -0.32 m/s2
Time step: 17 | Velocity: 11.66 m/s | Acceleration: 0.18 m/s2
Time step: 18 | Velocity: 11.69 m/s | Acceleration: 0.52 m/s2
Time step: 19 | Velocity: 11.76 m/s | Acceleration: 0.74 m/s2
Time step: 20 | Velocity: 11.87 m/s | Acceleration: 1.44 m/s2
Time step: 21 | Velocity: 12.04 m/s | Acceleration: 1.94 m/s2
Time step: 22 | Velocity: 12.25 m/s | Acceleration: 2.30 m/s2
Time step: 23 | Velocity: 12.49 m/s | Acceleration: 2.55 m/s2
Time step: 24 | Velocity: 12.76 m/s | Acceleration: 2.73 m/s2
Time step: 25 | Velocity: 13.03 m/s | Acceleration: 2.85 m/s2
Time step: 26 | Velocity: 13.33 m/s | Acceleration: 2.94 m/s2
Time step: 27 | Velocity: 13.62 m/s | Acceleration: 3.01 m/s2
Time step: 28 | Velocity: 13.84 m/s | Acceleration: 1.40 m/s2
[042/100] evaluating vv_041
agent_planning_problem_id_assignment: {20088: 20095}
Processing dynamic obstacle id: 20044
Processing dynamic obstacle id: 20087
Processing dynamic obstacle id: 20088
--- Initializing prediction network ---
Time step: 0 | Velocity: 12.20 m/s | Acceleration: 0.00 m/s2
Time step: 1 | Velocity: 12.10 m/s | Acceleration: -1.84 m/s2
Time step: 2 | Velocity: 12.03 m/s | Acceleration: 0.33 m/s2
Time step: 3 | Velocity: 12.18 m/s | Acceleration: 2.41 m/s2
Time step: 4 | Velocity: 12.46 m/s | Acceleration: 3.08 m/s2
Time step: 5 | Velocity: 12.71 m/s | Acceleration: 1.91 m/s2
Time step: 6 | Velocity: 12.88 m/s | Acceleration: 1.53 m/s2
Time step: 7 | Velocity: 12.98 m/s | Acceleration: 0.49 m/s2
Time step: 8 | Velocity: 12.98 m/s | Acceleration: -0.30 m/s2
Time step: 9 | Velocity: 12.86 m/s | Acceleration: -1.94 m/s2
Time step: 10 | Velocity: 12.64 m/s | Acceleration: -2.46 m/s2
Time step: 11 | Velocity: 12.38 m/s | Acceleration: -2.63 m/s2
Time step: 12 | Velocity: 12.11 m/s | Acceleration: -2.69 m/s2
Time step: 13 | Velocity: 11.92 m/s | Acceleration: -1.32 m/s2
Time step: 14 | Velocity: 11.81 m/s | Acceleration: -0.88 m/s2
Time step: 15 | Velocity: 11.75 m/s | Acceleration: -0.28 m/s2
Time step: 16 | Velocity: 11.78 m/s | Acceleration: 0.83 m/s2
Time step: 17 | Velocity: 11.84 m/s | Acceleration: 0.27 m/s2
Time step: 18 | Velocity: 11.85 m/s | Acceleration: 0.05 m/s2
Time step: 19 | Velocity: 11.85 m/s | Acceleration: 0.02 m/s2
Time step: 20 | Velocity: 11.89 m/s | Acceleration: 0.60 m/s2
Time step: 21 | Velocity: 12.02 m/s | Acceleration: 1.98 m/s2
Time step: 22 | Velocity: 12.25 m/s | Acceleration: 2.65 m/s2
Time step: 23 | Velocity: 12.53 m/s | Acceleration: 2.92 m/s2
Time step: 24 | Velocity: 12.83 m/s | Acceleration: 3.03 m/s2
Time step: 25 | Velocity: 13.14 m/s | Acceleration: 3.11 m/s2
Time step: 26 | Velocity: 13.46 m/s | Acceleration: 3.18 m/s2
Time step: 27 | Velocity: 13.62 m/s | Acceleration: 0.21 m/s2
Time step: 28 | Velocity: 13.76 m/s | Acceleration: 2.37 m/s2
[043/100] evaluating vv_042
agent_planning_problem_id_assignment: {20088: 20095}
Processing dynamic obstacle id: 20044
Processing dynamic obstacle id: 20087
Processing dynamic obstacle id: 20088
--- Initializing prediction network ---
Time step: 0 | Velocity: 11.82 m/s | Acceleration: 0.00 m/s2
Time step: 1 | Velocity: 11.72 m/s | Acceleration: -1.84 m/s2
Time step: 2 | Velocity: 11.50 m/s | Acceleration: -2.43 m/s2
Time step: 3 | Velocity: 11.24 m/s | Acceleration: -2.62 m/s2
Time step: 4 | Velocity: 10.98 m/s | Acceleration: -2.68 m/s2
Time step: 5 | Velocity: 10.71 m/s | Acceleration: -2.70 m/s2
Time step: 6 | Velocity: 10.43 m/s | Acceleration: -2.71 m/s2
Time step: 7 | Velocity: 10.16 m/s | Acceleration: -2.71 m/s2
Time step: 8 | Velocity: 9.89 m/s | Acceleration: -2.71 m/s2
Time step: 9 | Velocity: 9.69 m/s | Acceleration: -1.33 m/s2
Time step: 10 | Velocity: 9.58 m/s | Acceleration: -0.89 m/s2
Time step: 11 | Velocity: 9.65 m/s | Acceleration: 2.02 m/s2
Time step: 12 | Velocity: 9.83 m/s | Acceleration: 1.57 m/s2
Time step: 13 | Velocity: 9.93 m/s | Acceleration: 0.50 m/s2
Time step: 14 | Velocity: 9.96 m/s | Acceleration: 0.16 m/s2
Time step: 15 | Velocity: 10.09 m/s | Acceleration: 2.36 m/s2
Time step: 16 | Velocity: 10.14 m/s | Acceleration: -1.09 m/s2
Time step: 17 | Velocity: 9.97 m/s | Acceleration: -2.19 m/s2
Time step: 18 | Velocity: 9.83 m/s | Acceleration: -0.70 m/s2
Time step: 19 | Velocity: 9.69 m/s | Acceleration: -2.07 m/s2
Time step: 20 | Velocity: 9.56 m/s | Acceleration: -0.66 m/s2
Time step: 21 | Velocity: 9.51 m/s | Acceleration: -0.21 m/s2
Time step: 22 | Velocity: 9.50 m/s | Acceleration: -0.09 m/s2
Time step: 23 | Velocity: 9.60 m/s | Acceleration: 1.91 m/s2
Time step: 24 | Velocity: 9.83 m/s | Acceleration: 2.61 m/s2
Time step: 25 | Velocity: 9.98 m/s | Acceleration: 0.50 m/s2
Time step: 26 | Velocity: 10.10 m/s | Acceleration: 1.92 m/s2
Time step: 27 | Velocity: 10.31 m/s | Acceleration: 2.28 m/s2
Time step: 28 | Velocity: 10.47 m/s | Acceleration: 0.89 m/s2
Time step: 29 | Velocity: 10.59 m/s | Acceleration: 1.55 m/s2
Time step: 30 | Velocity: 10.69 m/s | Acceleration: 0.36 m/s2
Time step: 31 | Velocity: 10.77 m/s | Acceleration: 1.18 m/s2
  File "/tmp/beliefplanning_pkg_85hhmdeg/beliefplanning/planner/plannertools/scenario_handler.py", line 662, in _check_collision_simple
    raise NoLocalTrajectoryFoundError("Collision detected.")
commonroad_helper_functions.exceptions.NoLocalTrajectoryFoundError: Collision detected.
/home/yanjun/NewDisk/beliefplanning/.venv38/lib/python3.8/site-packages/commonroad/scenario/scenario.py:314: UserWarning: Not a valid scenario id: vv_040
  warnings.warn('Not a valid scenario id: ' + benchmark_id)
/home/yanjun/NewDisk/beliefplanning/.venv38/lib/python3.8/site-packages/commonroad/common/file_reader.py:461: UserWarning: Unknown country: Default traffic sign IDs are used. Specified country: vv_
  warnings.warn("Unknown country: Default traffic sign IDs are used. Specified country: " + country)
/home/yanjun/NewDisk/beliefplanning/.venv38/lib/python3.8/site-packages/prediction/main.py:410: FutureWarning: You are using `torch.load` with `weights_only=False` (the current default value), which uses the default pickle module implicitly. It is possible to construct malicious pickle data which will execute arbitrary code during unpickling (See https://github.com/pytorch/pytorch/blob/main/SECURITY.md#untrusted-models for more details). In a future release, the default value for `weights_only` will be flipped to `True`. This limits the functions that could be executed during unpickling. Arbitrary objects will no longer be allowed to be loaded via this mode unless they are explicitly allowlisted by the user via `torch.serialization.add_safe_globals`. We recommend you start setting `weights_only=True` for any use case where you don't have full control of the loaded file. Please open an issue on GitHub for any issues related to this experimental feature.
  saved_model_dict = torch.load(self.model_path)
/home/yanjun/NewDisk/beliefplanning/.venv38/lib/python3.8/site-packages/commonroad/scenario/scenario.py:314: UserWarning: Not a valid scenario id: vv_041
  warnings.warn('Not a valid scenario id: ' + benchmark_id)
/home/yanjun/NewDisk/beliefplanning/.venv38/lib/python3.8/site-packages/commonroad/common/file_reader.py:461: UserWarning: Unknown country: Default traffic sign IDs are used. Specified country: vv_
  warnings.warn("Unknown country: Default traffic sign IDs are used. Specified country: " + country)
/home/yanjun/NewDisk/beliefplanning/.venv38/lib/python3.8/site-packages/prediction/main.py:410: FutureWarning: You are using `torch.load` with `weights_only=False` (the current default value), which uses the default pickle module implicitly. It is possible to construct malicious pickle data which will execute arbitrary code during unpickling (See https://github.com/pytorch/pytorch/blob/main/SECURITY.md#untrusted-models for more details). In a future release, the default value for `weights_only` will be flipped to `True`. This limits the functions that could be executed during unpickling. Arbitrary objects will no longer be allowed to be loaded via this mode unless they are explicitly allowlisted by the user via `torch.serialization.add_safe_globals`. We recommend you start setting `weights_only=True` for any use case where you don't have full control of the loaded file. Please open an issue on GitHub for any issues related to this experimental feature.
  saved_model_dict = torch.load(self.model_path)
/home/yanjun/NewDisk/beliefplanning/.venv38/lib/python3.8/site-packages/commonroad/scenario/scenario.py:314: UserWarning: Not a valid scenario id: vv_042
  warnings.warn('Not a valid scenario id: ' + benchmark_id)
/home/yanjun/NewDisk/beliefplanning/.venv38/lib/python3.8/site-packages/commonroad/common/file_reader.py:461: UserWarning: Unknown country: Default traffic sign IDs are used. Specified country: vv_
  warnings.warn("Unknown country: Default traffic sign IDs are used. Specified country: " + country)
/home/yanjun/NewDisk/beliefplanning/.venv38/lib/python3.8/site-packages/prediction/main.py:410: FutureWarning: You are using `torch.load` with `weights_only=False` (the current default value), which uses the default pickle module implicitly. It is possible to construct malicious pickle data which will execute arbitrary code during unpickling (See https://github.com/pytorch/pytorch/blob/main/SECURITY.md#untrusted-models for more details). In a future release, the default value for `weights_only` will be flipped to `True`. This limits the functions that could be executed during unpickling. Arbitrary objects will no longer be allowed to be loaded via this mode unless they are explicitly allowlisted by the user via `torch.serialization.add_safe_globals`. We recommend you start setting `weights_only=True` for any use case where you don't have full control of the loaded file. Please open an issue on GitHub for any issues related to this experimental feature.
  saved_model_dict = torch.load(self.model_path)
/home/yanjun/NewDisk/beliefplanning/.venv38/lib/python3.8/site-packages/commonroad/scenario/scenario.py:314: UserWarning: Not a valid scenario id: vv_043
  warnings.warn('Not a valid scenario id: ' + benchmark_id)
/home/yanjun/NewDisk/beliefplanning/.venv38/lib/python3.8/site-packages/commonroad/common/file_reader.py:461: UserWarning: Unknown country: Default traffic sign IDs are used. Specified country: vv_
  warnings.warn("Unknown country: Default traffic sign IDs are used. Specified country: " + country)
/home/yanjun/NewDisk/beliefplanning/.venv38/lib/python3.8/site-packages/prediction/main.py:410: FutureWarning: You are using `torch.load` with `weights_only=False` (the current default value), which uses the default pickle module implicitly. It is possible to construct malicious pickle data which will execute arbitrary code during unpickling (See https://github.com/pytorch/pytorch/blob/main/SECURITY.md#untrusted-models for more details). In a future release, the default value for `weights_only` will be flipped to `True`. This limits the functions that could be executed during unpickling. Arbitrary objects will no longer be allowed to be loaded via this mode unless they are explicitly allowlisted by the user via `torch.serialization.add_safe_globals`. We recommend you start setting `weights_only=True` for any use case where you don't have full control of the loaded file. Please open an issue on GitHub for any issues related to this experimental feature.
  saved_model_dict = torch.load(self.model_path)
/home/yanjun/NewDisk/beliefplanning/.venv38/lib/python3.8/site-packages/commonroad/scenario/scenario.py:314: UserWarning: Not a valid scenario id: vv_044
  warnings.warn('Not a valid scenario id: ' + benchmark_id)
/home/yanjun/NewDisk/beliefplanning/.venv38/lib/python3.8/site-packages/commonroad/common/file_reader.py:461: UserWarning: Unknown country: Default traffic sign IDs are used. Specified country: vv_
  warnings.warn("Unknown country: Default traffic sign IDs are used. Specified country: " + country)
/home/yanjun/NewDisk/beliefplanning/.venv38/lib/python3.8/site-packages/prediction/main.py:410: FutureWarning: You are using `torch.load` with `weights_only=False` (the current default value), which uses the default pickle module implicitly. It is possible to construct malicious pickle data which will execute arbitrary code during unpickling (See https://github.com/pytorch/pytorch/blob/main/SECURITY.md#untrusted-models for more details). In a future release, the default value for `weights_only` will be flipped to `True`. This limits the functions that could be executed during unpickling. Arbitrary objects will no longer be allowed to be loaded via this mode unless they are explicitly allowlisted by the user via `torch.serialization.add_safe_globals`. We recommend you start setting `weights_only=True` for any use case where you don't have full control of the loaded file. Please open an issue on GitHub for any issues related to this experimental feature.
  saved_model_dict = torch.load(self.model_path)
/home/yanjun/NewDisk/beliefplanning/.venv38/lib/python3.8/site-packages/commonroad/scenario/scenario.py:314: UserWarning: Not a valid scenario id: vv_045
  warnings.warn('Not a valid scenario id: ' + benchmark_id)
Time step: 32 | Velocity: 10.83 m/s | Acceleration: 0.10 m/s2
Time step: 33 | Velocity: 10.88 m/s | Acceleration: 0.95 m/s2
Time step: 34 | Velocity: 10.85 m/s | Acceleration: -1.54 m/s2
Time step: 35 | Velocity: 10.65 m/s | Acceleration: -2.34 m/s2
Time step: 36 | Velocity: 10.40 m/s | Acceleration: -2.59 m/s2
[044/100] evaluating vv_043
agent_planning_problem_id_assignment: {20088: 20095}
Processing dynamic obstacle id: 20044
Processing dynamic obstacle id: 20087
Processing dynamic obstacle id: 20088
--- Initializing prediction network ---
Time step: 0 | Velocity: 11.65 m/s | Acceleration: 0.00 m/s2
Time step: 1 | Velocity: 11.58 m/s | Acceleration: -1.34 m/s2
Time step: 2 | Velocity: 11.41 m/s | Acceleration: -2.00 m/s2
Time step: 3 | Velocity: 11.19 m/s | Acceleration: -2.32 m/s2
Time step: 4 | Velocity: 10.95 m/s | Acceleration: -2.48 m/s2
Time step: 5 | Velocity: 10.70 m/s | Acceleration: -2.56 m/s2
Time step: 6 | Velocity: 10.44 m/s | Acceleration: -2.60 m/s2
Time step: 7 | Velocity: 10.18 m/s | Acceleration: -2.62 m/s2
Time step: 8 | Velocity: 9.97 m/s | Acceleration: -1.62 m/s2
Time step: 9 | Velocity: 9.94 m/s | Acceleration: 0.89 m/s2
Time step: 10 | Velocity: 10.09 m/s | Acceleration: 2.11 m/s2
Time step: 11 | Velocity: 10.28 m/s | Acceleration: 1.71 m/s2
Time step: 12 | Velocity: 10.50 m/s | Acceleration: 2.52 m/s2
Time step: 13 | Velocity: 10.72 m/s | Acceleration: 1.90 m/s2
Time step: 14 | Velocity: 10.89 m/s | Acceleration: 1.60 m/s2
Time step: 15 | Velocity: 11.05 m/s | Acceleration: 1.46 m/s2
Time step: 16 | Velocity: 11.19 m/s | Acceleration: 1.39 m/s2
Time step: 17 | Velocity: 11.33 m/s | Acceleration: 1.35 m/s2
Time step: 18 | Velocity: 11.46 m/s | Acceleration: 1.34 m/s2
Time step: 19 | Velocity: 11.60 m/s | Acceleration: 1.38 m/s2
Time step: 20 | Velocity: 11.70 m/s | Acceleration: 0.57 m/s2
Time step: 21 | Velocity: 11.73 m/s | Acceleration: 0.18 m/s2
Time step: 22 | Velocity: 11.74 m/s | Acceleration: 0.06 m/s2
Time step: 23 | Velocity: 11.77 m/s | Acceleration: 0.47 m/s2
Time step: 24 | Velocity: 11.86 m/s | Acceleration: 1.25 m/s2
Time step: 25 | Velocity: 12.02 m/s | Acceleration: 1.91 m/s2
Time step: 26 | Velocity: 12.23 m/s | Acceleration: 2.39 m/s2
Time step: 27 | Velocity: 12.49 m/s | Acceleration: 2.62 m/s2
Time step: 28 | Velocity: 12.76 m/s | Acceleration: 2.77 m/s2
Time step: 29 | Velocity: 13.04 m/s | Acceleration: 2.89 m/s2
Time step: 30 | Velocity: 13.33 m/s | Acceleration: 2.98 m/s2
Time step: 31 | Velocity: 13.52 m/s | Acceleration: 0.93 m/s2
Time step: 32 | Velocity: 13.68 m/s | Acceleration: 2.13 m/s2
[045/100] evaluating vv_044
agent_planning_problem_id_assignment: {20088: 20095}
Processing dynamic obstacle id: 20044
Processing dynamic obstacle id: 20087
Processing dynamic obstacle id: 20088
--- Initializing prediction network ---
Time step: 0 | Velocity: 12.00 m/s | Acceleration: 0.00 m/s2
Time step: 1 | Velocity: 11.93 m/s | Acceleration: -1.34 m/s2
Time step: 2 | Velocity: 11.76 m/s | Acceleration: -2.00 m/s2
Time step: 3 | Velocity: 11.54 m/s | Acceleration: -2.32 m/s2
Time step: 4 | Velocity: 11.30 m/s | Acceleration: -2.48 m/s2
Time step: 5 | Velocity: 11.05 m/s | Acceleration: -2.56 m/s2
Time step: 6 | Velocity: 10.79 m/s | Acceleration: -2.60 m/s2
Time step: 7 | Velocity: 10.53 m/s | Acceleration: -2.62 m/s2
Time step: 8 | Velocity: 10.26 m/s | Acceleration: -2.62 m/s2
Time step: 9 | Velocity: 10.11 m/s | Acceleration: -0.61 m/s2
Time step: 10 | Velocity: 10.04 m/s | Acceleration: -0.64 m/s2
Time step: 11 | Velocity: 9.93 m/s | Acceleration: -1.66 m/s2
Time step: 12 | Velocity: 9.73 m/s | Acceleration: -2.15 m/s2
Time step: 13 | Velocity: 9.50 m/s | Acceleration: -2.40 m/s2
Time step: 14 | Velocity: 9.26 m/s | Acceleration: -2.52 m/s2
Time step: 15 | Velocity: 9.11 m/s | Acceleration: -0.56 m/s2
Time step: 16 | Velocity: 9.15 m/s | Acceleration: 1.40 m/s2
Time step: 17 | Velocity: 9.35 m/s | Acceleration: 2.37 m/s2
Time step: 18 | Velocity: 9.56 m/s | Acceleration: 1.83 m/s2
Time step: 19 | Velocity: 9.73 m/s | Acceleration: 1.57 m/s2
Time step: 20 | Velocity: 9.93 m/s | Acceleration: 2.45 m/s2
Time step: 21 | Velocity: 10.20 m/s | Acceleration: 2.96 m/s2
Time step: 22 | Velocity: 10.53 m/s | Acceleration: 3.37 m/s2
Time step: 23 | Velocity: 10.86 m/s | Acceleration: 3.35 m/s2
Time step: 24 | Velocity: 11.04 m/s | Acceleration: 0.30 m/s2
Time step: 25 | Velocity: 11.09 m/s | Acceleration: 0.70 m/s2
Time step: 26 | Velocity: 11.20 m/s | Acceleration: 1.55 m/s2
Time step: 27 | Velocity: 11.38 m/s | Acceleration: 2.02 m/s2
Time step: 28 | Velocity: 11.60 m/s | Acceleration: 2.38 m/s2
Time step: 29 | Velocity: 11.85 m/s | Acceleration: 2.63 m/s2
Time step: 30 | Velocity: 12.12 m/s | Acceleration: 2.78 m/s2
Time step: 31 | Velocity: 12.41 m/s | Acceleration: 2.89 m/s2
Time step: 32 | Velocity: 12.70 m/s | Acceleration: 2.97 m/s2
Time step: 33 | Velocity: 13.00 m/s | Acceleration: 3.03 m/s2
Time step: 34 | Velocity: 13.31 m/s | Acceleration: 3.08 m/s2
Time step: 35 | Velocity: 13.62 m/s | Acceleration: 3.19 m/s2
[046/100] evaluating vv_045
agent_planning_problem_id_assignment: {20088: 20095}
Processing dynamic obstacle id: 20044
Processing dynamic obstacle id: 20087
Processing dynamic obstacle id: 20088
--- Initializing prediction network ---
Time step: 0 | Velocity: 11.57 m/s | Acceleration: 0.00 m/s2
Time step: 1 | Velocity: 11.51 m/s | Acceleration: -1.18 m/s2
Time step: 2 | Velocity: 11.36 m/s | Acceleration: -1.83 m/s2
Time step: 3 | Velocity: 11.16 m/s | Acceleration: -2.18 m/s2
Time step: 4 | Velocity: 11.02 m/s | Acceleration: -0.60 m/s2
Time step: 5 | Velocity: 11.05 m/s | Acceleration: 1.15 m/s2
Time step: 6 | Velocity: 11.17 m/s | Acceleration: 1.22 m/s2
Time step: 7 | Velocity: 11.29 m/s | Acceleration: 1.26 m/s2
Time step: 8 | Velocity: 11.39 m/s | Acceleration: 0.69 m/s2
Time step: 9 | Velocity: 11.47 m/s | Acceleration: 0.97 m/s2
Time step: 10 | Velocity: 11.55 m/s | Acceleration: 0.53 m/s2
Time step: 11 | Velocity: 11.59 m/s | Acceleration: 0.29 m/s2
Time step: 12 | Velocity: 11.61 m/s | Acceleration: 0.16 m/s2
Time step: 13 | Velocity: 11.61 m/s | Acceleration: -0.21 m/s2
Time step: 14 | Velocity: 11.62 m/s | Acceleration: 0.48 m/s2
Time step: 15 | Velocity: 11.66 m/s | Acceleration: 0.28 m/s2
Time step: 16 | Velocity: 11.68 m/s | Acceleration: 0.19 m/s2
Time step: 17 | Velocity: 11.70 m/s | Acceleration: 0.13 m/s2
Time step: 18 | Velocity: 11.71 m/s | Acceleration: 0.09 m/s2
Time step: 19 | Velocity: 11.74 m/s | Acceleration: 0.43 m/s2
Time step: 20 | Velocity: 11.79 m/s | Acceleration: 0.68 m/s2
Time step: 21 | Velocity: 11.87 m/s | Acceleration: 0.85 m/s2
Time step: 22 | Velocity: 11.99 m/s | Acceleration: 1.52 m/s2
Time step: 23 | Velocity: 12.16 m/s | Acceleration: 2.00 m/s2
Time step: 24 | Velocity: 12.38 m/s | Acceleration: 2.33 m/s2
Time step: 25 | Velocity: 12.63 m/s | Acceleration: 2.58 m/s2
Time step: 26 | Velocity: 12.89 m/s | Acceleration: 2.75 m/s2
Time step: 27 | Velocity: 13.18 m/s | Acceleration: 2.87 m/s2
Time step: 28 | Velocity: 13.42 m/s | Acceleration: 2.04 m/s2
Time step: 29 | Velocity: 13.64 m/s | Acceleration: 2.36 m/s2
Time step: 30 | Velocity: 13.89 m/s | Acceleration: 2.60 m/s2
[047/100] evaluating vv_046
agent_planning_problem_id_assignment: {20088: 20095}
Processing dynamic obstacle id: 20044
Processing dynamic obstacle id: 20087
Processing dynamic obstacle id: 20088
--- Initializing prediction network ---
Time step: 0 | Velocity: 11.58 m/s | Acceleration: 0.00 m/s2
Time step: 1 | Velocity: 11.50 m/s | Acceleration: -1.56 m/s2
Time step: 2 | Velocity: 11.31 m/s | Acceleration: -2.20 m/s2
Time step: 3 | Velocity: 11.07 m/s | Acceleration: -2.47 m/s2
Time step: 4 | Velocity: 10.82 m/s | Acceleration: -2.59 m/s2
Time step: 5 | Velocity: 10.55 m/s | Acceleration: -2.63 m/s2
Time step: 6 | Velocity: 10.29 m/s | Acceleration: -2.65 m/s2
Time step: 7 | Velocity: 10.02 m/s | Acceleration: -2.66 m/s2
Time step: 8 | Velocity: 9.75 m/s | Acceleration: -2.66 m/s2
Time step: 9 | Velocity: 9.48 m/s | Acceleration: -2.67 m/s2
Time step: 10 | Velocity: 9.34 m/s | Acceleration: -0.33 m/s2
Time step: 11 | Velocity: 9.36 m/s | Acceleration: 0.64 m/s2
Time step: 12 | Velocity: 9.38 m/s | Acceleration: -0.12 m/s2
Time step: 13 | Velocity: 9.48 m/s | Acceleration: 1.89 m/s2
Time step: 14 | Velocity: 9.71 m/s | Acceleration: 2.73 m/s2
Time step: 15 | Velocity: 10.01 m/s | Acceleration: 3.08 m/s2
Time step: 16 | Velocity: 10.32 m/s | Acceleration: 3.23 m/s2
Time step: 17 | Velocity: 10.65 m/s | Acceleration: 3.29 m/s2
Time step: 18 | Velocity: 10.92 m/s | Acceleration: 2.15 m/s2
Time step: 19 | Velocity: 11.11 m/s | Acceleration: 1.67 m/s2
Time step: 20 | Velocity: 11.23 m/s | Acceleration: 0.70 m/s2
Time step: 21 | Velocity: 11.28 m/s | Acceleration: 0.29 m/s2
Time step: 22 | Velocity: 11.21 m/s | Acceleration: -1.43 m/s2
Time step: 23 | Velocity: 11.10 m/s | Acceleration: -0.92 m/s2
Time step: 24 | Velocity: 11.01 m/s | Acceleration: -0.81 m/s2
Time step: 25 | Velocity: 11.00 m/s | Acceleration: 0.55 m/s2
Time step: 26 | Velocity: 11.07 m/s | Acceleration: 0.76 m/s2
Time step: 27 | Velocity: 11.18 m/s | Acceleration: 1.45 m/s2
Time step: 28 | Velocity: 11.35 m/s | Acceleration: 1.95 m/s2
Time step: 29 | Velocity: 11.56 m/s | Acceleration: 2.33 m/s2
Time step: 30 | Velocity: 11.72 m/s | Acceleration: 0.92 m/s2
Time step: 31 | Velocity: 11.85 m/s | Acceleration: 1.57 m/s2
Time step: 32 | Velocity: 11.94 m/s | Acceleration: 0.17 m/s2
Time step: 33 | Velocity: 11.89 m/s | Acceleration: -0.95 m/s2
Time step: 34 | Velocity: 11.76 m/s | Acceleration: -1.70 m/s2
Time step: 35 | Velocity: 11.75 m/s | Acceleration: 1.24 m/s2
Time step: 36 | Velocity: 11.75 m/s | Acceleration: -1.04 m/s2
[048/100] evaluating vv_047
agent_planning_problem_id_assignment: {20088: 20095}
Processing dynamic obstacle id: 20044
Processing dynamic obstacle id: 20087
Processing dynamic obstacle id: 20088
--- Initializing prediction network ---
Time step: 0 | Velocity: 11.91 m/s | Acceleration: 0.00 m/s2
Time step: 1 | Velocity: 11.84 m/s | Acceleration: -1.34 m/s2
Time step: 2 | Velocity: 11.67 m/s | Acceleration: -2.00 m/s2
Time step: 3 | Velocity: 11.45 m/s | Acceleration: -2.32 m/s2
Time step: 4 | Velocity: 11.21 m/s | Acceleration: -2.48 m/s2
Time step: 5 | Velocity: 10.96 m/s | Acceleration: -2.56 m/s2
Time step: 6 | Velocity: 10.70 m/s | Acceleration: -2.60 m/s2
Time step: 7 | Velocity: 10.44 m/s | Acceleration: -2.62 m/s2
Time step: 8 | Velocity: 10.28 m/s | Acceleration: -0.61 m/s2
Time step: 9 | Velocity: 10.16 m/s | Acceleration: -1.64 m/s2
Time step: 10 | Velocity: 10.08 m/s | Acceleration: -0.13 m/s2
Time step: 11 | Velocity: 10.10 m/s | Acceleration: 0.61 m/s2
Time step: 12 | Velocity: 10.08 m/s | Acceleration: -1.05 m/s2
Time step: 13 | Velocity: 9.93 m/s | Acceleration: -1.86 m/s2
Time step: 14 | Velocity: 9.72 m/s | Acceleration: -2.25 m/s2
Time step: 15 | Velocity: 9.49 m/s | Acceleration: -2.45 m/s2
Time step: 16 | Velocity: 9.24 m/s | Acceleration: -2.54 m/s2
Time step: 17 | Velocity: 9.08 m/s | Acceleration: -0.57 m/s2
Time step: 18 | Velocity: 9.13 m/s | Acceleration: 1.40 m/s2
Time step: 19 | Velocity: 9.32 m/s | Acceleration: 2.36 m/s2
Time step: 20 | Velocity: 9.58 m/s | Acceleration: 2.77 m/s2
Time step: 21 | Velocity: 9.87 m/s | Acceleration: 2.93 m/s2
Time step: 22 | Velocity: 10.17 m/s | Acceleration: 3.04 m/s2
Time step: 23 | Velocity: 10.47 m/s | Acceleration: 3.10 m/s2
Time step: 24 | Velocity: 10.79 m/s | Acceleration: 3.12 m/s2
Time step: 25 | Velocity: 11.10 m/s | Acceleration: 3.14 m/s2
Time step: 26 | Velocity: 11.41 m/s | Acceleration: 3.14 m/s2
Time step: 27 | Velocity: 11.73 m/s | Acceleration: 3.15 m/s2
Time step: 28 | Velocity: 12.04 m/s | Acceleration: 3.15 m/s2
Time step: 29 | Velocity: 12.36 m/s | Acceleration: 3.16 m/s2
Time step: 30 | Velocity: 12.68 m/s | Acceleration: 3.16 m/s2
Time step: 31 | Velocity: 12.99 m/s | Acceleration: 3.16 m/s2
Time step: 32 | Velocity: 13.31 m/s | Acceleration: 3.16 m/s2
Time step: 33 | Velocity: 13.63 m/s | Acceleration: 3.16 m/s2
Time step: 34 | Velocity: 13.94 m/s | Acceleration: 3.16 m/s2
[049/100] evaluating vv_048
agent_planning_problem_id_assignment: {20088: 20095}
Processing dynamic obstacle id: 20044
Processing dynamic obstacle id: 20087
Processing dynamic obstacle id: 20088
--- Initializing prediction network ---
Time step: 0 | Velocity: 11.65 m/s | Acceleration: 0.00 m/s2
Time step: 1 | Velocity: 11.57 m/s | Acceleration: -1.56 m/s2
Time step: 2 | Velocity: 11.38 m/s | Acceleration: -2.20 m/s2
Time step: 3 | Velocity: 11.15 m/s | Acceleration: -2.47 m/s2
Time step: 4 | Velocity: 10.89 m/s | Acceleration: -2.59 m/s2
Time step: 5 | Velocity: 10.63 m/s | Acceleration: -2.63 m/s2
Time step: 6 | Velocity: 10.36 m/s | Acceleration: -2.65 m/s2
Time step: 7 | Velocity: 10.09 m/s | Acceleration: -2.66 m/s2
Time step: 8 | Velocity: 9.83 m/s | Acceleration: -2.66 m/s2
Time step: 9 | Velocity: 9.56 m/s | Acceleration: -2.67 m/s2
Time step: 10 | Velocity: 9.37 m/s | Acceleration: -1.11 m/s2
Time step: 11 | Velocity: 9.34 m/s | Acceleration: 0.31 m/s2
Time step: 12 | Velocity: 9.34 m/s | Acceleration: -0.26 m/s2
Time step: 13 | Velocity: 9.24 m/s | Acceleration: -1.66 m/s2
Time step: 14 | Velocity: 9.04 m/s | Acceleration: -2.25 m/s2
Time step: 15 | Velocity: 8.86 m/s | Acceleration: -1.33 m/s2
Time step: 16 | Velocity: 8.87 m/s | Acceleration: 1.39 m/s2
Time step: 17 | Velocity: 9.08 m/s | Acceleration: 2.52 m/s2
Time step: 18 | Velocity: 9.35 m/s | Acceleration: 3.00 m/s2
Time step: 19 | Velocity: 9.48 m/s | Acceleration: -0.31 m/s2
Time step: 20 | Velocity: 9.56 m/s | Acceleration: 1.82 m/s2
Time step: 21 | Velocity: 9.79 m/s | Acceleration: 2.70 m/s2
Time step: 22 | Velocity: 9.92 m/s | Acceleration: -0.02 m/s2
Time step: 23 | Velocity: 9.99 m/s | Acceleration: 1.47 m/s2
Time step: 24 | Velocity: 10.18 m/s | Acceleration: 2.11 m/s2
Time step: 25 | Velocity: 10.40 m/s | Acceleration: 2.44 m/s2
Time step: 26 | Velocity: 10.66 m/s | Acceleration: 2.65 m/s2
Time step: 27 | Velocity: 10.93 m/s | Acceleration: 2.80 m/s2
Time step: 28 | Velocity: 11.22 m/s | Acceleration: 2.91 m/s2
Time step: 29 | Velocity: 11.51 m/s | Acceleration: 2.98 m/s2
Time step: 30 | Velocity: 11.81 m/s | Acceleration: 3.03 m/s2
Time step: 31 | Velocity: 12.12 m/s | Acceleration: 3.07 m/s2
Time step: 32 | Velocity: 12.43 m/s | Acceleration: 3.10 m/s2
Time step: 33 | Velocity: 12.74 m/s | Acceleration: 3.12 m/s2
Time step: 34 | Velocity: 13.05 m/s | Acceleration: 3.13 m/s2
Time step: 35 | Velocity: 13.28 m/s | Acceleration: 1.49 m/s2
Time step: 36 | Velocity: 13.37 m/s | Acceleration: 0.32 m/s2
[050/100] evaluating vv_049
agent_planning_problem_id_assignment: {20088: 20095}
Processing dynamic obstacle id: 20044
Processing dynamic obstacle id: 20087
Processing dynamic obstacle id: 20088
--- Initializing prediction network ---
Time step: 0 | Velocity: 11.51 m/s | Acceleration: 0.00 m/s2
Time step: 1 | Velocity: 11.44 m/s | Acceleration: -1.34 m/s2
Time step: 2 | Velocity: 11.27 m/s | Acceleration: -2.00 m/s2
Time step: 3 | Velocity: 11.05 m/s | Acceleration: -2.32 m/s2
Time step: 4 | Velocity: 10.81 m/s | Acceleration: -2.48 m/s2
Time step: 5 | Velocity: 10.55 m/s | Acceleration: -2.56 m/s2
Time step: 6 | Velocity: 10.30 m/s | Acceleration: -2.60 m/s2
Time step: 7 | Velocity: 10.03 m/s | Acceleration: -2.62 m/s2
Time step: 8 | Velocity: 9.84 m/s | Acceleration: -1.28 m/s2
Time step: 9 | Velocity: 9.68 m/s | Acceleration: -1.97 m/s2
Time step: 10 | Velocity: 9.53 m/s | Acceleration: -0.97 m/s2
Time step: 11 | Velocity: 9.55 m/s | Acceleration: 1.21 m/s2
Time step: 12 | Velocity: 9.73 m/s | Acceleration: 2.27 m/s2
Time step: 13 | Velocity: 9.98 m/s | Acceleration: 2.79 m/s2
Time step: 14 | Velocity: 10.28 m/s | Acceleration: 3.05 m/s2
Time step: 15 | Velocity: 10.59 m/s | Acceleration: 3.17 m/s2
Time step: 16 | Velocity: 10.91 m/s | Acceleration: 3.23 m/s2
Time step: 17 | Velocity: 11.24 m/s | Acceleration: 3.26 m/s2
Time step: 18 | Velocity: 11.50 m/s | Acceleration: 2.14 m/s2
Time step: 19 | Velocity: 11.57 m/s | Acceleration: -0.67 m/s2
Time step: 20 | Velocity: 11.45 m/s | Acceleration: -1.67 m/s2
Time step: 21 | Velocity: 11.26 m/s | Acceleration: -2.09 m/s2
Time step: 22 | Velocity: 11.11 m/s | Acceleration: -0.84 m/s2
/home/yanjun/NewDisk/beliefplanning/.venv38/lib/python3.8/site-packages/commonroad/common/file_reader.py:461: UserWarning: Unknown country: Default traffic sign IDs are used. Specified country: vv_
  warnings.warn("Unknown country: Default traffic sign IDs are used. Specified country: " + country)
/home/yanjun/NewDisk/beliefplanning/.venv38/lib/python3.8/site-packages/prediction/main.py:410: FutureWarning: You are using `torch.load` with `weights_only=False` (the current default value), which uses the default pickle module implicitly. It is possible to construct malicious pickle data which will execute arbitrary code during unpickling (See https://github.com/pytorch/pytorch/blob/main/SECURITY.md#untrusted-models for more details). In a future release, the default value for `weights_only` will be flipped to `True`. This limits the functions that could be executed during unpickling. Arbitrary objects will no longer be allowed to be loaded via this mode unless they are explicitly allowlisted by the user via `torch.serialization.add_safe_globals`. We recommend you start setting `weights_only=True` for any use case where you don't have full control of the loaded file. Please open an issue on GitHub for any issues related to this experimental feature.
  saved_model_dict = torch.load(self.model_path)
/home/yanjun/NewDisk/beliefplanning/.venv38/lib/python3.8/site-packages/commonroad/scenario/scenario.py:314: UserWarning: Not a valid scenario id: vv_046
  warnings.warn('Not a valid scenario id: ' + benchmark_id)
/home/yanjun/NewDisk/beliefplanning/.venv38/lib/python3.8/site-packages/commonroad/common/file_reader.py:461: UserWarning: Unknown country: Default traffic sign IDs are used. Specified country: vv_
  warnings.warn("Unknown country: Default traffic sign IDs are used. Specified country: " + country)
/home/yanjun/NewDisk/beliefplanning/.venv38/lib/python3.8/site-packages/prediction/main.py:410: FutureWarning: You are using `torch.load` with `weights_only=False` (the current default value), which uses the default pickle module implicitly. It is possible to construct malicious pickle data which will execute arbitrary code during unpickling (See https://github.com/pytorch/pytorch/blob/main/SECURITY.md#untrusted-models for more details). In a future release, the default value for `weights_only` will be flipped to `True`. This limits the functions that could be executed during unpickling. Arbitrary objects will no longer be allowed to be loaded via this mode unless they are explicitly allowlisted by the user via `torch.serialization.add_safe_globals`. We recommend you start setting `weights_only=True` for any use case where you don't have full control of the loaded file. Please open an issue on GitHub for any issues related to this experimental feature.
  saved_model_dict = torch.load(self.model_path)
/home/yanjun/NewDisk/beliefplanning/.venv38/lib/python3.8/site-packages/commonroad/scenario/scenario.py:314: UserWarning: Not a valid scenario id: vv_047
  warnings.warn('Not a valid scenario id: ' + benchmark_id)
/home/yanjun/NewDisk/beliefplanning/.venv38/lib/python3.8/site-packages/commonroad/common/file_reader.py:461: UserWarning: Unknown country: Default traffic sign IDs are used. Specified country: vv_
  warnings.warn("Unknown country: Default traffic sign IDs are used. Specified country: " + country)
/home/yanjun/NewDisk/beliefplanning/.venv38/lib/python3.8/site-packages/prediction/main.py:410: FutureWarning: You are using `torch.load` with `weights_only=False` (the current default value), which uses the default pickle module implicitly. It is possible to construct malicious pickle data which will execute arbitrary code during unpickling (See https://github.com/pytorch/pytorch/blob/main/SECURITY.md#untrusted-models for more details). In a future release, the default value for `weights_only` will be flipped to `True`. This limits the functions that could be executed during unpickling. Arbitrary objects will no longer be allowed to be loaded via this mode unless they are explicitly allowlisted by the user via `torch.serialization.add_safe_globals`. We recommend you start setting `weights_only=True` for any use case where you don't have full control of the loaded file. Please open an issue on GitHub for any issues related to this experimental feature.
  saved_model_dict = torch.load(self.model_path)
/home/yanjun/NewDisk/beliefplanning/.venv38/lib/python3.8/site-packages/commonroad/scenario/scenario.py:314: UserWarning: Not a valid scenario id: vv_048
  warnings.warn('Not a valid scenario id: ' + benchmark_id)
/home/yanjun/NewDisk/beliefplanning/.venv38/lib/python3.8/site-packages/commonroad/common/file_reader.py:461: UserWarning: Unknown country: Default traffic sign IDs are used. Specified country: vv_
  warnings.warn("Unknown country: Default traffic sign IDs are used. Specified country: " + country)
/home/yanjun/NewDisk/beliefplanning/.venv38/lib/python3.8/site-packages/prediction/main.py:410: FutureWarning: You are using `torch.load` with `weights_only=False` (the current default value), which uses the default pickle module implicitly. It is possible to construct malicious pickle data which will execute arbitrary code during unpickling (See https://github.com/pytorch/pytorch/blob/main/SECURITY.md#untrusted-models for more details). In a future release, the default value for `weights_only` will be flipped to `True`. This limits the functions that could be executed during unpickling. Arbitrary objects will no longer be allowed to be loaded via this mode unless they are explicitly allowlisted by the user via `torch.serialization.add_safe_globals`. We recommend you start setting `weights_only=True` for any use case where you don't have full control of the loaded file. Please open an issue on GitHub for any issues related to this experimental feature.
  saved_model_dict = torch.load(self.model_path)
/home/yanjun/NewDisk/beliefplanning/.venv38/lib/python3.8/site-packages/commonroad/scenario/scenario.py:314: UserWarning: Not a valid scenario id: vv_049
  warnings.warn('Not a valid scenario id: ' + benchmark_id)
/home/yanjun/NewDisk/beliefplanning/.venv38/lib/python3.8/site-packages/commonroad/common/file_reader.py:461: UserWarning: Unknown country: Default traffic sign IDs are used. Specified country: vv_
  warnings.warn("Unknown country: Default traffic sign IDs are used. Specified country: " + country)
/home/yanjun/NewDisk/beliefplanning/.venv38/lib/python3.8/site-packages/prediction/main.py:410: FutureWarning: You are using `torch.load` with `weights_only=False` (the current default value), which uses the default pickle module implicitly. It is possible to construct malicious pickle data which will execute arbitrary code during unpickling (See https://github.com/pytorch/pytorch/blob/main/SECURITY.md#untrusted-models for more details). In a future release, the default value for `weights_only` will be flipped to `True`. This limits the functions that could be executed during unpickling. Arbitrary objects will no longer be allowed to be loaded via this mode unless they are explicitly allowlisted by the user via `torch.serialization.add_safe_globals`. We recommend you start setting `weights_only=True` for any use case where you don't have full control of the loaded file. Please open an issue on GitHub for any issues related to this experimental feature.
  saved_model_dict = torch.load(self.model_path)
/home/yanjun/NewDisk/beliefplanning/.venv38/lib/python3.8/site-packages/commonroad/scenario/scenario.py:314: UserWarning: Not a valid scenario id: vv_050
  warnings.warn('Not a valid scenario id: ' + benchmark_id)
/home/yanjun/NewDisk/beliefplanning/.venv38/lib/python3.8/site-packages/commonroad/common/file_reader.py:461: UserWarning: Unknown country: Default traffic sign IDs are used. Specified country: vv_
  warnings.warn("Unknown country: Default traffic sign IDs are used. Specified country: " + country)
Time step: 23 | Velocity: 11.10 m/s | Acceleration: 0.52 m/s2
Time step: 24 | Velocity: 11.19 m/s | Acceleration: 1.29 m/s2
Time step: 25 | Velocity: 11.35 m/s | Acceleration: 1.83 m/s2
Time step: 26 | Velocity: 11.55 m/s | Acceleration: 2.22 m/s2
Time step: 27 | Velocity: 11.79 m/s | Acceleration: 2.49 m/s2
Time step: 28 | Velocity: 12.05 m/s | Acceleration: 2.69 m/s2
Time step: 29 | Velocity: 12.33 m/s | Acceleration: 2.83 m/s2
Time step: 30 | Velocity: 12.61 m/s | Acceleration: 2.92 m/s2
Time step: 31 | Velocity: 12.91 m/s | Acceleration: 2.99 m/s2
Time step: 32 | Velocity: 13.22 m/s | Acceleration: 3.15 m/s2
Time step: 33 | Velocity: 13.38 m/s | Acceleration: 0.20 m/s2
[051/100] evaluating vv_050
agent_planning_problem_id_assignment: {20088: 20095}
Processing dynamic obstacle id: 20044
Processing dynamic obstacle id: 20087
Processing dynamic obstacle id: 20088
--- Initializing prediction network ---
Time step: 0 | Velocity: 12.31 m/s | Acceleration: 0.00 m/s2
Time step: 1 | Velocity: 12.23 m/s | Acceleration: -1.56 m/s2
Time step: 2 | Velocity: 12.03 m/s | Acceleration: -2.20 m/s2
Time step: 3 | Velocity: 11.80 m/s | Acceleration: -2.47 m/s2
Time step: 4 | Velocity: 11.54 m/s | Acceleration: -2.59 m/s2
Time step: 5 | Velocity: 11.28 m/s | Acceleration: -2.63 m/s2
Time step: 6 | Velocity: 11.02 m/s | Acceleration: -2.65 m/s2
Time step: 7 | Velocity: 10.75 m/s | Acceleration: -2.66 m/s2
Time step: 8 | Velocity: 10.60 m/s | Acceleration: -0.33 m/s2
Time step: 9 | Velocity: 10.58 m/s | Acceleration: -0.14 m/s2
Time step: 10 | Velocity: 10.57 m/s | Acceleration: -0.06 m/s2
Time step: 11 | Velocity: 10.57 m/s | Acceleration: -0.02 m/s2
Time step: 12 | Velocity: 10.57 m/s | Acceleration: -0.01 m/s2
Time step: 13 | Velocity: 10.57 m/s | Acceleration: -0.00 m/s2
Time step: 14 | Velocity: 10.67 m/s | Acceleration: 1.94 m/s2
Time step: 15 | Velocity: 10.91 m/s | Acceleration: 2.75 m/s2
Time step: 16 | Velocity: 11.20 m/s | Acceleration: 3.09 m/s2
Time step: 17 | Velocity: 11.45 m/s | Acceleration: 1.91 m/s2
Time step: 18 | Velocity: 11.70 m/s | Acceleration: 2.92 m/s2
Time step: 19 | Velocity: 11.78 m/s | Acceleration: -0.91 m/s2
Time step: 20 | Velocity: 11.72 m/s | Acceleration: -0.38 m/s2
Time step: 21 | Velocity: 11.73 m/s | Acceleration: 0.49 m/s2
Time step: 22 | Velocity: 11.79 m/s | Acceleration: 0.81 m/s2
Time step: 23 | Velocity: 11.94 m/s | Acceleration: 2.08 m/s2
Time step: 24 | Velocity: 12.17 m/s | Acceleration: 2.39 m/s2
Time step: 25 | Velocity: 12.42 m/s | Acceleration: 2.62 m/s2
Time step: 26 | Velocity: 12.69 m/s | Acceleration: 2.78 m/s2
Time step: 27 | Velocity: 12.97 m/s | Acceleration: 2.90 m/s2
Time step: 28 | Velocity: 13.27 m/s | Acceleration: 3.02 m/s2
Time step: 29 | Velocity: 13.58 m/s | Acceleration: 3.20 m/s2
Time step: 30 | Velocity: 13.72 m/s | Acceleration: -0.22 m/s2
[052/100] evaluating vv_051
agent_planning_problem_id_assignment: {20088: 20095}
Processing dynamic obstacle id: 20044
Processing dynamic obstacle id: 20087
Processing dynamic obstacle id: 20088
--- Initializing prediction network ---
Time step: 0 | Velocity: 11.54 m/s | Acceleration: 0.00 m/s2
Time step: 1 | Velocity: 11.46 m/s | Acceleration: -1.56 m/s2
Time step: 2 | Velocity: 11.39 m/s | Acceleration: 0.13 m/s2
Time step: 3 | Velocity: 11.32 m/s | Acceleration: -1.50 m/s2
Time step: 4 | Velocity: 11.13 m/s | Acceleration: -2.18 m/s2
Time step: 5 | Velocity: 10.90 m/s | Acceleration: -2.46 m/s2
Time step: 6 | Velocity: 10.64 m/s | Acceleration: -2.58 m/s2
Time step: 7 | Velocity: 10.38 m/s | Acceleration: -2.63 m/s2
Time step: 8 | Velocity: 10.18 m/s | Acceleration: -1.49 m/s2
Time step: 9 | Velocity: 10.18 m/s | Acceleration: 1.33 m/s2
Time step: 10 | Velocity: 10.37 m/s | Acceleration: 2.50 m/s2
Time step: 11 | Velocity: 10.65 m/s | Acceleration: 2.98 m/s2
Time step: 12 | Velocity: 10.96 m/s | Acceleration: 3.19 m/s2
Time step: 13 | Velocity: 11.22 m/s | Acceleration: 2.11 m/s2
Time step: 14 | Velocity: 11.37 m/s | Acceleration: 0.88 m/s2
Time step: 15 | Velocity: 11.47 m/s | Acceleration: 1.14 m/s2
Time step: 16 | Velocity: 11.59 m/s | Acceleration: 1.25 m/s2
Time step: 17 | Velocity: 11.72 m/s | Acceleration: 1.32 m/s2
Time step: 18 | Velocity: 11.67 m/s | Acceleration: -2.00 m/s2
Time step: 19 | Velocity: 11.44 m/s | Acceleration: -2.48 m/s2
Time step: 20 | Velocity: 11.18 m/s | Acceleration: -2.64 m/s2
Time step: 21 | Velocity: 11.04 m/s | Acceleration: -0.32 m/s2
Time step: 22 | Velocity: 11.12 m/s | Acceleration: 1.81 m/s2
Time step: 23 | Velocity: 11.34 m/s | Acceleration: 2.47 m/s2
Time step: 24 | Velocity: 11.60 m/s | Acceleration: 2.74 m/s2
Time step: 25 | Velocity: 11.88 m/s | Acceleration: 2.86 m/s2
Time step: 26 | Velocity: 12.17 m/s | Acceleration: 2.95 m/s2
Time step: 27 | Velocity: 12.47 m/s | Acceleration: 3.01 m/s2
Time step: 28 | Velocity: 12.78 m/s | Acceleration: 3.06 m/s2
Time step: 29 | Velocity: 12.98 m/s | Acceleration: 0.98 m/s2
Time step: 30 | Velocity: 13.15 m/s | Acceleration: 2.35 m/s2
Time step: 31 | Velocity: 13.23 m/s | Acceleration: -0.58 m/s2
[053/100] evaluating vv_052
agent_planning_problem_id_assignment: {20088: 20095}
Processing dynamic obstacle id: 20044
Processing dynamic obstacle id: 20087
Processing dynamic obstacle id: 20088
--- Initializing prediction network ---
Time step: 0 | Velocity: 12.05 m/s | Acceleration: 0.00 m/s2
Time step: 1 | Velocity: 11.96 m/s | Acceleration: -1.56 m/s2
Time step: 2 | Velocity: 11.77 m/s | Acceleration: -2.20 m/s2
Time step: 3 | Velocity: 11.54 m/s | Acceleration: -2.47 m/s2
Time step: 4 | Velocity: 11.28 m/s | Acceleration: -2.59 m/s2
Time step: 5 | Velocity: 11.14 m/s | Acceleration: -0.30 m/s2
Time step: 6 | Velocity: 11.23 m/s | Acceleration: 1.82 m/s2
Time step: 7 | Velocity: 11.39 m/s | Acceleration: 1.54 m/s2
Time step: 8 | Velocity: 11.42 m/s | Acceleration: -0.92 m/s2
Time step: 9 | Velocity: 11.27 m/s | Acceleration: -1.94 m/s2
Time step: 10 | Velocity: 11.18 m/s | Acceleration: -0.03 m/s2
Time step: 11 | Velocity: 11.09 m/s | Acceleration: -1.57 m/s2
Time step: 12 | Velocity: 10.96 m/s | Acceleration: -1.04 m/s2
Time step: 13 | Velocity: 10.89 m/s | Acceleration: -0.43 m/s2
Time step: 14 | Velocity: 10.90 m/s | Acceleration: 0.60 m/s2
Time step: 15 | Velocity: 10.98 m/s | Acceleration: 1.03 m/s2
Time step: 16 | Velocity: 11.10 m/s | Acceleration: 1.21 m/s2
Time step: 17 | Velocity: 11.22 m/s | Acceleration: 1.28 m/s2
Time step: 18 | Velocity: 11.35 m/s | Acceleration: 1.30 m/s2
Time step: 19 | Velocity: 11.45 m/s | Acceleration: 0.71 m/s2
Time step: 20 | Velocity: 11.53 m/s | Acceleration: 0.92 m/s2
Time step: 21 | Velocity: 11.63 m/s | Acceleration: 1.03 m/s2
Time step: 22 | Velocity: 11.74 m/s | Acceleration: 1.10 m/s2
Time step: 23 | Velocity: 11.85 m/s | Acceleration: 1.15 m/s2
Time step: 24 | Velocity: 12.00 m/s | Acceleration: 1.73 m/s2
Time step: 25 | Velocity: 12.19 m/s | Acceleration: 2.15 m/s2
Time step: 26 | Velocity: 12.42 m/s | Acceleration: 2.44 m/s2
Time step: 27 | Velocity: 12.68 m/s | Acceleration: 2.65 m/s2
Time step: 28 | Velocity: 12.95 m/s | Acceleration: 2.80 m/s2
Time step: 29 | Velocity: 13.23 m/s | Acceleration: 2.91 m/s2
Time step: 30 | Velocity: 13.43 m/s | Acceleration: 1.06 m/s2
Time step: 31 | Velocity: 13.46 m/s | Acceleration: -0.43 m/s2
Time step: 32 | Velocity: 13.36 m/s | Acceleration: -1.42 m/s2
[054/100] evaluating vv_053
agent_planning_problem_id_assignment: {20088: 20095}
Processing dynamic obstacle id: 20044
Processing dynamic obstacle id: 20087
Processing dynamic obstacle id: 20088
--- Initializing prediction network ---
Time step: 0 | Velocity: 11.77 m/s | Acceleration: 0.00 m/s2
Time step: 1 | Velocity: 11.69 m/s | Acceleration: -1.56 m/s2
Time step: 2 | Velocity: 11.50 m/s | Acceleration: -2.20 m/s2
Time step: 3 | Velocity: 11.26 m/s | Acceleration: -2.47 m/s2
Time step: 4 | Velocity: 11.01 m/s | Acceleration: -2.59 m/s2
Time step: 5 | Velocity: 10.75 m/s | Acceleration: -2.63 m/s2
Time step: 6 | Velocity: 10.48 m/s | Acceleration: -2.65 m/s2
Time step: 7 | Velocity: 10.21 m/s | Acceleration: -2.66 m/s2
Time step: 8 | Velocity: 10.03 m/s | Acceleration: -1.11 m/s2
/home/yanjun/NewDisk/beliefplanning/.venv38/lib/python3.8/site-packages/prediction/main.py:410: FutureWarning: You are using `torch.load` with `weights_only=False` (the current default value), which uses the default pickle module implicitly. It is possible to construct malicious pickle data which will execute arbitrary code during unpickling (See https://github.com/pytorch/pytorch/blob/main/SECURITY.md#untrusted-models for more details). In a future release, the default value for `weights_only` will be flipped to `True`. This limits the functions that could be executed during unpickling. Arbitrary objects will no longer be allowed to be loaded via this mode unless they are explicitly allowlisted by the user via `torch.serialization.add_safe_globals`. We recommend you start setting `weights_only=True` for any use case where you don't have full control of the loaded file. Please open an issue on GitHub for any issues related to this experimental feature.
  saved_model_dict = torch.load(self.model_path)
/home/yanjun/NewDisk/beliefplanning/.venv38/lib/python3.8/site-packages/commonroad/scenario/scenario.py:314: UserWarning: Not a valid scenario id: vv_051
  warnings.warn('Not a valid scenario id: ' + benchmark_id)
/home/yanjun/NewDisk/beliefplanning/.venv38/lib/python3.8/site-packages/commonroad/common/file_reader.py:461: UserWarning: Unknown country: Default traffic sign IDs are used. Specified country: vv_
  warnings.warn("Unknown country: Default traffic sign IDs are used. Specified country: " + country)
/home/yanjun/NewDisk/beliefplanning/.venv38/lib/python3.8/site-packages/prediction/main.py:410: FutureWarning: You are using `torch.load` with `weights_only=False` (the current default value), which uses the default pickle module implicitly. It is possible to construct malicious pickle data which will execute arbitrary code during unpickling (See https://github.com/pytorch/pytorch/blob/main/SECURITY.md#untrusted-models for more details). In a future release, the default value for `weights_only` will be flipped to `True`. This limits the functions that could be executed during unpickling. Arbitrary objects will no longer be allowed to be loaded via this mode unless they are explicitly allowlisted by the user via `torch.serialization.add_safe_globals`. We recommend you start setting `weights_only=True` for any use case where you don't have full control of the loaded file. Please open an issue on GitHub for any issues related to this experimental feature.
  saved_model_dict = torch.load(self.model_path)
/home/yanjun/NewDisk/beliefplanning/.venv38/lib/python3.8/site-packages/commonroad/scenario/scenario.py:314: UserWarning: Not a valid scenario id: vv_052
  warnings.warn('Not a valid scenario id: ' + benchmark_id)
/home/yanjun/NewDisk/beliefplanning/.venv38/lib/python3.8/site-packages/commonroad/common/file_reader.py:461: UserWarning: Unknown country: Default traffic sign IDs are used. Specified country: vv_
  warnings.warn("Unknown country: Default traffic sign IDs are used. Specified country: " + country)
/home/yanjun/NewDisk/beliefplanning/.venv38/lib/python3.8/site-packages/prediction/main.py:410: FutureWarning: You are using `torch.load` with `weights_only=False` (the current default value), which uses the default pickle module implicitly. It is possible to construct malicious pickle data which will execute arbitrary code during unpickling (See https://github.com/pytorch/pytorch/blob/main/SECURITY.md#untrusted-models for more details). In a future release, the default value for `weights_only` will be flipped to `True`. This limits the functions that could be executed during unpickling. Arbitrary objects will no longer be allowed to be loaded via this mode unless they are explicitly allowlisted by the user via `torch.serialization.add_safe_globals`. We recommend you start setting `weights_only=True` for any use case where you don't have full control of the loaded file. Please open an issue on GitHub for any issues related to this experimental feature.
  saved_model_dict = torch.load(self.model_path)
/home/yanjun/NewDisk/beliefplanning/.venv38/lib/python3.8/site-packages/commonroad/scenario/scenario.py:314: UserWarning: Not a valid scenario id: vv_053
  warnings.warn('Not a valid scenario id: ' + benchmark_id)
/home/yanjun/NewDisk/beliefplanning/.venv38/lib/python3.8/site-packages/commonroad/common/file_reader.py:461: UserWarning: Unknown country: Default traffic sign IDs are used. Specified country: vv_
  warnings.warn("Unknown country: Default traffic sign IDs are used. Specified country: " + country)
/home/yanjun/NewDisk/beliefplanning/.venv38/lib/python3.8/site-packages/prediction/main.py:410: FutureWarning: You are using `torch.load` with `weights_only=False` (the current default value), which uses the default pickle module implicitly. It is possible to construct malicious pickle data which will execute arbitrary code during unpickling (See https://github.com/pytorch/pytorch/blob/main/SECURITY.md#untrusted-models for more details). In a future release, the default value for `weights_only` will be flipped to `True`. This limits the functions that could be executed during unpickling. Arbitrary objects will no longer be allowed to be loaded via this mode unless they are explicitly allowlisted by the user via `torch.serialization.add_safe_globals`. We recommend you start setting `weights_only=True` for any use case where you don't have full control of the loaded file. Please open an issue on GitHub for any issues related to this experimental feature.
  saved_model_dict = torch.load(self.model_path)
/home/yanjun/NewDisk/beliefplanning/.venv38/lib/python3.8/site-packages/commonroad/scenario/scenario.py:314: UserWarning: Not a valid scenario id: vv_054
  warnings.warn('Not a valid scenario id: ' + benchmark_id)
/home/yanjun/NewDisk/beliefplanning/.venv38/lib/python3.8/site-packages/commonroad/common/file_reader.py:461: UserWarning: Unknown country: Default traffic sign IDs are used. Specified country: vv_
  warnings.warn("Unknown country: Default traffic sign IDs are used. Specified country: " + country)
/home/yanjun/NewDisk/beliefplanning/.venv38/lib/python3.8/site-packages/prediction/main.py:410: FutureWarning: You are using `torch.load` with `weights_only=False` (the current default value), which uses the default pickle module implicitly. It is possible to construct malicious pickle data which will execute arbitrary code during unpickling (See https://github.com/pytorch/pytorch/blob/main/SECURITY.md#untrusted-models for more details). In a future release, the default value for `weights_only` will be flipped to `True`. This limits the functions that could be executed during unpickling. Arbitrary objects will no longer be allowed to be loaded via this mode unless they are explicitly allowlisted by the user via `torch.serialization.add_safe_globals`. We recommend you start setting `weights_only=True` for any use case where you don't have full control of the loaded file. Please open an issue on GitHub for any issues related to this experimental feature.
  saved_model_dict = torch.load(self.model_path)
/home/yanjun/NewDisk/beliefplanning/.venv38/lib/python3.8/site-packages/commonroad/scenario/scenario.py:314: UserWarning: Not a valid scenario id: vv_055
  warnings.warn('Not a valid scenario id: ' + benchmark_id)
/home/yanjun/NewDisk/beliefplanning/.venv38/lib/python3.8/site-packages/commonroad/common/file_reader.py:461: UserWarning: Unknown country: Default traffic sign IDs are used. Specified country: vv_
  warnings.warn("Unknown country: Default traffic sign IDs are used. Specified country: " + country)
Time step: 9 | Velocity: 10.05 m/s | Acceleration: 1.48 m/s2
Time step: 10 | Velocity: 10.26 m/s | Acceleration: 2.56 m/s2
Time step: 11 | Velocity: 10.54 m/s | Acceleration: 3.01 m/s2
Time step: 12 | Velocity: 10.75 m/s | Acceleration: 1.26 m/s2
Time step: 13 | Velocity: 10.84 m/s | Acceleration: 0.52 m/s2
Time step: 14 | Velocity: 10.88 m/s | Acceleration: 0.22 m/s2
Time step: 15 | Velocity: 10.93 m/s | Acceleration: 0.87 m/s2
Time step: 16 | Velocity: 11.03 m/s | Acceleration: 1.14 m/s2
Time step: 17 | Velocity: 11.15 m/s | Acceleration: 1.25 m/s2
Time step: 18 | Velocity: 11.28 m/s | Acceleration: 1.30 m/s2
Time step: 19 | Velocity: 11.42 m/s | Acceleration: 1.34 m/s2
Time step: 20 | Velocity: 11.63 m/s | Acceleration: 2.73 m/s2
Time step: 21 | Velocity: 11.85 m/s | Acceleration: 1.80 m/s2
Time step: 22 | Velocity: 11.89 m/s | Acceleration: -0.81 m/s2
Time step: 23 | Velocity: 11.82 m/s | Acceleration: -0.73 m/s2
Time step: 24 | Velocity: 11.79 m/s | Acceleration: 0.19 m/s2
Time step: 25 | Velocity: 11.87 m/s | Acceleration: 1.43 m/s2
Time step: 26 | Velocity: 12.05 m/s | Acceleration: 1.98 m/s2
Time step: 27 | Velocity: 12.26 m/s | Acceleration: 2.32 m/s2
Time step: 28 | Velocity: 12.51 m/s | Acceleration: 2.57 m/s2
Time step: 29 | Velocity: 12.77 m/s | Acceleration: 2.74 m/s2
Time step: 30 | Velocity: 12.97 m/s | Acceleration: 1.21 m/s2
Time step: 31 | Velocity: 13.12 m/s | Acceleration: 1.88 m/s2
Time step: 32 | Velocity: 13.36 m/s | Acceleration: 2.73 m/s2
Time step: 33 | Velocity: 13.59 m/s | Acceleration: 1.91 m/s2
[055/100] evaluating vv_054
agent_planning_problem_id_assignment: {20088: 20095}
Processing dynamic obstacle id: 20044
Processing dynamic obstacle id: 20087
Processing dynamic obstacle id: 20088
--- Initializing prediction network ---
Time step: 0 | Velocity: 12.35 m/s | Acceleration: 0.00 m/s2
Time step: 1 | Velocity: 12.27 m/s | Acceleration: -1.56 m/s2
Time step: 2 | Velocity: 12.08 m/s | Acceleration: -2.20 m/s2
Time step: 3 | Velocity: 11.84 m/s | Acceleration: -2.47 m/s2
Time step: 4 | Velocity: 11.59 m/s | Acceleration: -2.59 m/s2
Time step: 5 | Velocity: 11.33 m/s | Acceleration: -2.63 m/s2
Time step: 6 | Velocity: 11.06 m/s | Acceleration: -2.65 m/s2
Time step: 7 | Velocity: 10.79 m/s | Acceleration: -2.66 m/s2
Time step: 8 | Velocity: 10.65 m/s | Acceleration: -0.33 m/s2
Time step: 9 | Velocity: 10.73 m/s | Acceleration: 1.81 m/s2
Time step: 10 | Velocity: 10.84 m/s | Acceleration: 0.36 m/s2
Time step: 11 | Velocity: 10.78 m/s | Acceleration: -1.40 m/s2
Time step: 12 | Velocity: 10.60 m/s | Acceleration: -2.14 m/s2
Time step: 13 | Velocity: 10.49 m/s | Acceleration: -0.11 m/s2
Time step: 14 | Velocity: 10.59 m/s | Acceleration: 1.90 m/s2
Time step: 15 | Velocity: 10.82 m/s | Acceleration: 2.73 m/s2
Time step: 16 | Velocity: 11.12 m/s | Acceleration: 3.08 m/s2
Time step: 17 | Velocity: 11.31 m/s | Acceleration: 0.90 m/s2
Time step: 18 | Velocity: 11.41 m/s | Acceleration: 1.15 m/s2
Time step: 19 | Velocity: 11.49 m/s | Acceleration: 0.37 m/s2
Time step: 20 | Velocity: 11.43 m/s | Acceleration: -1.40 m/s2
Time step: 21 | Velocity: 11.33 m/s | Acceleration: -0.69 m/s2
Time step: 22 | Velocity: 11.28 m/s | Acceleration: -0.29 m/s2
Time step: 23 | Velocity: 11.24 m/s | Acceleration: -0.48 m/s2
Time step: 24 | Velocity: 11.25 m/s | Acceleration: 0.58 m/s2
Time step: 25 | Velocity: 11.34 m/s | Acceleration: 1.33 m/s2
Time step: 26 | Velocity: 11.50 m/s | Acceleration: 1.86 m/s2
Time step: 27 | Velocity: 11.71 m/s | Acceleration: 2.24 m/s2
Time step: 28 | Velocity: 11.95 m/s | Acceleration: 2.51 m/s2
Time step: 29 | Velocity: 12.21 m/s | Acceleration: 2.70 m/s2
Time step: 30 | Velocity: 12.48 m/s | Acceleration: 2.83 m/s2
Time step: 31 | Velocity: 12.77 m/s | Acceleration: 2.93 m/s2
Time step: 32 | Velocity: 12.89 m/s | Acceleration: -0.33 m/s2
Time step: 33 | Velocity: 12.97 m/s | Acceleration: 1.80 m/s2
[056/100] evaluating vv_055
agent_planning_problem_id_assignment: {20088: 20095}
Processing dynamic obstacle id: 20044
Processing dynamic obstacle id: 20087
Processing dynamic obstacle id: 20088
--- Initializing prediction network ---
Time step: 0 | Velocity: 12.06 m/s | Acceleration: 0.00 m/s2
Time step: 1 | Velocity: 11.99 m/s | Acceleration: -1.34 m/s2
Time step: 2 | Velocity: 11.98 m/s | Acceleration: 1.02 m/s2
Time step: 3 | Velocity: 12.14 m/s | Acceleration: 2.18 m/s2
Time step: 4 | Velocity: 12.39 m/s | Acceleration: 2.75 m/s2
Time step: 5 | Velocity: 12.68 m/s | Acceleration: 3.02 m/s2
Time step: 6 | Velocity: 12.99 m/s | Acceleration: 3.16 m/s2
Time step: 7 | Velocity: 13.21 m/s | Acceleration: 1.21 m/s2
Time step: 8 | Velocity: 13.22 m/s | Acceleration: -0.75 m/s2
Time step: 9 | Velocity: 13.10 m/s | Acceleration: -1.71 m/s2
Time step: 10 | Velocity: 12.90 m/s | Acceleration: -2.18 m/s2
Time step: 11 | Velocity: 12.67 m/s | Acceleration: -2.41 m/s2
Time step: 12 | Velocity: 12.42 m/s | Acceleration: -2.52 m/s2
Time step: 13 | Velocity: 12.22 m/s | Acceleration: -1.57 m/s2
Time step: 14 | Velocity: 12.09 m/s | Acceleration: -1.04 m/s2
Time step: 15 | Velocity: 12.00 m/s | Acceleration: -0.76 m/s2
Time step: 16 | Velocity: 11.95 m/s | Acceleration: -0.32 m/s2
Time step: 17 | Velocity: 11.92 m/s | Acceleration: -0.15 m/s2
Time step: 18 | Velocity: 11.91 m/s | Acceleration: -0.08 m/s2
Time step: 19 | Velocity: 11.90 m/s | Acceleration: -0.05 m/s2
Time step: 20 | Velocity: 11.95 m/s | Acceleration: 0.96 m/s2
Time step: 21 | Velocity: 12.09 m/s | Acceleration: 1.71 m/s2
Time step: 22 | Velocity: 12.28 m/s | Acceleration: 2.17 m/s2
Time step: 23 | Velocity: 12.51 m/s | Acceleration: 2.46 m/s2
Time step: 24 | Velocity: 12.77 m/s | Acceleration: 2.66 m/s2
Time step: 25 | Velocity: 13.04 m/s | Acceleration: 2.81 m/s2
Time step: 26 | Velocity: 13.33 m/s | Acceleration: 2.91 m/s2
Time step: 27 | Velocity: 13.58 m/s | Acceleration: 2.00 m/s2
Time step: 28 | Velocity: 13.81 m/s | Acceleration: 2.66 m/s2
[057/100] evaluating vv_056
agent_planning_problem_id_assignment: {20088: 20095}
Processing dynamic obstacle id: 20044
Processing dynamic obstacle id: 20087
Processing dynamic obstacle id: 20088
--- Initializing prediction network ---
Time step: 0 | Velocity: 11.61 m/s | Acceleration: 0.00 m/s2
Time step: 1 | Velocity: 11.53 m/s | Acceleration: -1.56 m/s2
Time step: 2 | Velocity: 11.33 m/s | Acceleration: -2.20 m/s2
Time step: 3 | Velocity: 11.10 m/s | Acceleration: -2.47 m/s2
Time step: 4 | Velocity: 10.84 m/s | Acceleration: -2.59 m/s2
Time step: 5 | Velocity: 10.58 m/s | Acceleration: -2.63 m/s2
Time step: 6 | Velocity: 10.31 m/s | Acceleration: -2.65 m/s2
Time step: 7 | Velocity: 10.05 m/s | Acceleration: -2.66 m/s2
Time step: 8 | Velocity: 9.90 m/s | Acceleration: -0.33 m/s2
Time step: 9 | Velocity: 9.99 m/s | Acceleration: 1.81 m/s2
Time step: 10 | Velocity: 10.09 m/s | Acceleration: 0.36 m/s2
Time step: 11 | Velocity: 10.03 m/s | Acceleration: -1.40 m/s2
Time step: 12 | Velocity: 9.85 m/s | Acceleration: -2.14 m/s2
Time step: 13 | Velocity: 9.62 m/s | Acceleration: -2.45 m/s2
Time step: 14 | Velocity: 9.37 m/s | Acceleration: -2.58 m/s2
Time step: 15 | Velocity: 9.11 m/s | Acceleration: -2.63 m/s2
Time step: 16 | Velocity: 8.84 m/s | Acceleration: -2.65 m/s2
Time step: 17 | Velocity: 8.70 m/s | Acceleration: -0.33 m/s2
Time step: 18 | Velocity: 8.78 m/s | Acceleration: 1.81 m/s2
Time step: 19 | Velocity: 8.90 m/s | Acceleration: 0.75 m/s2
Time step: 20 | Velocity: 9.06 m/s | Acceleration: 2.26 m/s2
Time step: 21 | Velocity: 9.15 m/s | Acceleration: -0.24 m/s2
Time step: 22 | Velocity: 9.20 m/s | Acceleration: 1.18 m/s2
Time step: 23 | Velocity: 9.36 m/s | Acceleration: 1.93 m/s2
Time step: 24 | Velocity: 9.57 m/s | Acceleration: 2.29 m/s2
Time step: 25 | Velocity: 9.82 m/s | Acceleration: 2.54 m/s2
Time step: 26 | Velocity: 10.08 m/s | Acceleration: 2.72 m/s2
Time step: 27 | Velocity: 10.36 m/s | Acceleration: 2.85 m/s2
Time step: 28 | Velocity: 10.65 m/s | Acceleration: 2.94 m/s2
Time step: 29 | Velocity: 10.95 m/s | Acceleration: 3.01 m/s2
Time step: 30 | Velocity: 11.25 m/s | Acceleration: 3.05 m/s2
Time step: 31 | Velocity: 11.56 m/s | Acceleration: 3.09 m/s2
/home/yanjun/NewDisk/beliefplanning/.venv38/lib/python3.8/site-packages/prediction/main.py:410: FutureWarning: You are using `torch.load` with `weights_only=False` (the current default value), which uses the default pickle module implicitly. It is possible to construct malicious pickle data which will execute arbitrary code during unpickling (See https://github.com/pytorch/pytorch/blob/main/SECURITY.md#untrusted-models for more details). In a future release, the default value for `weights_only` will be flipped to `True`. This limits the functions that could be executed during unpickling. Arbitrary objects will no longer be allowed to be loaded via this mode unless they are explicitly allowlisted by the user via `torch.serialization.add_safe_globals`. We recommend you start setting `weights_only=True` for any use case where you don't have full control of the loaded file. Please open an issue on GitHub for any issues related to this experimental feature.
  saved_model_dict = torch.load(self.model_path)
/home/yanjun/NewDisk/beliefplanning/.venv38/lib/python3.8/site-packages/commonroad/scenario/scenario.py:314: UserWarning: Not a valid scenario id: vv_056
  warnings.warn('Not a valid scenario id: ' + benchmark_id)
/home/yanjun/NewDisk/beliefplanning/.venv38/lib/python3.8/site-packages/commonroad/common/file_reader.py:461: UserWarning: Unknown country: Default traffic sign IDs are used. Specified country: vv_
  warnings.warn("Unknown country: Default traffic sign IDs are used. Specified country: " + country)
/home/yanjun/NewDisk/beliefplanning/.venv38/lib/python3.8/site-packages/prediction/main.py:410: FutureWarning: You are using `torch.load` with `weights_only=False` (the current default value), which uses the default pickle module implicitly. It is possible to construct malicious pickle data which will execute arbitrary code during unpickling (See https://github.com/pytorch/pytorch/blob/main/SECURITY.md#untrusted-models for more details). In a future release, the default value for `weights_only` will be flipped to `True`. This limits the functions that could be executed during unpickling. Arbitrary objects will no longer be allowed to be loaded via this mode unless they are explicitly allowlisted by the user via `torch.serialization.add_safe_globals`. We recommend you start setting `weights_only=True` for any use case where you don't have full control of the loaded file. Please open an issue on GitHub for any issues related to this experimental feature.
  saved_model_dict = torch.load(self.model_path)
/home/yanjun/NewDisk/beliefplanning/.venv38/lib/python3.8/site-packages/commonroad/scenario/scenario.py:314: UserWarning: Not a valid scenario id: vv_057
  warnings.warn('Not a valid scenario id: ' + benchmark_id)
/home/yanjun/NewDisk/beliefplanning/.venv38/lib/python3.8/site-packages/commonroad/common/file_reader.py:461: UserWarning: Unknown country: Default traffic sign IDs are used. Specified country: vv_
  warnings.warn("Unknown country: Default traffic sign IDs are used. Specified country: " + country)
/home/yanjun/NewDisk/beliefplanning/.venv38/lib/python3.8/site-packages/prediction/main.py:410: FutureWarning: You are using `torch.load` with `weights_only=False` (the current default value), which uses the default pickle module implicitly. It is possible to construct malicious pickle data which will execute arbitrary code during unpickling (See https://github.com/pytorch/pytorch/blob/main/SECURITY.md#untrusted-models for more details). In a future release, the default value for `weights_only` will be flipped to `True`. This limits the functions that could be executed during unpickling. Arbitrary objects will no longer be allowed to be loaded via this mode unless they are explicitly allowlisted by the user via `torch.serialization.add_safe_globals`. We recommend you start setting `weights_only=True` for any use case where you don't have full control of the loaded file. Please open an issue on GitHub for any issues related to this experimental feature.
  saved_model_dict = torch.load(self.model_path)
/home/yanjun/NewDisk/beliefplanning/.venv38/lib/python3.8/site-packages/commonroad/scenario/scenario.py:314: UserWarning: Not a valid scenario id: vv_058
  warnings.warn('Not a valid scenario id: ' + benchmark_id)
/home/yanjun/NewDisk/beliefplanning/.venv38/lib/python3.8/site-packages/commonroad/common/file_reader.py:461: UserWarning: Unknown country: Default traffic sign IDs are used. Specified country: vv_
  warnings.warn("Unknown country: Default traffic sign IDs are used. Specified country: " + country)
/home/yanjun/NewDisk/beliefplanning/.venv38/lib/python3.8/site-packages/prediction/main.py:410: FutureWarning: You are using `torch.load` with `weights_only=False` (the current default value), which uses the default pickle module implicitly. It is possible to construct malicious pickle data which will execute arbitrary code during unpickling (See https://github.com/pytorch/pytorch/blob/main/SECURITY.md#untrusted-models for more details). In a future release, the default value for `weights_only` will be flipped to `True`. This limits the functions that could be executed during unpickling. Arbitrary objects will no longer be allowed to be loaded via this mode unless they are explicitly allowlisted by the user via `torch.serialization.add_safe_globals`. We recommend you start setting `weights_only=True` for any use case where you don't have full control of the loaded file. Please open an issue on GitHub for any issues related to this experimental feature.
  saved_model_dict = torch.load(self.model_path)
/home/yanjun/NewDisk/beliefplanning/.venv38/lib/python3.8/site-packages/commonroad/scenario/scenario.py:314: UserWarning: Not a valid scenario id: vv_059
  warnings.warn('Not a valid scenario id: ' + benchmark_id)
/home/yanjun/NewDisk/beliefplanning/.venv38/lib/python3.8/site-packages/commonroad/common/file_reader.py:461: UserWarning: Unknown country: Default traffic sign IDs are used. Specified country: vv_
  warnings.warn("Unknown country: Default traffic sign IDs are used. Specified country: " + country)
/home/yanjun/NewDisk/beliefplanning/.venv38/lib/python3.8/site-packages/prediction/main.py:410: FutureWarning: You are using `torch.load` with `weights_only=False` (the current default value), which uses the default pickle module implicitly. It is possible to construct malicious pickle data which will execute arbitrary code during unpickling (See https://github.com/pytorch/pytorch/blob/main/SECURITY.md#untrusted-models for more details). In a future release, the default value for `weights_only` will be flipped to `True`. This limits the functions that could be executed during unpickling. Arbitrary objects will no longer be allowed to be loaded via this mode unless they are explicitly allowlisted by the user via `torch.serialization.add_safe_globals`. We recommend you start setting `weights_only=True` for any use case where you don't have full control of the loaded file. Please open an issue on GitHub for any issues related to this experimental feature.
  saved_model_dict = torch.load(self.model_path)
/home/yanjun/NewDisk/beliefplanning/.venv38/lib/python3.8/site-packages/commonroad/scenario/scenario.py:314: UserWarning: Not a valid scenario id: vv_060
  warnings.warn('Not a valid scenario id: ' + benchmark_id)
/home/yanjun/NewDisk/beliefplanning/.venv38/lib/python3.8/site-packages/commonroad/common/file_reader.py:461: UserWarning: Unknown country: Default traffic sign IDs are used. Specified country: vv_
  warnings.warn("Unknown country: Default traffic sign IDs are used. Specified country: " + country)
Time step: 32 | Velocity: 11.87 m/s | Acceleration: 3.14 m/s2
Time step: 33 | Velocity: 12.05 m/s | Acceleration: 0.53 m/s2
Time step: 34 | Velocity: 12.00 m/s | Acceleration: -1.33 m/s2
Time step: 35 | Velocity: 11.83 m/s | Acceleration: -2.11 m/s2
[058/100] evaluating vv_057
agent_planning_problem_id_assignment: {20088: 20095}
Processing dynamic obstacle id: 20044
Processing dynamic obstacle id: 20087
Processing dynamic obstacle id: 20088
--- Initializing prediction network ---
Time step: 0 | Velocity: 12.13 m/s | Acceleration: 0.00 m/s2
Time step: 1 | Velocity: 12.03 m/s | Acceleration: -1.84 m/s2
Time step: 2 | Velocity: 11.81 m/s | Acceleration: -2.43 m/s2
Time step: 3 | Velocity: 11.56 m/s | Acceleration: -2.62 m/s2
Time step: 4 | Velocity: 11.29 m/s | Acceleration: -2.68 m/s2
Time step: 5 | Velocity: 11.02 m/s | Acceleration: -2.70 m/s2
Time step: 6 | Velocity: 10.75 m/s | Acceleration: -2.71 m/s2
Time step: 7 | Velocity: 10.47 m/s | Acceleration: -2.71 m/s2
Time step: 8 | Velocity: 10.35 m/s | Acceleration: 0.05 m/s2
Time step: 9 | Velocity: 10.48 m/s | Acceleration: 2.32 m/s2
Time step: 10 | Velocity: 10.75 m/s | Acceleration: 3.05 m/s2
Time step: 11 | Velocity: 11.00 m/s | Acceleration: 1.90 m/s2
Time step: 12 | Velocity: 11.02 m/s | Acceleration: -1.24 m/s2
Time step: 13 | Velocity: 10.84 m/s | Acceleration: -2.24 m/s2
Time step: 14 | Velocity: 10.75 m/s | Acceleration: 0.21 m/s2
Time step: 15 | Velocity: 10.88 m/s | Acceleration: 2.37 m/s2
Time step: 16 | Velocity: 11.16 m/s | Acceleration: 3.06 m/s2
Time step: 17 | Velocity: 11.48 m/s | Acceleration: 3.28 m/s2
Time step: 18 | Velocity: 11.82 m/s | Acceleration: 3.35 m/s2
Time step: 19 | Velocity: 12.03 m/s | Acceleration: 1.07 m/s2
Time step: 20 | Velocity: 12.15 m/s | Acceleration: 1.33 m/s2
Time step: 21 | Velocity: 12.10 m/s | Acceleration: -2.00 m/s2
Time step: 22 | Velocity: 11.87 m/s | Acceleration: -2.48 m/s2
Time step: 23 | Velocity: 11.77 m/s | Acceleration: 0.13 m/s2
Time step: 24 | Velocity: 11.88 m/s | Acceleration: 2.00 m/s2
Time step: 25 | Velocity: 12.03 m/s | Acceleration: 0.98 m/s2
Time step: 26 | Velocity: 12.07 m/s | Acceleration: 0.02 m/s2
Time step: 27 | Velocity: 12.15 m/s | Acceleration: 1.49 m/s2
Time step: 28 | Velocity: 12.34 m/s | Acceleration: 2.20 m/s2
Time step: 29 | Velocity: 12.58 m/s | Acceleration: 2.62 m/s2
Time step: 30 | Velocity: 12.86 m/s | Acceleration: 2.96 m/s2
Time step: 31 | Velocity: 13.17 m/s | Acceleration: 3.13 m/s2
Time step: 32 | Velocity: 13.49 m/s | Acceleration: 3.31 m/s2
Time step: 33 | Velocity: 13.70 m/s | Acceleration: 1.06 m/s2
[059/100] evaluating vv_058
agent_planning_problem_id_assignment: {20088: 20095}
Processing dynamic obstacle id: 20044
Processing dynamic obstacle id: 20087
Processing dynamic obstacle id: 20088
--- Initializing prediction network ---
Time step: 0 | Velocity: 12.00 m/s | Acceleration: 0.00 m/s2
Time step: 1 | Velocity: 11.93 m/s | Acceleration: -1.34 m/s2
Time step: 2 | Velocity: 11.76 m/s | Acceleration: -2.00 m/s2
Time step: 3 | Velocity: 11.54 m/s | Acceleration: -2.32 m/s2
Time step: 4 | Velocity: 11.30 m/s | Acceleration: -2.48 m/s2
Time step: 5 | Velocity: 11.05 m/s | Acceleration: -2.56 m/s2
Time step: 6 | Velocity: 10.79 m/s | Acceleration: -2.60 m/s2
Time step: 7 | Velocity: 10.53 m/s | Acceleration: -2.62 m/s2
Time step: 8 | Velocity: 10.37 m/s | Acceleration: -0.61 m/s2
Time step: 9 | Velocity: 10.32 m/s | Acceleration: -0.30 m/s2
Time step: 10 | Velocity: 10.39 m/s | Acceleration: 1.53 m/s2
Time step: 11 | Velocity: 10.59 m/s | Acceleration: 2.43 m/s2
Time step: 12 | Velocity: 10.81 m/s | Acceleration: 1.86 m/s2
Time step: 13 | Velocity: 10.98 m/s | Acceleration: 1.58 m/s2
Time step: 14 | Velocity: 11.13 m/s | Acceleration: 1.45 m/s2
Time step: 15 | Velocity: 11.24 m/s | Acceleration: 0.71 m/s2
Time step: 16 | Velocity: 11.33 m/s | Acceleration: 1.07 m/s2
Time step: 17 | Velocity: 11.26 m/s | Acceleration: -2.05 m/s2
Time step: 18 | Velocity: 11.04 m/s | Acceleration: -2.41 m/s2
Time step: 19 | Velocity: 10.93 m/s | Acceleration: 0.15 m/s2
Time step: 20 | Velocity: 10.98 m/s | Acceleration: 0.84 m/s2
Time step: 21 | Velocity: 11.14 m/s | Acceleration: 2.09 m/s2
Time step: 22 | Velocity: 11.36 m/s | Acceleration: 2.43 m/s2
Time step: 23 | Velocity: 11.62 m/s | Acceleration: 2.64 m/s2
Time step: 24 | Velocity: 11.89 m/s | Acceleration: 2.79 m/s2
Time step: 25 | Velocity: 12.17 m/s | Acceleration: 2.90 m/s2
Time step: 26 | Velocity: 12.47 m/s | Acceleration: 2.98 m/s2
Time step: 27 | Velocity: 12.77 m/s | Acceleration: 3.03 m/s2
Time step: 28 | Velocity: 13.07 m/s | Acceleration: 3.07 m/s2
Time step: 29 | Velocity: 13.38 m/s | Acceleration: 3.10 m/s2
Time step: 30 | Velocity: 13.70 m/s | Acceleration: 3.20 m/s2
Time step: 31 | Velocity: 13.86 m/s | Acceleration: 0.22 m/s2
[060/100] evaluating vv_059
agent_planning_problem_id_assignment: {20088: 20095}
Processing dynamic obstacle id: 20044
Processing dynamic obstacle id: 20087
Processing dynamic obstacle id: 20088
--- Initializing prediction network ---
Time step: 0 | Velocity: 11.50 m/s | Acceleration: 0.00 m/s2
Time step: 1 | Velocity: 11.42 m/s | Acceleration: -1.56 m/s2
Time step: 2 | Velocity: 11.23 m/s | Acceleration: -2.20 m/s2
Time step: 3 | Velocity: 10.99 m/s | Acceleration: -2.47 m/s2
Time step: 4 | Velocity: 10.74 m/s | Acceleration: -2.59 m/s2
Time step: 5 | Velocity: 10.47 m/s | Acceleration: -2.63 m/s2
Time step: 6 | Velocity: 10.21 m/s | Acceleration: -2.65 m/s2
Time step: 7 | Velocity: 9.94 m/s | Acceleration: -2.66 m/s2
Time step: 8 | Velocity: 9.76 m/s | Acceleration: -1.11 m/s2
Time step: 9 | Velocity: 9.78 m/s | Acceleration: 1.48 m/s2
Time step: 10 | Velocity: 9.86 m/s | Acceleration: 0.23 m/s2
Time step: 11 | Velocity: 9.92 m/s | Acceleration: 0.87 m/s2
Time step: 12 | Velocity: 10.09 m/s | Acceleration: 2.31 m/s2
Time step: 13 | Velocity: 10.35 m/s | Acceleration: 2.91 m/s2
Time step: 14 | Velocity: 10.66 m/s | Acceleration: 3.16 m/s2
Time step: 15 | Velocity: 10.98 m/s | Acceleration: 3.26 m/s2
Time step: 16 | Velocity: 11.25 m/s | Acceleration: 2.14 m/s2
Time step: 17 | Velocity: 11.44 m/s | Acceleration: 1.67 m/s2
Time step: 18 | Velocity: 11.56 m/s | Acceleration: 0.82 m/s2
Time step: 19 | Velocity: 11.61 m/s | Acceleration: 0.15 m/s2
Time step: 20 | Velocity: 11.62 m/s | Acceleration: 0.09 m/s2
Time step: 21 | Velocity: 11.65 m/s | Acceleration: 0.49 m/s2
Time step: 22 | Velocity: 11.71 m/s | Acceleration: 0.72 m/s2
Time step: 23 | Velocity: 11.82 m/s | Acceleration: 1.43 m/s2
Time step: 24 | Velocity: 11.99 m/s | Acceleration: 1.93 m/s2
Time step: 25 | Velocity: 12.20 m/s | Acceleration: 2.29 m/s2
Time step: 26 | Velocity: 12.44 m/s | Acceleration: 2.54 m/s2
Time step: 27 | Velocity: 12.70 m/s | Acceleration: 2.72 m/s2
Time step: 28 | Velocity: 12.98 m/s | Acceleration: 2.85 m/s2
Time step: 29 | Velocity: 13.27 m/s | Acceleration: 2.94 m/s2
Time step: 30 | Velocity: 13.57 m/s | Acceleration: 3.01 m/s2
Time step: 31 | Velocity: 13.87 m/s | Acceleration: 3.07 m/s2
Time step: 32 | Velocity: 14.19 m/s | Acceleration: 3.14 m/s2
[061/100] evaluating vv_060
agent_planning_problem_id_assignment: {20088: 20095}
Processing dynamic obstacle id: 20044
Processing dynamic obstacle id: 20087
Processing dynamic obstacle id: 20088
--- Initializing prediction network ---
Time step: 0 | Velocity: 11.93 m/s | Acceleration: 0.00 m/s2
Time step: 1 | Velocity: 11.85 m/s | Acceleration: -1.56 m/s2
Time step: 2 | Velocity: 11.65 m/s | Acceleration: -2.20 m/s2
Time step: 3 | Velocity: 11.42 m/s | Acceleration: -2.47 m/s2
Time step: 4 | Velocity: 11.16 m/s | Acceleration: -2.59 m/s2
Time step: 5 | Velocity: 10.90 m/s | Acceleration: -2.63 m/s2
Time step: 6 | Velocity: 10.64 m/s | Acceleration: -2.65 m/s2
Time step: 7 | Velocity: 10.37 m/s | Acceleration: -2.66 m/s2
Time step: 8 | Velocity: 10.18 m/s | Acceleration: -1.11 m/s2
Time step: 9 | Velocity: 10.02 m/s | Acceleration: -2.02 m/s2
Time step: 10 | Velocity: 9.86 m/s | Acceleration: -1.23 m/s2
Time step: 11 | Velocity: 9.88 m/s | Acceleration: 1.43 m/s2
Time step: 12 | Velocity: 10.02 m/s | Acceleration: 1.37 m/s2
Time step: 13 | Velocity: 10.16 m/s | Acceleration: 1.35 m/s2
Time step: 14 | Velocity: 10.36 m/s | Acceleration: 2.51 m/s2
Time step: 15 | Velocity: 10.63 m/s | Acceleration: 2.99 m/s2
Time step: 16 | Velocity: 10.88 m/s | Acceleration: 2.02 m/s2
Time step: 17 | Velocity: 11.13 m/s | Acceleration: 2.79 m/s2
Time step: 18 | Velocity: 11.36 m/s | Acceleration: 1.94 m/s2
Time step: 19 | Velocity: 11.54 m/s | Acceleration: 1.54 m/s2
Time step: 20 | Velocity: 11.54 m/s | Acceleration: -1.35 m/s2
Time step: 21 | Velocity: 11.42 m/s | Acceleration: -0.95 m/s2
Time step: 22 | Velocity: 11.35 m/s | Acceleration: -0.47 m/s2
Time step: 23 | Velocity: 11.35 m/s | Acceleration: 0.34 m/s2
Time step: 24 | Velocity: 11.43 m/s | Acceleration: 1.40 m/s2
Time step: 25 | Velocity: 11.60 m/s | Acceleration: 1.91 m/s2
Time step: 26 | Velocity: 11.81 m/s | Acceleration: 2.27 m/s2
Time step: 27 | Velocity: 12.05 m/s | Acceleration: 2.53 m/s2
Time step: 28 | Velocity: 12.32 m/s | Acceleration: 2.72 m/s2
Time step: 29 | Velocity: 12.59 m/s | Acceleration: 2.85 m/s2
Time step: 30 | Velocity: 12.88 m/s | Acceleration: 2.94 m/s2
Time step: 31 | Velocity: 13.10 m/s | Acceleration: 1.35 m/s2
Time step: 32 | Velocity: 13.29 m/s | Acceleration: 2.51 m/s2
Time step: 33 | Velocity: 13.38 m/s | Acceleration: -0.51 m/s2
[062/100] evaluating vv_061
agent_planning_problem_id_assignment: {20088: 20095}
Processing dynamic obstacle id: 20044
Processing dynamic obstacle id: 20087
Processing dynamic obstacle id: 20088
--- Initializing prediction network ---
Time step: 0 | Velocity: 11.53 m/s | Acceleration: 0.00 m/s2
Time step: 1 | Velocity: 11.44 m/s | Acceleration: -1.56 m/s2
Time step: 2 | Velocity: 11.25 m/s | Acceleration: -2.20 m/s2
Time step: 3 | Velocity: 11.08 m/s | Acceleration: -1.31 m/s2
Time step: 4 | Velocity: 11.03 m/s | Acceleration: 0.23 m/s2
Time step: 5 | Velocity: 11.09 m/s | Acceleration: 0.87 m/s2
Time step: 6 | Velocity: 11.19 m/s | Acceleration: 1.14 m/s2
Time step: 7 | Velocity: 11.31 m/s | Acceleration: 1.25 m/s2
Time step: 8 | Velocity: 11.50 m/s | Acceleration: 2.47 m/s2
Time step: 9 | Velocity: 11.59 m/s | Acceleration: -0.53 m/s2
Time step: 10 | Velocity: 11.47 m/s | Acceleration: -1.78 m/s2
Time step: 11 | Velocity: 11.32 m/s | Acceleration: -1.13 m/s2
Time step: 12 | Velocity: 11.23 m/s | Acceleration: -0.86 m/s2
Time step: 13 | Velocity: 11.17 m/s | Acceleration: -0.36 m/s2
Time step: 14 | Velocity: 11.18 m/s | Acceleration: 0.63 m/s2
Time step: 15 | Velocity: 11.27 m/s | Acceleration: 1.04 m/s2
Time step: 16 | Velocity: 11.38 m/s | Acceleration: 1.18 m/s2
Time step: 17 | Velocity: 11.47 m/s | Acceleration: 0.65 m/s2
Time step: 18 | Velocity: 11.55 m/s | Acceleration: 0.88 m/s2
Time step: 19 | Velocity: 11.64 m/s | Acceleration: 1.00 m/s2
Time step: 20 | Velocity: 11.75 m/s | Acceleration: 1.08 m/s2
Time step: 21 | Velocity: 11.86 m/s | Acceleration: 1.13 m/s2
Time step: 22 | Velocity: 12.00 m/s | Acceleration: 1.72 m/s2
Time step: 23 | Velocity: 12.19 m/s | Acceleration: 2.14 m/s2
Time step: 24 | Velocity: 12.42 m/s | Acceleration: 2.44 m/s2
Time step: 25 | Velocity: 12.68 m/s | Acceleration: 2.65 m/s2
Time step: 26 | Velocity: 12.95 m/s | Acceleration: 2.80 m/s2
Time step: 27 | Velocity: 13.24 m/s | Acceleration: 2.93 m/s2
Time step: 28 | Velocity: 13.43 m/s | Acceleration: 0.90 m/s2
Time step: 29 | Velocity: 13.43 m/s | Acceleration: -0.69 m/s2
Time step: 30 | Velocity: 13.31 m/s | Acceleration: -1.68 m/s2
[063/100] evaluating vv_062
agent_planning_problem_id_assignment: {20088: 20095}
Processing dynamic obstacle id: 20044
Processing dynamic obstacle id: 20087
Processing dynamic obstacle id: 20088
--- Initializing prediction network ---
Time step: 0 | Velocity: 12.08 m/s | Acceleration: 0.00 m/s2
Time step: 1 | Velocity: 12.01 m/s | Acceleration: -1.34 m/s2
Time step: 2 | Velocity: 12.00 m/s | Acceleration: 1.02 m/s2
Time step: 3 | Velocity: 12.16 m/s | Acceleration: 2.18 m/s2
Time step: 4 | Velocity: 12.41 m/s | Acceleration: 2.75 m/s2
Time step: 5 | Velocity: 12.70 m/s | Acceleration: 3.02 m/s2
Time step: 6 | Velocity: 13.01 m/s | Acceleration: 3.16 m/s2
Time step: 7 | Velocity: 13.28 m/s | Acceleration: 2.22 m/s2
Time step: 8 | Velocity: 13.42 m/s | Acceleration: 0.75 m/s2
Time step: 9 | Velocity: 13.41 m/s | Acceleration: -0.98 m/s2
Time step: 10 | Velocity: 13.26 m/s | Acceleration: -1.82 m/s2
Time step: 11 | Velocity: 13.06 m/s | Acceleration: -2.24 m/s2
Time step: 12 | Velocity: 12.82 m/s | Acceleration: -2.44 m/s2
Time step: 13 | Velocity: 12.57 m/s | Acceleration: -2.54 m/s2
Time step: 14 | Velocity: 12.38 m/s | Acceleration: -1.45 m/s2
Time step: 15 | Velocity: 12.15 m/s | Acceleration: -2.84 m/s2
Time step: 16 | Velocity: 11.93 m/s | Acceleration: -1.57 m/s2
Time step: 17 | Velocity: 11.81 m/s | Acceleration: -0.77 m/s2
Time step: 18 | Velocity: 11.75 m/s | Acceleration: -0.42 m/s2
Time step: 19 | Velocity: 11.74 m/s | Acceleration: 0.21 m/s2
Time step: 20 | Velocity: 11.84 m/s | Acceleration: 1.59 m/s2
Time step: 21 | Velocity: 12.04 m/s | Acceleration: 2.46 m/s2
Time step: 22 | Velocity: 12.31 m/s | Acceleration: 2.88 m/s2
Time step: 23 | Velocity: 12.61 m/s | Acceleration: 3.09 m/s2
Time step: 24 | Velocity: 12.93 m/s | Acceleration: 3.17 m/s2
Time step: 25 | Velocity: 13.25 m/s | Acceleration: 3.21 m/s2
Time step: 26 | Velocity: 13.57 m/s | Acceleration: 3.25 m/s2
Time step: 27 | Velocity: 13.90 m/s | Acceleration: 3.27 m/s2
Time step: 28 | Velocity: 14.23 m/s | Acceleration: 3.28 m/s2
[064/100] evaluating vv_063
agent_planning_problem_id_assignment: {20088: 20095}
Processing dynamic obstacle id: 20044
Processing dynamic obstacle id: 20087
Processing dynamic obstacle id: 20088
--- Initializing prediction network ---
Time step: 0 | Velocity: 11.72 m/s | Acceleration: 0.00 m/s2
Time step: 1 | Velocity: 11.64 m/s | Acceleration: -1.56 m/s2
Time step: 2 | Velocity: 11.45 m/s | Acceleration: -2.20 m/s2
Time step: 3 | Velocity: 11.21 m/s | Acceleration: -2.47 m/s2
Time step: 4 | Velocity: 10.96 m/s | Acceleration: -2.59 m/s2
Time step: 5 | Velocity: 10.69 m/s | Acceleration: -2.63 m/s2
Time step: 6 | Velocity: 10.43 m/s | Acceleration: -2.65 m/s2
Time step: 7 | Velocity: 10.16 m/s | Acceleration: -2.66 m/s2
Time step: 8 | Velocity: 9.89 m/s | Acceleration: -2.66 m/s2
Time step: 9 | Velocity: 9.75 m/s | Acceleration: -0.33 m/s2
Time step: 10 | Velocity: 9.64 m/s | Acceleration: -1.69 m/s2
Time step: 11 | Velocity: 9.44 m/s | Acceleration: -2.26 m/s2
Time step: 12 | Velocity: 9.33 m/s | Acceleration: -0.16 m/s2
Time step: 13 | Velocity: 9.29 m/s | Acceleration: -0.46 m/s2
Time step: 14 | Velocity: 9.24 m/s | Acceleration: -0.58 m/s2
Time step: 15 | Velocity: 9.31 m/s | Acceleration: 1.70 m/s2
Time step: 16 | Velocity: 9.53 m/s | Acceleration: 2.65 m/s2
Time step: 17 | Velocity: 9.75 m/s | Acceleration: 1.88 m/s2
Time step: 18 | Velocity: 9.93 m/s | Acceleration: 1.56 m/s2
Time step: 19 | Velocity: 10.08 m/s | Acceleration: 1.43 m/s2
Time step: 20 | Velocity: 10.22 m/s | Acceleration: 1.37 m/s2
Time step: 21 | Velocity: 10.35 m/s | Acceleration: 1.35 m/s2
Time step: 22 | Velocity: 10.49 m/s | Acceleration: 1.35 m/s2
Time step: 23 | Velocity: 10.62 m/s | Acceleration: 1.34 m/s2
Time step: 24 | Velocity: 10.76 m/s | Acceleration: 1.34 m/s2
Time step: 25 | Velocity: 10.89 m/s | Acceleration: 1.32 m/s2
Time step: 26 | Velocity: 11.02 m/s | Acceleration: 1.30 m/s2
Time step: 27 | Velocity: 11.13 m/s | Acceleration: 0.92 m/s2
Time step: 28 | Velocity: 11.26 m/s | Acceleration: 1.57 m/s2
Time step: 29 | Velocity: 11.44 m/s | Acceleration: 2.04 m/s2
Time step: 30 | Velocity: 11.66 m/s | Acceleration: 2.36 m/s2
Time step: 31 | Velocity: 11.83 m/s | Acceleration: 0.94 m/s2
Time step: 32 | Velocity: 11.87 m/s | Acceleration: -0.06 m/s2
Time step: 33 | Velocity: 11.82 m/s | Acceleration: -0.78 m/s2
Time step: 34 | Velocity: 11.72 m/s | Acceleration: -1.38 m/s2
Time step: 35 | Velocity: 11.54 m/s | Acceleration: -2.13 m/s2
[065/100] evaluating vv_064
agent_planning_problem_id_assignment: {20088: 20095}
Processing dynamic obstacle id: 20044
Processing dynamic obstacle id: 20087
Processing dynamic obstacle id: 20088
--- Initializing prediction network ---
/home/yanjun/NewDisk/beliefplanning/.venv38/lib/python3.8/site-packages/prediction/main.py:410: FutureWarning: You are using `torch.load` with `weights_only=False` (the current default value), which uses the default pickle module implicitly. It is possible to construct malicious pickle data which will execute arbitrary code during unpickling (See https://github.com/pytorch/pytorch/blob/main/SECURITY.md#untrusted-models for more details). In a future release, the default value for `weights_only` will be flipped to `True`. This limits the functions that could be executed during unpickling. Arbitrary objects will no longer be allowed to be loaded via this mode unless they are explicitly allowlisted by the user via `torch.serialization.add_safe_globals`. We recommend you start setting `weights_only=True` for any use case where you don't have full control of the loaded file. Please open an issue on GitHub for any issues related to this experimental feature.
  saved_model_dict = torch.load(self.model_path)
/home/yanjun/NewDisk/beliefplanning/.venv38/lib/python3.8/site-packages/commonroad/scenario/scenario.py:314: UserWarning: Not a valid scenario id: vv_061
  warnings.warn('Not a valid scenario id: ' + benchmark_id)
/home/yanjun/NewDisk/beliefplanning/.venv38/lib/python3.8/site-packages/commonroad/common/file_reader.py:461: UserWarning: Unknown country: Default traffic sign IDs are used. Specified country: vv_
  warnings.warn("Unknown country: Default traffic sign IDs are used. Specified country: " + country)
/home/yanjun/NewDisk/beliefplanning/.venv38/lib/python3.8/site-packages/prediction/main.py:410: FutureWarning: You are using `torch.load` with `weights_only=False` (the current default value), which uses the default pickle module implicitly. It is possible to construct malicious pickle data which will execute arbitrary code during unpickling (See https://github.com/pytorch/pytorch/blob/main/SECURITY.md#untrusted-models for more details). In a future release, the default value for `weights_only` will be flipped to `True`. This limits the functions that could be executed during unpickling. Arbitrary objects will no longer be allowed to be loaded via this mode unless they are explicitly allowlisted by the user via `torch.serialization.add_safe_globals`. We recommend you start setting `weights_only=True` for any use case where you don't have full control of the loaded file. Please open an issue on GitHub for any issues related to this experimental feature.
  saved_model_dict = torch.load(self.model_path)
/home/yanjun/NewDisk/beliefplanning/.venv38/lib/python3.8/site-packages/commonroad/scenario/scenario.py:314: UserWarning: Not a valid scenario id: vv_062
  warnings.warn('Not a valid scenario id: ' + benchmark_id)
/home/yanjun/NewDisk/beliefplanning/.venv38/lib/python3.8/site-packages/commonroad/common/file_reader.py:461: UserWarning: Unknown country: Default traffic sign IDs are used. Specified country: vv_
  warnings.warn("Unknown country: Default traffic sign IDs are used. Specified country: " + country)
/home/yanjun/NewDisk/beliefplanning/.venv38/lib/python3.8/site-packages/prediction/main.py:410: FutureWarning: You are using `torch.load` with `weights_only=False` (the current default value), which uses the default pickle module implicitly. It is possible to construct malicious pickle data which will execute arbitrary code during unpickling (See https://github.com/pytorch/pytorch/blob/main/SECURITY.md#untrusted-models for more details). In a future release, the default value for `weights_only` will be flipped to `True`. This limits the functions that could be executed during unpickling. Arbitrary objects will no longer be allowed to be loaded via this mode unless they are explicitly allowlisted by the user via `torch.serialization.add_safe_globals`. We recommend you start setting `weights_only=True` for any use case where you don't have full control of the loaded file. Please open an issue on GitHub for any issues related to this experimental feature.
  saved_model_dict = torch.load(self.model_path)
/home/yanjun/NewDisk/beliefplanning/.venv38/lib/python3.8/site-packages/commonroad/scenario/scenario.py:314: UserWarning: Not a valid scenario id: vv_063
  warnings.warn('Not a valid scenario id: ' + benchmark_id)
/home/yanjun/NewDisk/beliefplanning/.venv38/lib/python3.8/site-packages/commonroad/common/file_reader.py:461: UserWarning: Unknown country: Default traffic sign IDs are used. Specified country: vv_
  warnings.warn("Unknown country: Default traffic sign IDs are used. Specified country: " + country)
/home/yanjun/NewDisk/beliefplanning/.venv38/lib/python3.8/site-packages/prediction/main.py:410: FutureWarning: You are using `torch.load` with `weights_only=False` (the current default value), which uses the default pickle module implicitly. It is possible to construct malicious pickle data which will execute arbitrary code during unpickling (See https://github.com/pytorch/pytorch/blob/main/SECURITY.md#untrusted-models for more details). In a future release, the default value for `weights_only` will be flipped to `True`. This limits the functions that could be executed during unpickling. Arbitrary objects will no longer be allowed to be loaded via this mode unless they are explicitly allowlisted by the user via `torch.serialization.add_safe_globals`. We recommend you start setting `weights_only=True` for any use case where you don't have full control of the loaded file. Please open an issue on GitHub for any issues related to this experimental feature.
  saved_model_dict = torch.load(self.model_path)
/home/yanjun/NewDisk/beliefplanning/.venv38/lib/python3.8/site-packages/commonroad/scenario/scenario.py:314: UserWarning: Not a valid scenario id: vv_064
  warnings.warn('Not a valid scenario id: ' + benchmark_id)
/home/yanjun/NewDisk/beliefplanning/.venv38/lib/python3.8/site-packages/commonroad/common/file_reader.py:461: UserWarning: Unknown country: Default traffic sign IDs are used. Specified country: vv_
  warnings.warn("Unknown country: Default traffic sign IDs are used. Specified country: " + country)
/home/yanjun/NewDisk/beliefplanning/.venv38/lib/python3.8/site-packages/prediction/main.py:410: FutureWarning: You are using `torch.load` with `weights_only=False` (the current default value), which uses the default pickle module implicitly. It is possible to construct malicious pickle data which will execute arbitrary code during unpickling (See https://github.com/pytorch/pytorch/blob/main/SECURITY.md#untrusted-models for more details). In a future release, the default value for `weights_only` will be flipped to `True`. This limits the functions that could be executed during unpickling. Arbitrary objects will no longer be allowed to be loaded via this mode unless they are explicitly allowlisted by the user via `torch.serialization.add_safe_globals`. We recommend you start setting `weights_only=True` for any use case where you don't have full control of the loaded file. Please open an issue on GitHub for any issues related to this experimental feature.
  saved_model_dict = torch.load(self.model_path)
/home/yanjun/NewDisk/beliefplanning/.venv38/lib/python3.8/site-packages/commonroad/scenario/scenario.py:314: UserWarning: Not a valid scenario id: vv_065
  warnings.warn('Not a valid scenario id: ' + benchmark_id)
/home/yanjun/NewDisk/beliefplanning/.venv38/lib/python3.8/site-packages/commonroad/common/file_reader.py:461: UserWarning: Unknown country: Default traffic sign IDs are used. Specified country: vv_
  warnings.warn("Unknown country: Default traffic sign IDs are used. Specified country: " + country)
Time step: 0 | Velocity: 12.14 m/s | Acceleration: 0.00 m/s2
Time step: 1 | Velocity: 12.05 m/s | Acceleration: -1.56 m/s2
Time step: 2 | Velocity: 11.86 m/s | Acceleration: -2.20 m/s2
Time step: 3 | Velocity: 11.63 m/s | Acceleration: -2.47 m/s2
Time step: 4 | Velocity: 11.37 m/s | Acceleration: -2.59 m/s2
Time step: 5 | Velocity: 11.11 m/s | Acceleration: -2.63 m/s2
Time step: 6 | Velocity: 10.84 m/s | Acceleration: -2.65 m/s2
Time step: 7 | Velocity: 10.58 m/s | Acceleration: -2.66 m/s2
Time step: 8 | Velocity: 10.43 m/s | Acceleration: -0.33 m/s2
Time step: 9 | Velocity: 10.33 m/s | Acceleration: -1.69 m/s2
Time step: 10 | Velocity: 10.25 m/s | Acceleration: 0.07 m/s2
Time step: 11 | Velocity: 10.25 m/s | Acceleration: 0.03 m/s2
Time step: 12 | Velocity: 10.26 m/s | Acceleration: 0.01 m/s2
Time step: 13 | Velocity: 10.24 m/s | Acceleration: -0.38 m/s2
Time step: 14 | Velocity: 10.31 m/s | Acceleration: 1.78 m/s2
Time step: 15 | Velocity: 10.48 m/s | Acceleration: 1.52 m/s2
Time step: 16 | Velocity: 10.56 m/s | Acceleration: 0.25 m/s2
Time step: 17 | Velocity: 10.56 m/s | Acceleration: -0.29 m/s2
Time step: 18 | Velocity: 10.64 m/s | Acceleration: 1.82 m/s2
Time step: 19 | Velocity: 10.89 m/s | Acceleration: 2.89 m/s2
Time step: 20 | Velocity: 10.97 m/s | Acceleration: -0.92 m/s2
Time step: 21 | Velocity: 10.82 m/s | Acceleration: -1.94 m/s2
Time step: 22 | Velocity: 10.79 m/s | Acceleration: 1.14 m/s2
Time step: 23 | Velocity: 10.97 m/s | Acceleration: 2.24 m/s2
Time step: 24 | Velocity: 11.21 m/s | Acceleration: 2.70 m/s2
Time step: 25 | Velocity: 11.50 m/s | Acceleration: 2.92 m/s2
Time step: 26 | Velocity: 11.79 m/s | Acceleration: 3.00 m/s2
Time step: 27 | Velocity: 12.09 m/s | Acceleration: 3.05 m/s2
Time step: 28 | Velocity: 12.40 m/s | Acceleration: 3.08 m/s2
Time step: 29 | Velocity: 12.71 m/s | Acceleration: 3.11 m/s2
Time step: 30 | Velocity: 13.02 m/s | Acceleration: 3.12 m/s2
Time step: 31 | Velocity: 13.34 m/s | Acceleration: 3.15 m/s2
Time step: 32 | Velocity: 13.66 m/s | Acceleration: 3.26 m/s2
Time step: 33 | Velocity: 13.80 m/s | Acceleration: -0.20 m/s2
[066/100] evaluating vv_065
agent_planning_problem_id_assignment: {20088: 20095}
Processing dynamic obstacle id: 20044
Processing dynamic obstacle id: 20087
Processing dynamic obstacle id: 20088
--- Initializing prediction network ---
Time step: 0 | Velocity: 12.39 m/s | Acceleration: 0.00 m/s2
Time step: 1 | Velocity: 12.29 m/s | Acceleration: -1.84 m/s2
Time step: 2 | Velocity: 12.07 m/s | Acceleration: -2.43 m/s2
Time step: 3 | Velocity: 11.82 m/s | Acceleration: -2.62 m/s2
Time step: 4 | Velocity: 11.55 m/s | Acceleration: -2.68 m/s2
Time step: 5 | Velocity: 11.28 m/s | Acceleration: -2.70 m/s2
Time step: 6 | Velocity: 11.01 m/s | Acceleration: -2.71 m/s2
Time step: 7 | Velocity: 10.73 m/s | Acceleration: -2.71 m/s2
Time step: 8 | Velocity: 10.56 m/s | Acceleration: -0.87 m/s2
Time step: 9 | Velocity: 10.41 m/s | Acceleration: -2.12 m/s2
Time step: 10 | Velocity: 10.32 m/s | Acceleration: 0.24 m/s2
Time step: 11 | Velocity: 10.31 m/s | Acceleration: -0.38 m/s2
Time step: 12 | Velocity: 10.26 m/s | Acceleration: -0.58 m/s2
Time step: 13 | Velocity: 10.12 m/s | Acceleration: -2.03 m/s2
Time step: 14 | Velocity: 9.89 m/s | Acceleration: -2.49 m/s2
Time step: 15 | Velocity: 9.63 m/s | Acceleration: -2.64 m/s2
Time step: 16 | Velocity: 9.37 m/s | Acceleration: -2.69 m/s2
Time step: 17 | Velocity: 9.09 m/s | Acceleration: -2.70 m/s2
Time step: 18 | Velocity: 8.82 m/s | Acceleration: -2.71 m/s2
Time step: 19 | Velocity: 8.70 m/s | Acceleration: 0.05 m/s2
Time step: 20 | Velocity: 8.60 m/s | Acceleration: -1.83 m/s2
Time step: 21 | Velocity: 8.38 m/s | Acceleration: -2.43 m/s2
Time step: 22 | Velocity: 8.28 m/s | Acceleration: 0.14 m/s2
Time step: 23 | Velocity: 8.21 m/s | Acceleration: -1.50 m/s2
Time step: 24 | Velocity: 8.03 m/s | Acceleration: -2.08 m/s2
Time step: 25 | Velocity: 7.79 m/s | Acceleration: -2.51 m/s2
Time step: 26 | Velocity: 7.62 m/s | Acceleration: -0.96 m/s2
Time step: 27 | Velocity: 7.60 m/s | Acceleration: 0.45 m/s2
Time step: 28 | Velocity: 7.73 m/s | Acceleration: 2.13 m/s2
Time step: 29 | Velocity: 7.98 m/s | Acceleration: 2.72 m/s2
[FrenetPlanner] timestep=30: using max-risk fallback trajectory
Time step: 30 | Velocity: 8.27 m/s | Acceleration: 3.08 m/s2
[FrenetPlanner] timestep=31: using max-risk fallback trajectory
Time step: 31 | Velocity: 8.50 m/s | Acceleration: 1.45 m/s2
[FrenetPlanner] timestep=32: using max-risk fallback trajectory
Time step: 32 | Velocity: 8.57 m/s | Acceleration: 0.09 m/s2
Time step: 33 | Velocity: 8.52 m/s | Acceleration: -1.00 m/s2
recorded/hand-crafted/vv_samples/vv_065.xml >>> Collision detected.
[067/100] evaluating vv_066
agent_planning_problem_id_assignment: {20088: 20095}
Processing dynamic obstacle id: 20044
Processing dynamic obstacle id: 20087
Processing dynamic obstacle id: 20088
--- Initializing prediction network ---
Time step: 0 | Velocity: 11.53 m/s | Acceleration: 0.00 m/s2
Time step: 1 | Velocity: 11.44 m/s | Acceleration: -1.56 m/s2
Time step: 2 | Velocity: 11.25 m/s | Acceleration: -2.20 m/s2
Time step: 3 | Velocity: 11.02 m/s | Acceleration: -2.47 m/s2
Time step: 4 | Velocity: 10.76 m/s | Acceleration: -2.59 m/s2
Time step: 5 | Velocity: 10.50 m/s | Acceleration: -2.63 m/s2
Time step: 6 | Velocity: 10.23 m/s | Acceleration: -2.65 m/s2
Time step: 7 | Velocity: 9.97 m/s | Acceleration: -2.66 m/s2
Time step: 8 | Velocity: 9.78 m/s | Acceleration: -1.11 m/s2
Time step: 9 | Velocity: 9.81 m/s | Acceleration: 1.48 m/s2
Time step: 10 | Velocity: 9.95 m/s | Acceleration: 1.40 m/s2
Time step: 11 | Velocity: 9.97 m/s | Acceleration: -0.97 m/s2
Time step: 12 | Velocity: 9.82 m/s | Acceleration: -1.96 m/s2
Time step: 13 | Velocity: 9.60 m/s | Acceleration: -2.37 m/s2
Time step: 14 | Velocity: 9.35 m/s | Acceleration: -2.54 m/s2
Time step: 15 | Velocity: 9.21 m/s | Acceleration: -0.28 m/s2
Time step: 16 | Velocity: 9.30 m/s | Acceleration: 1.83 m/s2
Time step: 17 | Velocity: 9.53 m/s | Acceleration: 2.71 m/s2
Time step: 18 | Velocity: 9.72 m/s | Acceleration: 1.13 m/s2
Time step: 19 | Velocity: 9.77 m/s | Acceleration: 0.08 m/s2
Time step: 20 | Velocity: 9.71 m/s | Acceleration: -1.30 m/s2
Time step: 21 | Velocity: 9.61 m/s | Acceleration: -0.71 m/s2
Time step: 22 | Velocity: 9.62 m/s | Acceleration: 0.89 m/s2
Time step: 23 | Velocity: 9.72 m/s | Acceleration: 1.04 m/s2
Time step: 24 | Velocity: 9.86 m/s | Acceleration: 1.71 m/s2
Time step: 25 | Velocity: 10.05 m/s | Acceleration: 2.13 m/s2
Time step: 26 | Velocity: 10.28 m/s | Acceleration: 2.43 m/s2
Time step: 27 | Velocity: 10.53 m/s | Acceleration: 2.64 m/s2
Time step: 28 | Velocity: 10.81 m/s | Acceleration: 2.79 m/s2
Time step: 29 | Velocity: 11.09 m/s | Acceleration: 2.90 m/s2
Time step: 30 | Velocity: 11.39 m/s | Acceleration: 2.98 m/s2
Time step: 31 | Velocity: 11.69 m/s | Acceleration: 3.03 m/s2
Time step: 32 | Velocity: 11.99 m/s | Acceleration: 3.07 m/s2
Time step: 33 | Velocity: 12.30 m/s | Acceleration: 3.10 m/s2
Time step: 34 | Velocity: 12.61 m/s | Acceleration: 3.12 m/s2
Time step: 35 | Velocity: 12.84 m/s | Acceleration: 1.48 m/s2
[068/100] evaluating vv_067
agent_planning_problem_id_assignment: {20088: 20095}
Processing dynamic obstacle id: 20044
Processing dynamic obstacle id: 20087
Processing dynamic obstacle id: 20088
--- Initializing prediction network ---
Time step: 0 | Velocity: 11.70 m/s | Acceleration: 0.00 m/s2
Time step: 1 | Velocity: 11.60 m/s | Acceleration: -1.84 m/s2
Time step: 2 | Velocity: 11.38 m/s | Acceleration: -2.43 m/s2
Time step: 3 | Velocity: 11.28 m/s | Acceleration: 0.14 m/s2
Time step: 4 | Velocity: 11.19 m/s | Acceleration: -1.80 m/s2
Time step: 5 | Velocity: 10.97 m/s | Acceleration: -2.42 m/s2
Time step: 6 | Velocity: 10.72 m/s | Acceleration: -2.62 m/s2
Time step: 7 | Velocity: 10.52 m/s | Acceleration: -1.30 m/s2
Time step: 8 | Velocity: 10.57 m/s | Acceleration: 1.89 m/s2
Time step: 9 | Velocity: 10.81 m/s | Acceleration: 2.91 m/s2
Time step: 10 | Velocity: 10.90 m/s | Acceleration: -0.91 m/s2
Time step: 11 | Velocity: 10.82 m/s | Acceleration: -0.75 m/s2
/home/yanjun/NewDisk/beliefplanning/.venv38/lib/python3.8/site-packages/prediction/main.py:410: FutureWarning: You are using `torch.load` with `weights_only=False` (the current default value), which uses the default pickle module implicitly. It is possible to construct malicious pickle data which will execute arbitrary code during unpickling (See https://github.com/pytorch/pytorch/blob/main/SECURITY.md#untrusted-models for more details). In a future release, the default value for `weights_only` will be flipped to `True`. This limits the functions that could be executed during unpickling. Arbitrary objects will no longer be allowed to be loaded via this mode unless they are explicitly allowlisted by the user via `torch.serialization.add_safe_globals`. We recommend you start setting `weights_only=True` for any use case where you don't have full control of the loaded file. Please open an issue on GitHub for any issues related to this experimental feature.
  saved_model_dict = torch.load(self.model_path)
Traceback (most recent call last):
  File "/tmp/beliefplanning_pkg_85hhmdeg/beliefplanning/test_fot_junction/evaluate_vv_batch.py", line 83, in eval_scenario
    self._simulate()
  File "/tmp/beliefplanning_pkg_85hhmdeg/beliefplanning/planner/plannertools/scenario_handler.py", line 279, in _simulate
    self._check_collision_simple(agent=agent, time_step=time_step)
  File "/tmp/beliefplanning_pkg_85hhmdeg/beliefplanning/planner/plannertools/scenario_handler.py", line 662, in _check_collision_simple
    raise NoLocalTrajectoryFoundError("Collision detected.")
commonroad_helper_functions.exceptions.NoLocalTrajectoryFoundError: Collision detected.
/home/yanjun/NewDisk/beliefplanning/.venv38/lib/python3.8/site-packages/commonroad/scenario/scenario.py:314: UserWarning: Not a valid scenario id: vv_066
  warnings.warn('Not a valid scenario id: ' + benchmark_id)
/home/yanjun/NewDisk/beliefplanning/.venv38/lib/python3.8/site-packages/commonroad/common/file_reader.py:461: UserWarning: Unknown country: Default traffic sign IDs are used. Specified country: vv_
  warnings.warn("Unknown country: Default traffic sign IDs are used. Specified country: " + country)
/home/yanjun/NewDisk/beliefplanning/.venv38/lib/python3.8/site-packages/prediction/main.py:410: FutureWarning: You are using `torch.load` with `weights_only=False` (the current default value), which uses the default pickle module implicitly. It is possible to construct malicious pickle data which will execute arbitrary code during unpickling (See https://github.com/pytorch/pytorch/blob/main/SECURITY.md#untrusted-models for more details). In a future release, the default value for `weights_only` will be flipped to `True`. This limits the functions that could be executed during unpickling. Arbitrary objects will no longer be allowed to be loaded via this mode unless they are explicitly allowlisted by the user via `torch.serialization.add_safe_globals`. We recommend you start setting `weights_only=True` for any use case where you don't have full control of the loaded file. Please open an issue on GitHub for any issues related to this experimental feature.
  saved_model_dict = torch.load(self.model_path)
/home/yanjun/NewDisk/beliefplanning/.venv38/lib/python3.8/site-packages/commonroad/scenario/scenario.py:314: UserWarning: Not a valid scenario id: vv_067
  warnings.warn('Not a valid scenario id: ' + benchmark_id)
/home/yanjun/NewDisk/beliefplanning/.venv38/lib/python3.8/site-packages/commonroad/common/file_reader.py:461: UserWarning: Unknown country: Default traffic sign IDs are used. Specified country: vv_
  warnings.warn("Unknown country: Default traffic sign IDs are used. Specified country: " + country)
/home/yanjun/NewDisk/beliefplanning/.venv38/lib/python3.8/site-packages/prediction/main.py:410: FutureWarning: You are using `torch.load` with `weights_only=False` (the current default value), which uses the default pickle module implicitly. It is possible to construct malicious pickle data which will execute arbitrary code during unpickling (See https://github.com/pytorch/pytorch/blob/main/SECURITY.md#untrusted-models for more details). In a future release, the default value for `weights_only` will be flipped to `True`. This limits the functions that could be executed during unpickling. Arbitrary objects will no longer be allowed to be loaded via this mode unless they are explicitly allowlisted by the user via `torch.serialization.add_safe_globals`. We recommend you start setting `weights_only=True` for any use case where you don't have full control of the loaded file. Please open an issue on GitHub for any issues related to this experimental feature.
  saved_model_dict = torch.load(self.model_path)
/home/yanjun/NewDisk/beliefplanning/.venv38/lib/python3.8/site-packages/commonroad/scenario/scenario.py:314: UserWarning: Not a valid scenario id: vv_068
  warnings.warn('Not a valid scenario id: ' + benchmark_id)
/home/yanjun/NewDisk/beliefplanning/.venv38/lib/python3.8/site-packages/commonroad/common/file_reader.py:461: UserWarning: Unknown country: Default traffic sign IDs are used. Specified country: vv_
  warnings.warn("Unknown country: Default traffic sign IDs are used. Specified country: " + country)
/home/yanjun/NewDisk/beliefplanning/.venv38/lib/python3.8/site-packages/prediction/main.py:410: FutureWarning: You are using `torch.load` with `weights_only=False` (the current default value), which uses the default pickle module implicitly. It is possible to construct malicious pickle data which will execute arbitrary code during unpickling (See https://github.com/pytorch/pytorch/blob/main/SECURITY.md#untrusted-models for more details). In a future release, the default value for `weights_only` will be flipped to `True`. This limits the functions that could be executed during unpickling. Arbitrary objects will no longer be allowed to be loaded via this mode unless they are explicitly allowlisted by the user via `torch.serialization.add_safe_globals`. We recommend you start setting `weights_only=True` for any use case where you don't have full control of the loaded file. Please open an issue on GitHub for any issues related to this experimental feature.
  saved_model_dict = torch.load(self.model_path)
/home/yanjun/NewDisk/beliefplanning/.venv38/lib/python3.8/site-packages/commonroad/scenario/scenario.py:314: UserWarning: Not a valid scenario id: vv_069
  warnings.warn('Not a valid scenario id: ' + benchmark_id)
/home/yanjun/NewDisk/beliefplanning/.venv38/lib/python3.8/site-packages/commonroad/common/file_reader.py:461: UserWarning: Unknown country: Default traffic sign IDs are used. Specified country: vv_
  warnings.warn("Unknown country: Default traffic sign IDs are used. Specified country: " + country)
/home/yanjun/NewDisk/beliefplanning/.venv38/lib/python3.8/site-packages/prediction/main.py:410: FutureWarning: You are using `torch.load` with `weights_only=False` (the current default value), which uses the default pickle module implicitly. It is possible to construct malicious pickle data which will execute arbitrary code during unpickling (See https://github.com/pytorch/pytorch/blob/main/SECURITY.md#untrusted-models for more details). In a future release, the default value for `weights_only` will be flipped to `True`. This limits the functions that could be executed during unpickling. Arbitrary objects will no longer be allowed to be loaded via this mode unless they are explicitly allowlisted by the user via `torch.serialization.add_safe_globals`. We recommend you start setting `weights_only=True` for any use case where you don't have full control of the loaded file. Please open an issue on GitHub for any issues related to this experimental feature.
  saved_model_dict = torch.load(self.model_path)
/home/yanjun/NewDisk/beliefplanning/.venv38/lib/python3.8/site-packages/commonroad/scenario/scenario.py:314: UserWarning: Not a valid scenario id: vv_070
  warnings.warn('Not a valid scenario id: ' + benchmark_id)
Time step: 12 | Velocity: 10.77 m/s | Acceleration: -0.24 m/s2
Time step: 13 | Velocity: 10.88 m/s | Acceleration: 2.23 m/s2
Time step: 14 | Velocity: 11.02 m/s | Acceleration: 0.71 m/s2
Time step: 15 | Velocity: 11.11 m/s | Acceleration: 1.15 m/s2
Time step: 16 | Velocity: 11.24 m/s | Acceleration: 1.29 m/s2
Time step: 17 | Velocity: 11.37 m/s | Acceleration: 1.33 m/s2
Time step: 18 | Velocity: 11.58 m/s | Acceleration: 2.73 m/s2
Time step: 19 | Velocity: 11.76 m/s | Acceleration: 0.87 m/s2
Time step: 20 | Velocity: 11.81 m/s | Acceleration: 0.28 m/s2
Time step: 21 | Velocity: 11.83 m/s | Acceleration: 0.14 m/s2
Time step: 22 | Velocity: 11.87 m/s | Acceleration: 0.67 m/s2
Time step: 23 | Velocity: 12.00 m/s | Acceleration: 1.84 m/s2
Time step: 24 | Velocity: 12.22 m/s | Acceleration: 2.41 m/s2
Time step: 25 | Velocity: 12.47 m/s | Acceleration: 2.67 m/s2
Time step: 26 | Velocity: 12.75 m/s | Acceleration: 2.82 m/s2
Time step: 27 | Velocity: 13.03 m/s | Acceleration: 2.92 m/s2
Time step: 28 | Velocity: 13.33 m/s | Acceleration: 3.01 m/s2
Time step: 29 | Velocity: 13.64 m/s | Acceleration: 3.10 m/s2
Time step: 30 | Velocity: 13.96 m/s | Acceleration: 3.30 m/s2
[069/100] evaluating vv_068
agent_planning_problem_id_assignment: {20088: 20095}
Processing dynamic obstacle id: 20044
Processing dynamic obstacle id: 20087
Processing dynamic obstacle id: 20088
--- Initializing prediction network ---
Time step: 0 | Velocity: 11.52 m/s | Acceleration: 0.00 m/s2
Time step: 1 | Velocity: 11.42 m/s | Acceleration: -1.84 m/s2
Time step: 2 | Velocity: 11.20 m/s | Acceleration: -2.43 m/s2
Time step: 3 | Velocity: 10.94 m/s | Acceleration: -2.62 m/s2
Time step: 4 | Velocity: 10.68 m/s | Acceleration: -2.68 m/s2
Time step: 5 | Velocity: 10.40 m/s | Acceleration: -2.70 m/s2
Time step: 6 | Velocity: 10.13 m/s | Acceleration: -2.71 m/s2
Time step: 7 | Velocity: 9.86 m/s | Acceleration: -2.71 m/s2
Time step: 8 | Velocity: 9.73 m/s | Acceleration: 0.05 m/s2
Time step: 9 | Velocity: 9.71 m/s | Acceleration: -0.44 m/s2
Time step: 10 | Velocity: 9.81 m/s | Acceleration: 2.16 m/s2
Time step: 11 | Velocity: 10.00 m/s | Acceleration: 1.61 m/s2
Time step: 12 | Velocity: 10.15 m/s | Acceleration: 1.44 m/s2
Time step: 13 | Velocity: 10.24 m/s | Acceleration: 0.46 m/s2
Time step: 14 | Velocity: 10.25 m/s | Acceleration: -0.31 m/s2
Time step: 15 | Velocity: 10.13 m/s | Acceleration: -1.94 m/s2
Time step: 16 | Velocity: 9.90 m/s | Acceleration: -2.47 m/s2
Time step: 17 | Velocity: 9.75 m/s | Acceleration: -0.79 m/s2
Time step: 18 | Velocity: 9.82 m/s | Acceleration: 2.05 m/s2
Time step: 19 | Velocity: 10.08 m/s | Acceleration: 2.96 m/s2
Time step: 20 | Velocity: 10.39 m/s | Acceleration: 3.25 m/s2
Time step: 21 | Velocity: 10.53 m/s | Acceleration: -0.20 m/s2
Time step: 22 | Velocity: 10.61 m/s | Acceleration: 1.58 m/s2
Time step: 23 | Velocity: 10.81 m/s | Acceleration: 2.34 m/s2
Time step: 24 | Velocity: 11.06 m/s | Acceleration: 2.66 m/s2
Time step: 25 | Velocity: 11.34 m/s | Acceleration: 2.98 m/s2
Time step: 26 | Velocity: 11.65 m/s | Acceleration: 3.19 m/s2
Time step: 27 | Velocity: 11.91 m/s | Acceleration: 2.08 m/s2
Time step: 28 | Velocity: 12.04 m/s | Acceleration: 0.51 m/s2
Time step: 29 | Velocity: 12.15 m/s | Acceleration: 1.62 m/s2
Time step: 30 | Velocity: 12.38 m/s | Acceleration: 2.82 m/s2
Time step: 31 | Velocity: 12.68 m/s | Acceleration: 3.21 m/s2
Time step: 32 | Velocity: 13.01 m/s | Acceleration: 3.33 m/s2
Time step: 33 | Velocity: 13.28 m/s | Acceleration: 1.99 m/s2
[070/100] evaluating vv_069
agent_planning_problem_id_assignment: {20088: 20095}
Processing dynamic obstacle id: 20044
Processing dynamic obstacle id: 20087
Processing dynamic obstacle id: 20088
--- Initializing prediction network ---
Time step: 0 | Velocity: 12.40 m/s | Acceleration: 0.00 m/s2
Time step: 1 | Velocity: 12.30 m/s | Acceleration: -1.84 m/s2
Time step: 2 | Velocity: 12.09 m/s | Acceleration: -2.43 m/s2
Time step: 3 | Velocity: 11.83 m/s | Acceleration: -2.62 m/s2
Time step: 4 | Velocity: 11.56 m/s | Acceleration: -2.68 m/s2
Time step: 5 | Velocity: 11.29 m/s | Acceleration: -2.70 m/s2
Time step: 6 | Velocity: 11.02 m/s | Acceleration: -2.71 m/s2
Time step: 7 | Velocity: 10.75 m/s | Acceleration: -2.71 m/s2
Time step: 8 | Velocity: 10.55 m/s | Acceleration: -1.33 m/s2
Time step: 9 | Velocity: 10.59 m/s | Acceleration: 1.88 m/s2
Time step: 10 | Velocity: 10.71 m/s | Acceleration: 0.60 m/s2
Time step: 11 | Velocity: 10.72 m/s | Acceleration: -0.27 m/s2
Time step: 12 | Velocity: 10.60 m/s | Acceleration: -1.93 m/s2
Time step: 13 | Velocity: 10.38 m/s | Acceleration: -2.46 m/s2
Time step: 14 | Velocity: 10.12 m/s | Acceleration: -2.63 m/s2
Time step: 15 | Velocity: 9.93 m/s | Acceleration: -1.30 m/s2
Time step: 16 | Velocity: 9.82 m/s | Acceleration: -0.88 m/s2
Time step: 17 | Velocity: 9.67 m/s | Acceleration: -2.12 m/s2
Time step: 18 | Velocity: 9.58 m/s | Acceleration: 0.24 m/s2
Time step: 19 | Velocity: 9.72 m/s | Acceleration: 2.38 m/s2
[FrenetPlanner] timestep=20: using physics fallback trajectory
Time step: 20 | Velocity: 9.92 m/s | Acceleration: 1.68 m/s2
Time step: 21 | Velocity: 9.93 m/s | Acceleration: -1.30 m/s2
Time step: 22 | Velocity: 9.97 m/s | Acceleration: 1.89 m/s2
Time step: 23 | Velocity: 10.02 m/s | Acceleration: -0.77 m/s2
Time step: 24 | Velocity: 9.89 m/s | Acceleration: -1.72 m/s2
Time step: 25 | Velocity: 9.84 m/s | Acceleration: 0.54 m/s2
Time step: 26 | Velocity: 9.95 m/s | Acceleration: 1.63 m/s2
Time step: 27 | Velocity: 10.16 m/s | Acceleration: 2.48 m/s2
Time step: 28 | Velocity: 10.42 m/s | Acceleration: 2.68 m/s2
Time step: 29 | Velocity: 10.71 m/s | Acceleration: 3.16 m/s2
Time step: 30 | Velocity: 11.03 m/s | Acceleration: 3.17 m/s2
Time step: 31 | Velocity: 11.35 m/s | Acceleration: 3.20 m/s2
Time step: 32 | Velocity: 11.68 m/s | Acceleration: 3.33 m/s2
Time step: 33 | Velocity: 12.02 m/s | Acceleration: 3.37 m/s2
Time step: 34 | Velocity: 12.13 m/s | Acceleration: -0.77 m/s2
Time step: 35 | Velocity: 12.21 m/s | Acceleration: 2.06 m/s2
Time step: 36 | Velocity: 12.24 m/s | Acceleration: -1.18 m/s2
[071/100] evaluating vv_070
agent_planning_problem_id_assignment: {20088: 20095}
Processing dynamic obstacle id: 20044
Processing dynamic obstacle id: 20087
Processing dynamic obstacle id: 20088
--- Initializing prediction network ---
Time step: 0 | Velocity: 11.65 m/s | Acceleration: 0.00 m/s2
Time step: 1 | Velocity: 11.55 m/s | Acceleration: -1.84 m/s2
Time step: 2 | Velocity: 11.33 m/s | Acceleration: -2.43 m/s2
Time step: 3 | Velocity: 11.07 m/s | Acceleration: -2.62 m/s2
Time step: 4 | Velocity: 10.81 m/s | Acceleration: -2.68 m/s2
Time step: 5 | Velocity: 10.53 m/s | Acceleration: -2.70 m/s2
Time step: 6 | Velocity: 10.26 m/s | Acceleration: -2.71 m/s2
Time step: 7 | Velocity: 9.99 m/s | Acceleration: -2.71 m/s2
Time step: 8 | Velocity: 9.71 m/s | Acceleration: -2.71 m/s2
Time step: 9 | Velocity: 9.44 m/s | Acceleration: -2.71 m/s2
Time step: 10 | Velocity: 9.17 m/s | Acceleration: -2.71 m/s2
Time step: 11 | Velocity: 8.90 m/s | Acceleration: -2.71 m/s2
Time step: 12 | Velocity: 8.62 m/s | Acceleration: -2.71 m/s2
Time step: 13 | Velocity: 8.35 m/s | Acceleration: -2.71 m/s2
Time step: 14 | Velocity: 8.08 m/s | Acceleration: -2.71 m/s2
Time step: 15 | Velocity: 7.80 m/s | Acceleration: -2.71 m/s2
Time step: 16 | Velocity: 7.53 m/s | Acceleration: -2.71 m/s2
Time step: 17 | Velocity: 7.26 m/s | Acceleration: -2.71 m/s2
Time step: 18 | Velocity: 6.98 m/s | Acceleration: -2.71 m/s2
Time step: 19 | Velocity: 6.71 m/s | Acceleration: -2.71 m/s2
Time step: 20 | Velocity: 6.51 m/s | Acceleration: -1.33 m/s2
Time step: 21 | Velocity: 6.33 m/s | Acceleration: -2.27 m/s2
Time step: 22 | Velocity: 6.08 m/s | Acceleration: -2.57 m/s2
Time step: 23 | Velocity: 5.82 m/s | Acceleration: -2.67 m/s2
Time step: 24 | Velocity: 5.62 m/s | Acceleration: -1.31 m/s2
Time step: 25 | Velocity: 5.44 m/s | Acceleration: -2.26 m/s2
Time step: 26 | Velocity: 5.34 m/s | Acceleration: 0.20 m/s2
Time step: 27 | Velocity: 5.48 m/s | Acceleration: 2.37 m/s2
[FrenetPlanner] timestep=28: using max-risk fallback trajectory
/home/yanjun/NewDisk/beliefplanning/.venv38/lib/python3.8/site-packages/commonroad/common/file_reader.py:461: UserWarning: Unknown country: Default traffic sign IDs are used. Specified country: vv_
  warnings.warn("Unknown country: Default traffic sign IDs are used. Specified country: " + country)
/home/yanjun/NewDisk/beliefplanning/.venv38/lib/python3.8/site-packages/prediction/main.py:410: FutureWarning: You are using `torch.load` with `weights_only=False` (the current default value), which uses the default pickle module implicitly. It is possible to construct malicious pickle data which will execute arbitrary code during unpickling (See https://github.com/pytorch/pytorch/blob/main/SECURITY.md#untrusted-models for more details). In a future release, the default value for `weights_only` will be flipped to `True`. This limits the functions that could be executed during unpickling. Arbitrary objects will no longer be allowed to be loaded via this mode unless they are explicitly allowlisted by the user via `torch.serialization.add_safe_globals`. We recommend you start setting `weights_only=True` for any use case where you don't have full control of the loaded file. Please open an issue on GitHub for any issues related to this experimental feature.
  saved_model_dict = torch.load(self.model_path)
Traceback (most recent call last):
  File "/tmp/beliefplanning_pkg_85hhmdeg/beliefplanning/test_fot_junction/evaluate_vv_batch.py", line 83, in eval_scenario
    self._simulate()
  File "/tmp/beliefplanning_pkg_85hhmdeg/beliefplanning/planner/plannertools/scenario_handler.py", line 279, in _simulate
    self._check_collision_simple(agent=agent, time_step=time_step)
  File "/tmp/beliefplanning_pkg_85hhmdeg/beliefplanning/planner/plannertools/scenario_handler.py", line 662, in _check_collision_simple
    raise NoLocalTrajectoryFoundError("Collision detected.")
commonroad_helper_functions.exceptions.NoLocalTrajectoryFoundError: Collision detected.
/home/yanjun/NewDisk/beliefplanning/.venv38/lib/python3.8/site-packages/commonroad/scenario/scenario.py:314: UserWarning: Not a valid scenario id: vv_071
  warnings.warn('Not a valid scenario id: ' + benchmark_id)
/home/yanjun/NewDisk/beliefplanning/.venv38/lib/python3.8/site-packages/commonroad/common/file_reader.py:461: UserWarning: Unknown country: Default traffic sign IDs are used. Specified country: vv_
  warnings.warn("Unknown country: Default traffic sign IDs are used. Specified country: " + country)
/home/yanjun/NewDisk/beliefplanning/.venv38/lib/python3.8/site-packages/prediction/main.py:410: FutureWarning: You are using `torch.load` with `weights_only=False` (the current default value), which uses the default pickle module implicitly. It is possible to construct malicious pickle data which will execute arbitrary code during unpickling (See https://github.com/pytorch/pytorch/blob/main/SECURITY.md#untrusted-models for more details). In a future release, the default value for `weights_only` will be flipped to `True`. This limits the functions that could be executed during unpickling. Arbitrary objects will no longer be allowed to be loaded via this mode unless they are explicitly allowlisted by the user via `torch.serialization.add_safe_globals`. We recommend you start setting `weights_only=True` for any use case where you don't have full control of the loaded file. Please open an issue on GitHub for any issues related to this experimental feature.
  saved_model_dict = torch.load(self.model_path)
/home/yanjun/NewDisk/beliefplanning/.venv38/lib/python3.8/site-packages/commonroad/scenario/scenario.py:314: UserWarning: Not a valid scenario id: vv_072
  warnings.warn('Not a valid scenario id: ' + benchmark_id)
/home/yanjun/NewDisk/beliefplanning/.venv38/lib/python3.8/site-packages/commonroad/common/file_reader.py:461: UserWarning: Unknown country: Default traffic sign IDs are used. Specified country: vv_
  warnings.warn("Unknown country: Default traffic sign IDs are used. Specified country: " + country)
/home/yanjun/NewDisk/beliefplanning/.venv38/lib/python3.8/site-packages/prediction/main.py:410: FutureWarning: You are using `torch.load` with `weights_only=False` (the current default value), which uses the default pickle module implicitly. It is possible to construct malicious pickle data which will execute arbitrary code during unpickling (See https://github.com/pytorch/pytorch/blob/main/SECURITY.md#untrusted-models for more details). In a future release, the default value for `weights_only` will be flipped to `True`. This limits the functions that could be executed during unpickling. Arbitrary objects will no longer be allowed to be loaded via this mode unless they are explicitly allowlisted by the user via `torch.serialization.add_safe_globals`. We recommend you start setting `weights_only=True` for any use case where you don't have full control of the loaded file. Please open an issue on GitHub for any issues related to this experimental feature.
  saved_model_dict = torch.load(self.model_path)
Traceback (most recent call last):
  File "/tmp/beliefplanning_pkg_85hhmdeg/beliefplanning/test_fot_junction/evaluate_vv_batch.py", line 83, in eval_scenario
    self._simulate()
  File "/tmp/beliefplanning_pkg_85hhmdeg/beliefplanning/planner/plannertools/scenario_handler.py", line 279, in _simulate
    self._check_collision_simple(agent=agent, time_step=time_step)
  File "/tmp/beliefplanning_pkg_85hhmdeg/beliefplanning/planner/plannertools/scenario_handler.py", line 662, in _check_collision_simple
    raise NoLocalTrajectoryFoundError("Collision detected.")
commonroad_helper_functions.exceptions.NoLocalTrajectoryFoundError: Collision detected.
/home/yanjun/NewDisk/beliefplanning/.venv38/lib/python3.8/site-packages/commonroad/scenario/scenario.py:314: UserWarning: Not a valid scenario id: vv_073
  warnings.warn('Not a valid scenario id: ' + benchmark_id)
/home/yanjun/NewDisk/beliefplanning/.venv38/lib/python3.8/site-packages/commonroad/common/file_reader.py:461: UserWarning: Unknown country: Default traffic sign IDs are used. Specified country: vv_
  warnings.warn("Unknown country: Default traffic sign IDs are used. Specified country: " + country)
/home/yanjun/NewDisk/beliefplanning/.venv38/lib/python3.8/site-packages/prediction/main.py:410: FutureWarning: You are using `torch.load` with `weights_only=False` (the current default value), which uses the default pickle module implicitly. It is possible to construct malicious pickle data which will execute arbitrary code during unpickling (See https://github.com/pytorch/pytorch/blob/main/SECURITY.md#untrusted-models for more details). In a future release, the default value for `weights_only` will be flipped to `True`. This limits the functions that could be executed during unpickling. Arbitrary objects will no longer be allowed to be loaded via this mode unless they are explicitly allowlisted by the user via `torch.serialization.add_safe_globals`. We recommend you start setting `weights_only=True` for any use case where you don't have full control of the loaded file. Please open an issue on GitHub for any issues related to this experimental feature.
  saved_model_dict = torch.load(self.model_path)
/home/yanjun/NewDisk/beliefplanning/.venv38/lib/python3.8/site-packages/commonroad/scenario/scenario.py:314: UserWarning: Not a valid scenario id: vv_074
  warnings.warn('Not a valid scenario id: ' + benchmark_id)
/home/yanjun/NewDisk/beliefplanning/.venv38/lib/python3.8/site-packages/commonroad/common/file_reader.py:461: UserWarning: Unknown country: Default traffic sign IDs are used. Specified country: vv_
  warnings.warn("Unknown country: Default traffic sign IDs are used. Specified country: " + country)
Time step: 28 | Velocity: 5.76 m/s | Acceleration: 3.06 m/s2
Time step: 29 | Velocity: 6.01 m/s | Acceleration: 2.05 m/s2
Time step: 30 | Velocity: 6.20 m/s | Acceleration: 1.68 m/s2
[FrenetPlanner] timestep=31: using max-risk fallback trajectory
Time step: 31 | Velocity: 6.26 m/s | Acceleration: -0.26 m/s2
[FrenetPlanner] timestep=32: using max-risk fallback trajectory
Time step: 32 | Velocity: 6.23 m/s | Acceleration: -0.40 m/s2
[FrenetPlanner] timestep=33: using max-risk fallback trajectory
Time step: 33 | Velocity: 6.19 m/s | Acceleration: -0.28 m/s2
[FrenetPlanner] timestep=34: using max-risk fallback trajectory
Time step: 34 | Velocity: 6.13 m/s | Acceleration: -0.99 m/s2
[FrenetPlanner] timestep=35: using max-risk fallback trajectory
Time step: 35 | Velocity: 6.01 m/s | Acceleration: -1.43 m/s2
[FrenetPlanner] timestep=36: using max-risk fallback trajectory
Time step: 36 | Velocity: 5.85 m/s | Acceleration: -1.81 m/s2
[FrenetPlanner] timestep=37: using max-risk fallback trajectory
Time step: 37 | Velocity: 5.65 m/s | Acceleration: -2.09 m/s2
recorded/hand-crafted/vv_samples/vv_070.xml >>> Collision detected.
[072/100] evaluating vv_071
agent_planning_problem_id_assignment: {20088: 20095}
Processing dynamic obstacle id: 20044
Processing dynamic obstacle id: 20087
Processing dynamic obstacle id: 20088
--- Initializing prediction network ---
Time step: 0 | Velocity: 11.44 m/s | Acceleration: 0.00 m/s2
Time step: 1 | Velocity: 11.34 m/s | Acceleration: -1.84 m/s2
Time step: 2 | Velocity: 11.12 m/s | Acceleration: -2.43 m/s2
Time step: 3 | Velocity: 10.94 m/s | Acceleration: -1.24 m/s2
Time step: 4 | Velocity: 10.91 m/s | Acceleration: 0.53 m/s2
Time step: 5 | Velocity: 11.00 m/s | Acceleration: 1.09 m/s2
Time step: 6 | Velocity: 11.12 m/s | Acceleration: 1.27 m/s2
Time step: 7 | Velocity: 11.25 m/s | Acceleration: 1.33 m/s2
Time step: 8 | Velocity: 11.46 m/s | Acceleration: 2.73 m/s2
Time step: 9 | Velocity: 11.63 m/s | Acceleration: 0.87 m/s2
Time step: 10 | Velocity: 11.69 m/s | Acceleration: 0.28 m/s2
Time step: 11 | Velocity: 11.71 m/s | Acceleration: 0.09 m/s2
Time step: 12 | Velocity: 11.71 m/s | Acceleration: 0.03 m/s2
Time step: 13 | Velocity: 11.71 m/s | Acceleration: 0.01 m/s2
Time step: 14 | Velocity: 11.69 m/s | Acceleration: -0.46 m/s2
Time step: 15 | Velocity: 11.66 m/s | Acceleration: -0.15 m/s2
Time step: 16 | Velocity: 11.65 m/s | Acceleration: -0.05 m/s2
Time step: 17 | Velocity: 11.70 m/s | Acceleration: 0.91 m/s2
Time step: 18 | Velocity: 11.81 m/s | Acceleration: 1.21 m/s2
Time step: 19 | Velocity: 11.86 m/s | Acceleration: -0.07 m/s2
Time step: 20 | Velocity: 11.83 m/s | Acceleration: -0.48 m/s2
Time step: 21 | Velocity: 11.80 m/s | Acceleration: -0.15 m/s2
Time step: 22 | Velocity: 11.89 m/s | Acceleration: 1.88 m/s2
Time step: 23 | Velocity: 12.12 m/s | Acceleration: 2.60 m/s2
Time step: 24 | Velocity: 12.39 m/s | Acceleration: 2.90 m/s2
Time step: 25 | Velocity: 12.69 m/s | Acceleration: 3.01 m/s2
Time step: 26 | Velocity: 12.99 m/s | Acceleration: 3.07 m/s2
Time step: 27 | Velocity: 13.30 m/s | Acceleration: 3.11 m/s2
Time step: 28 | Velocity: 13.62 m/s | Acceleration: 3.16 m/s2
Time step: 29 | Velocity: 13.94 m/s | Acceleration: 3.20 m/s2
Time step: 30 | Velocity: 14.19 m/s | Acceleration: 1.95 m/s2
[073/100] evaluating vv_072
agent_planning_problem_id_assignment: {20088: 20095}
Processing dynamic obstacle id: 20044
Processing dynamic obstacle id: 20087
Processing dynamic obstacle id: 20088
--- Initializing prediction network ---
Time step: 0 | Velocity: 12.26 m/s | Acceleration: 0.00 m/s2
Time step: 1 | Velocity: 12.16 m/s | Acceleration: -1.84 m/s2
Time step: 2 | Velocity: 11.94 m/s | Acceleration: -2.43 m/s2
Time step: 3 | Velocity: 11.68 m/s | Acceleration: -2.62 m/s2
Time step: 4 | Velocity: 11.41 m/s | Acceleration: -2.68 m/s2
Time step: 5 | Velocity: 11.14 m/s | Acceleration: -2.70 m/s2
Time step: 6 | Velocity: 10.87 m/s | Acceleration: -2.71 m/s2
Time step: 7 | Velocity: 10.60 m/s | Acceleration: -2.71 m/s2
Time step: 8 | Velocity: 10.40 m/s | Acceleration: -1.33 m/s2
Time step: 9 | Velocity: 10.44 m/s | Acceleration: 1.88 m/s2
Time step: 10 | Velocity: 10.56 m/s | Acceleration: 0.60 m/s2
Time step: 11 | Velocity: 10.60 m/s | Acceleration: 0.19 m/s2
Time step: 12 | Velocity: 10.73 m/s | Acceleration: 2.37 m/s2
Time step: 13 | Velocity: 10.94 m/s | Acceleration: 1.68 m/s2
Time step: 14 | Velocity: 11.04 m/s | Acceleration: 0.54 m/s2
Time step: 15 | Velocity: 11.20 m/s | Acceleration: 2.48 m/s2
Time step: 16 | Velocity: 11.49 m/s | Acceleration: 3.10 m/s2
Time step: 17 | Velocity: 11.58 m/s | Acceleration: -0.85 m/s2
[FrenetPlanner] timestep=18: using max-risk fallback trajectory
Time step: 18 | Velocity: 11.43 m/s | Acceleration: -2.12 m/s2
[FrenetPlanner] timestep=19: using max-risk fallback trajectory
Time step: 19 | Velocity: 11.19 m/s | Acceleration: -2.52 m/s2
[FrenetPlanner] timestep=20: using max-risk fallback trajectory
Time step: 20 | Velocity: 10.93 m/s | Acceleration: -2.72 m/s2
[FrenetPlanner] timestep=21: using max-risk fallback trajectory
Time step: 21 | Velocity: 10.65 m/s | Acceleration: -2.71 m/s2
[FrenetPlanner] timestep=22: using max-risk fallback trajectory
Time step: 22 | Velocity: 10.38 m/s | Acceleration: -2.69 m/s2
[FrenetPlanner] timestep=23: using max-risk fallback trajectory
Time step: 23 | Velocity: 10.11 m/s | Acceleration: -2.66 m/s2
[FrenetPlanner] timestep=24: using max-risk fallback trajectory
Time step: 24 | Velocity: 9.85 m/s | Acceleration: -2.64 m/s2
recorded/hand-crafted/vv_samples/vv_072.xml >>> Collision detected.
[074/100] evaluating vv_073
agent_planning_problem_id_assignment: {20088: 20095}
Processing dynamic obstacle id: 20044
Processing dynamic obstacle id: 20087
Processing dynamic obstacle id: 20088
--- Initializing prediction network ---
Time step: 0 | Velocity: 12.24 m/s | Acceleration: 0.00 m/s2
Time step: 1 | Velocity: 12.16 m/s | Acceleration: -1.56 m/s2
Time step: 2 | Velocity: 11.97 m/s | Acceleration: -2.20 m/s2
Time step: 3 | Velocity: 11.73 m/s | Acceleration: -2.47 m/s2
Time step: 4 | Velocity: 11.54 m/s | Acceleration: -1.42 m/s2
Time step: 5 | Velocity: 11.55 m/s | Acceleration: 1.35 m/s2
Time step: 6 | Velocity: 11.74 m/s | Acceleration: 2.51 m/s2
Time step: 7 | Velocity: 11.92 m/s | Acceleration: 1.05 m/s2
Time step: 8 | Velocity: 11.97 m/s | Acceleration: 0.05 m/s2
Time step: 9 | Velocity: 11.97 m/s | Acceleration: 0.02 m/s2
Time step: 10 | Velocity: 11.89 m/s | Acceleration: -1.55 m/s2
Time step: 11 | Velocity: 11.70 m/s | Acceleration: -2.20 m/s2
Time step: 12 | Velocity: 11.53 m/s | Acceleration: -1.31 m/s2
Time step: 13 | Velocity: 11.44 m/s | Acceleration: -0.54 m/s2
Time step: 14 | Velocity: 11.38 m/s | Acceleration: -0.62 m/s2
Time step: 15 | Velocity: 11.38 m/s | Acceleration: 0.52 m/s2
Time step: 16 | Velocity: 11.45 m/s | Acceleration: 0.93 m/s2
Time step: 17 | Velocity: 11.52 m/s | Acceleration: 0.51 m/s2
Time step: 18 | Velocity: 11.56 m/s | Acceleration: 0.30 m/s2
Time step: 19 | Velocity: 11.59 m/s | Acceleration: 0.19 m/s2
Time step: 20 | Velocity: 11.62 m/s | Acceleration: 0.53 m/s2
Time step: 21 | Velocity: 11.71 m/s | Acceleration: 1.29 m/s2
Time step: 22 | Velocity: 11.87 m/s | Acceleration: 1.84 m/s2
Time step: 23 | Velocity: 12.08 m/s | Acceleration: 2.22 m/s2
Time step: 24 | Velocity: 12.31 m/s | Acceleration: 2.49 m/s2
Time step: 25 | Velocity: 12.57 m/s | Acceleration: 2.69 m/s2
Time step: 26 | Velocity: 12.85 m/s | Acceleration: 2.83 m/s2
Time step: 27 | Velocity: 13.14 m/s | Acceleration: 2.92 m/s2
Time step: 28 | Velocity: 13.40 m/s | Acceleration: 2.44 m/s2
Time step: 29 | Velocity: 13.63 m/s | Acceleration: 2.10 m/s2
Time step: 30 | Velocity: 13.77 m/s | Acceleration: 0.76 m/s2
[075/100] evaluating vv_074
agent_planning_problem_id_assignment: {20088: 20095}
Processing dynamic obstacle id: 20044
Processing dynamic obstacle id: 20087
Processing dynamic obstacle id: 20088
--- Initializing prediction network ---
Time step: 0 | Velocity: 12.04 m/s | Acceleration: 0.00 m/s2
Time step: 1 | Velocity: 11.96 m/s | Acceleration: -1.34 m/s2
Time step: 2 | Velocity: 11.95 m/s | Acceleration: 1.02 m/s2
Time step: 3 | Velocity: 12.12 m/s | Acceleration: 2.18 m/s2
Time step: 4 | Velocity: 12.37 m/s | Acceleration: 2.75 m/s2
Time step: 5 | Velocity: 12.66 m/s | Acceleration: 3.02 m/s2
Time step: 6 | Velocity: 12.97 m/s | Acceleration: 3.16 m/s2
Time step: 7 | Velocity: 13.24 m/s | Acceleration: 2.22 m/s2
Time step: 8 | Velocity: 13.38 m/s | Acceleration: 0.75 m/s2
Time step: 9 | Velocity: 13.37 m/s | Acceleration: -0.98 m/s2
Time step: 10 | Velocity: 13.22 m/s | Acceleration: -1.82 m/s2
Time step: 11 | Velocity: 13.02 m/s | Acceleration: -2.24 m/s2
Time step: 12 | Velocity: 12.78 m/s | Acceleration: -2.44 m/s2
Time step: 13 | Velocity: 12.53 m/s | Acceleration: -2.54 m/s2
Time step: 14 | Velocity: 12.28 m/s | Acceleration: -2.57 m/s2
Time step: 15 | Velocity: 12.02 m/s | Acceleration: -2.57 m/s2
Time step: 16 | Velocity: 11.81 m/s | Acceleration: -1.62 m/s2
Time step: 17 | Velocity: 11.68 m/s | Acceleration: -1.11 m/s2
Time step: 18 | Velocity: 11.60 m/s | Acceleration: -0.42 m/s2
Time step: 19 | Velocity: 11.61 m/s | Acceleration: 0.62 m/s2
Time step: 20 | Velocity: 11.71 m/s | Acceleration: 1.36 m/s2
Time step: 21 | Velocity: 11.87 m/s | Acceleration: 1.88 m/s2
Time step: 22 | Velocity: 12.08 m/s | Acceleration: 2.25 m/s2
Time step: 23 | Velocity: 12.32 m/s | Acceleration: 2.52 m/s2
Time step: 24 | Velocity: 12.58 m/s | Acceleration: 2.71 m/s2
Time step: 25 | Velocity: 12.86 m/s | Acceleration: 2.84 m/s2
Time step: 26 | Velocity: 13.09 m/s | Acceleration: 1.83 m/s2
Time step: 27 | Velocity: 13.21 m/s | Acceleration: 0.57 m/s2
Time step: 28 | Velocity: 13.22 m/s | Acceleration: -0.33 m/s2
Time step: 29 | Velocity: 13.18 m/s | Acceleration: -0.50 m/s2
[076/100] evaluating vv_075
agent_planning_problem_id_assignment: {20088: 20095}
Processing dynamic obstacle id: 20044
Processing dynamic obstacle id: 20087
Processing dynamic obstacle id: 20088
--- Initializing prediction network ---
Time step: 0 | Velocity: 12.12 m/s | Acceleration: 0.00 m/s2
Time step: 1 | Velocity: 12.03 m/s | Acceleration: -1.56 m/s2
Time step: 2 | Velocity: 11.84 m/s | Acceleration: -2.20 m/s2
Time step: 3 | Velocity: 11.61 m/s | Acceleration: -2.47 m/s2
Time step: 4 | Velocity: 11.35 m/s | Acceleration: -2.59 m/s2
Time step: 5 | Velocity: 11.09 m/s | Acceleration: -2.63 m/s2
Time step: 6 | Velocity: 10.82 m/s | Acceleration: -2.65 m/s2
Time step: 7 | Velocity: 10.56 m/s | Acceleration: -2.66 m/s2
Time step: 8 | Velocity: 10.41 m/s | Acceleration: -0.33 m/s2
Time step: 9 | Velocity: 10.31 m/s | Acceleration: -1.69 m/s2
Time step: 10 | Velocity: 10.17 m/s | Acceleration: -1.09 m/s2
Time step: 11 | Velocity: 10.07 m/s | Acceleration: -0.84 m/s2
Time step: 12 | Velocity: 10.01 m/s | Acceleration: -0.35 m/s2
Time step: 13 | Velocity: 9.97 m/s | Acceleration: -0.54 m/s2
Time step: 14 | Velocity: 9.91 m/s | Acceleration: -0.61 m/s2
Time step: 15 | Velocity: 9.97 m/s | Acceleration: 1.69 m/s2
Time step: 16 | Velocity: 10.00 m/s | Acceleration: -0.85 m/s2
Time step: 17 | Velocity: 10.05 m/s | Acceleration: 1.59 m/s2
Time step: 18 | Velocity: 10.26 m/s | Acceleration: 2.61 m/s2
Time step: 19 | Velocity: 10.55 m/s | Acceleration: 3.03 m/s2
Time step: 20 | Velocity: 10.86 m/s | Acceleration: 3.21 m/s2
Time step: 21 | Velocity: 11.03 m/s | Acceleration: 0.23 m/s2
Time step: 22 | Velocity: 11.12 m/s | Acceleration: 1.60 m/s2
Time step: 23 | Velocity: 11.23 m/s | Acceleration: 0.67 m/s2
Time step: 24 | Velocity: 11.32 m/s | Acceleration: 1.00 m/s2
Time step: 25 | Velocity: 11.47 m/s | Acceleration: 2.02 m/s2
Time step: 26 | Velocity: 11.69 m/s | Acceleration: 2.35 m/s2
Time step: 27 | Velocity: 11.94 m/s | Acceleration: 2.59 m/s2
Time step: 28 | Velocity: 12.21 m/s | Acceleration: 2.76 m/s2
Time step: 29 | Velocity: 12.49 m/s | Acceleration: 2.87 m/s2
Time step: 30 | Velocity: 12.78 m/s | Acceleration: 2.96 m/s2
Time step: 31 | Velocity: 13.08 m/s | Acceleration: 3.03 m/s2
Time step: 32 | Velocity: 13.39 m/s | Acceleration: 3.21 m/s2
Time step: 33 | Velocity: 13.72 m/s | Acceleration: 3.28 m/s2
Time step: 34 | Velocity: 14.05 m/s | Acceleration: 3.31 m/s2
[077/100] evaluating vv_076
agent_planning_problem_id_assignment: {20088: 20095}
Processing dynamic obstacle id: 20044
Processing dynamic obstacle id: 20087
Processing dynamic obstacle id: 20088
--- Initializing prediction network ---
Time step: 0 | Velocity: 12.29 m/s | Acceleration: 0.00 m/s2
Time step: 1 | Velocity: 12.22 m/s | Acceleration: -1.34 m/s2
Time step: 2 | Velocity: 12.05 m/s | Acceleration: -2.00 m/s2
Time step: 3 | Velocity: 11.83 m/s | Acceleration: -2.32 m/s2
Time step: 4 | Velocity: 11.59 m/s | Acceleration: -2.48 m/s2
Time step: 5 | Velocity: 11.34 m/s | Acceleration: -2.56 m/s2
Time step: 6 | Velocity: 11.08 m/s | Acceleration: -2.60 m/s2
Time step: 7 | Velocity: 10.82 m/s | Acceleration: -2.62 m/s2
Time step: 8 | Velocity: 10.55 m/s | Acceleration: -2.62 m/s2
Time step: 9 | Velocity: 10.29 m/s | Acceleration: -2.63 m/s2
Time step: 10 | Velocity: 10.08 m/s | Acceleration: -1.62 m/s2
Time step: 11 | Velocity: 9.89 m/s | Acceleration: -2.14 m/s2
Time step: 12 | Velocity: 9.66 m/s | Acceleration: -2.39 m/s2
Time step: 13 | Velocity: 9.41 m/s | Acceleration: -2.51 m/s2
Time step: 14 | Velocity: 9.16 m/s | Acceleration: -2.58 m/s2
Time step: 15 | Velocity: 9.00 m/s | Acceleration: -0.59 m/s2
Time step: 16 | Velocity: 9.05 m/s | Acceleration: 1.39 m/s2
Time step: 17 | Velocity: 9.24 m/s | Acceleration: 2.36 m/s2
Time step: 18 | Velocity: 9.50 m/s | Acceleration: 2.84 m/s2
Time step: 19 | Velocity: 9.80 m/s | Acceleration: 3.07 m/s2
Time step: 20 | Velocity: 9.97 m/s | Acceleration: 0.50 m/s2
Time step: 21 | Velocity: 10.04 m/s | Acceleration: 0.79 m/s2
Time step: 22 | Velocity: 10.12 m/s | Acceleration: 0.94 m/s2
Time step: 23 | Velocity: 10.22 m/s | Acceleration: 1.04 m/s2
Time step: 24 | Velocity: 10.33 m/s | Acceleration: 1.11 m/s2
Time step: 25 | Velocity: 10.47 m/s | Acceleration: 1.70 m/s2
Time step: 26 | Velocity: 10.66 m/s | Acceleration: 2.13 m/s2
Time step: 27 | Velocity: 10.89 m/s | Acceleration: 2.43 m/s2
Time step: 28 | Velocity: 11.15 m/s | Acceleration: 2.64 m/s2
Time step: 29 | Velocity: 11.42 m/s | Acceleration: 2.79 m/s2
Time step: 30 | Velocity: 11.70 m/s | Acceleration: 2.90 m/s2
Time step: 31 | Velocity: 12.00 m/s | Acceleration: 2.98 m/s2
Time step: 32 | Velocity: 12.27 m/s | Acceleration: 2.48 m/s2
Time step: 33 | Velocity: 12.53 m/s | Acceleration: 2.68 m/s2
Time step: 34 | Velocity: 12.81 m/s | Acceleration: 2.82 m/s2
Time step: 35 | Velocity: 13.09 m/s | Acceleration: 2.92 m/s2
Time step: 36 | Velocity: 13.39 m/s | Acceleration: 2.99 m/s2
[078/100] evaluating vv_077
agent_planning_problem_id_assignment: {20088: 20095}
Processing dynamic obstacle id: 20044
Processing dynamic obstacle id: 20087
Processing dynamic obstacle id: 20088
--- Initializing prediction network ---
Time step: 0 | Velocity: 11.86 m/s | Acceleration: 0.00 m/s2
Time step: 1 | Velocity: 11.79 m/s | Acceleration: -1.34 m/s2
Time step: 2 | Velocity: 11.78 m/s | Acceleration: 1.02 m/s2
Time step: 3 | Velocity: 11.95 m/s | Acceleration: 2.18 m/s2
Time step: 4 | Velocity: 12.20 m/s | Acceleration: 2.75 m/s2
Time step: 5 | Velocity: 12.49 m/s | Acceleration: 3.02 m/s2
Time step: 6 | Velocity: 12.80 m/s | Acceleration: 3.16 m/s2
Time step: 7 | Velocity: 13.12 m/s | Acceleration: 3.23 m/s2
Time step: 8 | Velocity: 13.44 m/s | Acceleration: 3.26 m/s2
Time step: 9 | Velocity: 13.61 m/s | Acceleration: 0.25 m/s2
Time step: 10 | Velocity: 13.61 m/s | Acceleration: -0.21 m/s2
Time step: 11 | Velocity: 13.53 m/s | Acceleration: -1.45 m/s2
Time step: 12 | Velocity: 13.35 m/s | Acceleration: -2.05 m/s2
Time step: 13 | Velocity: 13.13 m/s | Acceleration: -2.30 m/s2
Time step: 14 | Velocity: 12.89 m/s | Acceleration: -2.40 m/s2
Time step: 15 | Velocity: 12.68 m/s | Acceleration: -1.85 m/s2
Time step: 16 | Velocity: 12.52 m/s | Acceleration: -1.31 m/s2
Time step: 17 | Velocity: 12.43 m/s | Acceleration: -0.57 m/s2
Time step: 18 | Velocity: 12.43 m/s | Acceleration: 0.52 m/s2
Time step: 19 | Velocity: 12.52 m/s | Acceleration: 1.28 m/s2
Time step: 20 | Velocity: 12.68 m/s | Acceleration: 1.83 m/s2
/home/yanjun/NewDisk/beliefplanning/.venv38/lib/python3.8/site-packages/prediction/main.py:410: FutureWarning: You are using `torch.load` with `weights_only=False` (the current default value), which uses the default pickle module implicitly. It is possible to construct malicious pickle data which will execute arbitrary code during unpickling (See https://github.com/pytorch/pytorch/blob/main/SECURITY.md#untrusted-models for more details). In a future release, the default value for `weights_only` will be flipped to `True`. This limits the functions that could be executed during unpickling. Arbitrary objects will no longer be allowed to be loaded via this mode unless they are explicitly allowlisted by the user via `torch.serialization.add_safe_globals`. We recommend you start setting `weights_only=True` for any use case where you don't have full control of the loaded file. Please open an issue on GitHub for any issues related to this experimental feature.
  saved_model_dict = torch.load(self.model_path)
/home/yanjun/NewDisk/beliefplanning/.venv38/lib/python3.8/site-packages/commonroad/scenario/scenario.py:314: UserWarning: Not a valid scenario id: vv_075
  warnings.warn('Not a valid scenario id: ' + benchmark_id)
/home/yanjun/NewDisk/beliefplanning/.venv38/lib/python3.8/site-packages/commonroad/common/file_reader.py:461: UserWarning: Unknown country: Default traffic sign IDs are used. Specified country: vv_
  warnings.warn("Unknown country: Default traffic sign IDs are used. Specified country: " + country)
/home/yanjun/NewDisk/beliefplanning/.venv38/lib/python3.8/site-packages/prediction/main.py:410: FutureWarning: You are using `torch.load` with `weights_only=False` (the current default value), which uses the default pickle module implicitly. It is possible to construct malicious pickle data which will execute arbitrary code during unpickling (See https://github.com/pytorch/pytorch/blob/main/SECURITY.md#untrusted-models for more details). In a future release, the default value for `weights_only` will be flipped to `True`. This limits the functions that could be executed during unpickling. Arbitrary objects will no longer be allowed to be loaded via this mode unless they are explicitly allowlisted by the user via `torch.serialization.add_safe_globals`. We recommend you start setting `weights_only=True` for any use case where you don't have full control of the loaded file. Please open an issue on GitHub for any issues related to this experimental feature.
  saved_model_dict = torch.load(self.model_path)
/home/yanjun/NewDisk/beliefplanning/.venv38/lib/python3.8/site-packages/commonroad/scenario/scenario.py:314: UserWarning: Not a valid scenario id: vv_076
  warnings.warn('Not a valid scenario id: ' + benchmark_id)
/home/yanjun/NewDisk/beliefplanning/.venv38/lib/python3.8/site-packages/commonroad/common/file_reader.py:461: UserWarning: Unknown country: Default traffic sign IDs are used. Specified country: vv_
  warnings.warn("Unknown country: Default traffic sign IDs are used. Specified country: " + country)
/home/yanjun/NewDisk/beliefplanning/.venv38/lib/python3.8/site-packages/prediction/main.py:410: FutureWarning: You are using `torch.load` with `weights_only=False` (the current default value), which uses the default pickle module implicitly. It is possible to construct malicious pickle data which will execute arbitrary code during unpickling (See https://github.com/pytorch/pytorch/blob/main/SECURITY.md#untrusted-models for more details). In a future release, the default value for `weights_only` will be flipped to `True`. This limits the functions that could be executed during unpickling. Arbitrary objects will no longer be allowed to be loaded via this mode unless they are explicitly allowlisted by the user via `torch.serialization.add_safe_globals`. We recommend you start setting `weights_only=True` for any use case where you don't have full control of the loaded file. Please open an issue on GitHub for any issues related to this experimental feature.
  saved_model_dict = torch.load(self.model_path)
/home/yanjun/NewDisk/beliefplanning/.venv38/lib/python3.8/site-packages/commonroad/scenario/scenario.py:314: UserWarning: Not a valid scenario id: vv_077
  warnings.warn('Not a valid scenario id: ' + benchmark_id)
/home/yanjun/NewDisk/beliefplanning/.venv38/lib/python3.8/site-packages/commonroad/common/file_reader.py:461: UserWarning: Unknown country: Default traffic sign IDs are used. Specified country: vv_
  warnings.warn("Unknown country: Default traffic sign IDs are used. Specified country: " + country)
/home/yanjun/NewDisk/beliefplanning/.venv38/lib/python3.8/site-packages/prediction/main.py:410: FutureWarning: You are using `torch.load` with `weights_only=False` (the current default value), which uses the default pickle module implicitly. It is possible to construct malicious pickle data which will execute arbitrary code during unpickling (See https://github.com/pytorch/pytorch/blob/main/SECURITY.md#untrusted-models for more details). In a future release, the default value for `weights_only` will be flipped to `True`. This limits the functions that could be executed during unpickling. Arbitrary objects will no longer be allowed to be loaded via this mode unless they are explicitly allowlisted by the user via `torch.serialization.add_safe_globals`. We recommend you start setting `weights_only=True` for any use case where you don't have full control of the loaded file. Please open an issue on GitHub for any issues related to this experimental feature.
  saved_model_dict = torch.load(self.model_path)
/home/yanjun/NewDisk/beliefplanning/.venv38/lib/python3.8/site-packages/commonroad/scenario/scenario.py:314: UserWarning: Not a valid scenario id: vv_078
  warnings.warn('Not a valid scenario id: ' + benchmark_id)
/home/yanjun/NewDisk/beliefplanning/.venv38/lib/python3.8/site-packages/commonroad/common/file_reader.py:461: UserWarning: Unknown country: Default traffic sign IDs are used. Specified country: vv_
  warnings.warn("Unknown country: Default traffic sign IDs are used. Specified country: " + country)
/home/yanjun/NewDisk/beliefplanning/.venv38/lib/python3.8/site-packages/prediction/main.py:410: FutureWarning: You are using `torch.load` with `weights_only=False` (the current default value), which uses the default pickle module implicitly. It is possible to construct malicious pickle data which will execute arbitrary code during unpickling (See https://github.com/pytorch/pytorch/blob/main/SECURITY.md#untrusted-models for more details). In a future release, the default value for `weights_only` will be flipped to `True`. This limits the functions that could be executed during unpickling. Arbitrary objects will no longer be allowed to be loaded via this mode unless they are explicitly allowlisted by the user via `torch.serialization.add_safe_globals`. We recommend you start setting `weights_only=True` for any use case where you don't have full control of the loaded file. Please open an issue on GitHub for any issues related to this experimental feature.
  saved_model_dict = torch.load(self.model_path)
/home/yanjun/NewDisk/beliefplanning/.venv38/lib/python3.8/site-packages/commonroad/scenario/scenario.py:314: UserWarning: Not a valid scenario id: vv_079
  warnings.warn('Not a valid scenario id: ' + benchmark_id)
/home/yanjun/NewDisk/beliefplanning/.venv38/lib/python3.8/site-packages/commonroad/common/file_reader.py:461: UserWarning: Unknown country: Default traffic sign IDs are used. Specified country: vv_
  warnings.warn("Unknown country: Default traffic sign IDs are used. Specified country: " + country)
Time step: 21 | Velocity: 12.88 m/s | Acceleration: 2.22 m/s2
Time step: 22 | Velocity: 13.12 m/s | Acceleration: 2.49 m/s2
Time step: 23 | Velocity: 13.38 m/s | Acceleration: 2.69 m/s2
Time step: 24 | Velocity: 13.65 m/s | Acceleration: 2.83 m/s2
Time step: 25 | Velocity: 13.94 m/s | Acceleration: 2.92 m/s2
Time step: 26 | Velocity: 14.24 m/s | Acceleration: 2.99 m/s2
Time step: 27 | Velocity: 14.54 m/s | Acceleration: 3.04 m/s2
[079/100] evaluating vv_078
agent_planning_problem_id_assignment: {20088: 20095}
Processing dynamic obstacle id: 20044
Processing dynamic obstacle id: 20087
Processing dynamic obstacle id: 20088
--- Initializing prediction network ---
Time step: 0 | Velocity: 11.71 m/s | Acceleration: 0.00 m/s2
Time step: 1 | Velocity: 11.61 m/s | Acceleration: -1.84 m/s2
Time step: 2 | Velocity: 11.39 m/s | Acceleration: -2.43 m/s2
Time step: 3 | Velocity: 11.13 m/s | Acceleration: -2.62 m/s2
Time step: 4 | Velocity: 10.87 m/s | Acceleration: -2.68 m/s2
Time step: 5 | Velocity: 10.59 m/s | Acceleration: -2.70 m/s2
Time step: 6 | Velocity: 10.32 m/s | Acceleration: -2.71 m/s2
Time step: 7 | Velocity: 10.05 m/s | Acceleration: -2.71 m/s2
Time step: 8 | Velocity: 9.93 m/s | Acceleration: 0.05 m/s2
Time step: 9 | Velocity: 9.83 m/s | Acceleration: -1.83 m/s2
Time step: 10 | Velocity: 9.71 m/s | Acceleration: -0.58 m/s2
Time step: 11 | Velocity: 9.72 m/s | Acceleration: 0.73 m/s2
Time step: 12 | Velocity: 9.90 m/s | Acceleration: 2.54 m/s2
Time step: 13 | Velocity: 10.18 m/s | Acceleration: 3.12 m/s2
Time step: 14 | Velocity: 10.51 m/s | Acceleration: 3.30 m/s2
Time step: 15 | Velocity: 10.84 m/s | Acceleration: 3.36 m/s2
Time step: 16 | Velocity: 11.06 m/s | Acceleration: 1.08 m/s2
Time step: 17 | Velocity: 11.18 m/s | Acceleration: 1.27 m/s2
Time step: 18 | Velocity: 11.12 m/s | Acceleration: -2.01 m/s2
Time step: 19 | Velocity: 10.89 m/s | Acceleration: -2.63 m/s2
Time step: 20 | Velocity: 10.72 m/s | Acceleration: -0.84 m/s2
Time step: 21 | Velocity: 10.79 m/s | Acceleration: 2.03 m/s2
Time step: 22 | Velocity: 11.03 m/s | Acceleration: 2.79 m/s2
Time step: 23 | Velocity: 11.33 m/s | Acceleration: 3.05 m/s2
Time step: 24 | Velocity: 11.64 m/s | Acceleration: 3.21 m/s2
Time step: 25 | Velocity: 11.96 m/s | Acceleration: 3.21 m/s2
Time step: 26 | Velocity: 12.28 m/s | Acceleration: 3.19 m/s2
Time step: 27 | Velocity: 12.60 m/s | Acceleration: 3.19 m/s2
Time step: 28 | Velocity: 12.92 m/s | Acceleration: 3.18 m/s2
Time step: 29 | Velocity: 13.16 m/s | Acceleration: 1.52 m/s2
Time step: 30 | Velocity: 13.24 m/s | Acceleration: 0.14 m/s2
Time step: 31 | Velocity: 13.15 m/s | Acceleration: -1.80 m/s2
[080/100] evaluating vv_079
agent_planning_problem_id_assignment: {20088: 20095}
Processing dynamic obstacle id: 20044
Processing dynamic obstacle id: 20087
Processing dynamic obstacle id: 20088
--- Initializing prediction network ---
Time step: 0 | Velocity: 11.91 m/s | Acceleration: 0.00 m/s2
Time step: 1 | Velocity: 11.84 m/s | Acceleration: -1.34 m/s2
Time step: 2 | Velocity: 11.67 m/s | Acceleration: -2.00 m/s2
Time step: 3 | Velocity: 11.46 m/s | Acceleration: -2.32 m/s2
Time step: 4 | Velocity: 11.21 m/s | Acceleration: -2.48 m/s2
Time step: 5 | Velocity: 10.96 m/s | Acceleration: -2.56 m/s2
Time step: 6 | Velocity: 10.70 m/s | Acceleration: -2.60 m/s2
Time step: 7 | Velocity: 10.44 m/s | Acceleration: -2.62 m/s2
Time step: 8 | Velocity: 10.23 m/s | Acceleration: -1.62 m/s2
Time step: 9 | Velocity: 10.20 m/s | Acceleration: 0.89 m/s2
Time step: 10 | Velocity: 10.27 m/s | Acceleration: 0.43 m/s2
Time step: 11 | Velocity: 10.23 m/s | Acceleration: -1.13 m/s2
Time step: 12 | Velocity: 10.07 m/s | Acceleration: -1.90 m/s2
Time step: 13 | Velocity: 9.86 m/s | Acceleration: -2.27 m/s2
Time step: 14 | Velocity: 9.62 m/s | Acceleration: -2.46 m/s2
Time step: 15 | Velocity: 9.48 m/s | Acceleration: -0.53 m/s2
Time step: 16 | Velocity: 9.53 m/s | Acceleration: 1.42 m/s2
Time step: 17 | Velocity: 9.72 m/s | Acceleration: 2.37 m/s2
Time step: 18 | Velocity: 9.98 m/s | Acceleration: 2.84 m/s2
Time step: 19 | Velocity: 10.28 m/s | Acceleration: 3.07 m/s2
Time step: 20 | Velocity: 10.46 m/s | Acceleration: 0.50 m/s2
Time step: 21 | Velocity: 10.52 m/s | Acceleration: 0.79 m/s2
Time step: 22 | Velocity: 10.61 m/s | Acceleration: 0.97 m/s2
Time step: 23 | Velocity: 10.71 m/s | Acceleration: 1.09 m/s2
Time step: 24 | Velocity: 10.82 m/s | Acceleration: 1.15 m/s2
Time step: 25 | Velocity: 10.97 m/s | Acceleration: 1.73 m/s2
Time step: 26 | Velocity: 11.16 m/s | Acceleration: 2.15 m/s2
Time step: 27 | Velocity: 11.39 m/s | Acceleration: 2.44 m/s2
Time step: 28 | Velocity: 11.65 m/s | Acceleration: 2.65 m/s2
Time step: 29 | Velocity: 11.92 m/s | Acceleration: 2.80 m/s2
Time step: 30 | Velocity: 12.21 m/s | Acceleration: 2.91 m/s2
Time step: 31 | Velocity: 12.50 m/s | Acceleration: 2.98 m/s2
Time step: 32 | Velocity: 12.80 m/s | Acceleration: 3.03 m/s2
Time step: 33 | Velocity: 13.11 m/s | Acceleration: 3.07 m/s2
Time step: 34 | Velocity: 13.42 m/s | Acceleration: 3.10 m/s2
Time step: 35 | Velocity: 13.73 m/s | Acceleration: 3.12 m/s2
[081/100] evaluating vv_080
agent_planning_problem_id_assignment: {20088: 20095}
Processing dynamic obstacle id: 20044
Processing dynamic obstacle id: 20087
Processing dynamic obstacle id: 20088
--- Initializing prediction network ---
Time step: 0 | Velocity: 11.71 m/s | Acceleration: 0.00 m/s2
Time step: 1 | Velocity: 11.63 m/s | Acceleration: -1.56 m/s2
Time step: 2 | Velocity: 11.44 m/s | Acceleration: -2.20 m/s2
Time step: 3 | Velocity: 11.20 m/s | Acceleration: -2.47 m/s2
Time step: 4 | Velocity: 10.95 m/s | Acceleration: -2.59 m/s2
Time step: 5 | Velocity: 10.68 m/s | Acceleration: -2.63 m/s2
Time step: 6 | Velocity: 10.42 m/s | Acceleration: -2.65 m/s2
Time step: 7 | Velocity: 10.15 m/s | Acceleration: -2.66 m/s2
Time step: 8 | Velocity: 10.01 m/s | Acceleration: -0.33 m/s2
Time step: 9 | Velocity: 9.90 m/s | Acceleration: -1.69 m/s2
Time step: 10 | Velocity: 9.89 m/s | Acceleration: 1.24 m/s2
Time step: 11 | Velocity: 9.95 m/s | Acceleration: 0.13 m/s2
Time step: 12 | Velocity: 10.06 m/s | Acceleration: 2.00 m/s2
Time step: 13 | Velocity: 10.31 m/s | Acceleration: 2.78 m/s2
Time step: 14 | Velocity: 10.50 m/s | Acceleration: 1.16 m/s2
Time step: 15 | Velocity: 10.68 m/s | Acceleration: 2.43 m/s2
Time step: 16 | Velocity: 10.96 m/s | Acceleration: 2.96 m/s2
Time step: 17 | Velocity: 11.27 m/s | Acceleration: 3.18 m/s2
Time step: 18 | Velocity: 11.46 m/s | Acceleration: 0.93 m/s2
Time step: 19 | Velocity: 11.45 m/s | Acceleration: -1.17 m/s2
Time step: 20 | Velocity: 11.28 m/s | Acceleration: -2.04 m/s2
Time step: 21 | Velocity: 11.12 m/s | Acceleration: -1.24 m/s2
Time step: 22 | Velocity: 11.03 m/s | Acceleration: -0.52 m/s2
Time step: 23 | Velocity: 11.00 m/s | Acceleration: -0.25 m/s2
Time step: 24 | Velocity: 11.03 m/s | Acceleration: 0.91 m/s2
Time step: 25 | Velocity: 11.16 m/s | Acceleration: 1.57 m/s2
Time step: 26 | Velocity: 11.34 m/s | Acceleration: 2.07 m/s2
Time step: 27 | Velocity: 11.56 m/s | Acceleration: 2.39 m/s2
Time step: 28 | Velocity: 11.81 m/s | Acceleration: 2.61 m/s2
Time step: 29 | Velocity: 12.08 m/s | Acceleration: 2.77 m/s2
Time step: 30 | Velocity: 12.37 m/s | Acceleration: 2.89 m/s2
Time step: 31 | Velocity: 12.66 m/s | Acceleration: 2.97 m/s2
Time step: 32 | Velocity: 12.96 m/s | Acceleration: 3.02 m/s2
Time step: 33 | Velocity: 13.27 m/s | Acceleration: 3.20 m/s2
Time step: 34 | Velocity: 13.41 m/s | Acceleration: -0.22 m/s2
[082/100] evaluating vv_081
agent_planning_problem_id_assignment: {20088: 20095}
Processing dynamic obstacle id: 20044
Processing dynamic obstacle id: 20087
Processing dynamic obstacle id: 20088
--- Initializing prediction network ---
Time step: 0 | Velocity: 11.62 m/s | Acceleration: 0.00 m/s2
Time step: 1 | Velocity: 11.54 m/s | Acceleration: -1.56 m/s2
Time step: 2 | Velocity: 11.35 m/s | Acceleration: -2.20 m/s2
Time step: 3 | Velocity: 11.11 m/s | Acceleration: -2.47 m/s2
Time step: 4 | Velocity: 10.86 m/s | Acceleration: -2.59 m/s2
Time step: 5 | Velocity: 10.60 m/s | Acceleration: -2.63 m/s2
Time step: 6 | Velocity: 10.33 m/s | Acceleration: -2.65 m/s2
/home/yanjun/NewDisk/beliefplanning/.venv38/lib/python3.8/site-packages/prediction/main.py:410: FutureWarning: You are using `torch.load` with `weights_only=False` (the current default value), which uses the default pickle module implicitly. It is possible to construct malicious pickle data which will execute arbitrary code during unpickling (See https://github.com/pytorch/pytorch/blob/main/SECURITY.md#untrusted-models for more details). In a future release, the default value for `weights_only` will be flipped to `True`. This limits the functions that could be executed during unpickling. Arbitrary objects will no longer be allowed to be loaded via this mode unless they are explicitly allowlisted by the user via `torch.serialization.add_safe_globals`. We recommend you start setting `weights_only=True` for any use case where you don't have full control of the loaded file. Please open an issue on GitHub for any issues related to this experimental feature.
  saved_model_dict = torch.load(self.model_path)
/home/yanjun/NewDisk/beliefplanning/.venv38/lib/python3.8/site-packages/commonroad/scenario/scenario.py:314: UserWarning: Not a valid scenario id: vv_080
  warnings.warn('Not a valid scenario id: ' + benchmark_id)
/home/yanjun/NewDisk/beliefplanning/.venv38/lib/python3.8/site-packages/commonroad/common/file_reader.py:461: UserWarning: Unknown country: Default traffic sign IDs are used. Specified country: vv_
  warnings.warn("Unknown country: Default traffic sign IDs are used. Specified country: " + country)
/home/yanjun/NewDisk/beliefplanning/.venv38/lib/python3.8/site-packages/prediction/main.py:410: FutureWarning: You are using `torch.load` with `weights_only=False` (the current default value), which uses the default pickle module implicitly. It is possible to construct malicious pickle data which will execute arbitrary code during unpickling (See https://github.com/pytorch/pytorch/blob/main/SECURITY.md#untrusted-models for more details). In a future release, the default value for `weights_only` will be flipped to `True`. This limits the functions that could be executed during unpickling. Arbitrary objects will no longer be allowed to be loaded via this mode unless they are explicitly allowlisted by the user via `torch.serialization.add_safe_globals`. We recommend you start setting `weights_only=True` for any use case where you don't have full control of the loaded file. Please open an issue on GitHub for any issues related to this experimental feature.
  saved_model_dict = torch.load(self.model_path)
/home/yanjun/NewDisk/beliefplanning/.venv38/lib/python3.8/site-packages/commonroad/scenario/scenario.py:314: UserWarning: Not a valid scenario id: vv_081
  warnings.warn('Not a valid scenario id: ' + benchmark_id)
/home/yanjun/NewDisk/beliefplanning/.venv38/lib/python3.8/site-packages/commonroad/common/file_reader.py:461: UserWarning: Unknown country: Default traffic sign IDs are used. Specified country: vv_
  warnings.warn("Unknown country: Default traffic sign IDs are used. Specified country: " + country)
/home/yanjun/NewDisk/beliefplanning/.venv38/lib/python3.8/site-packages/prediction/main.py:410: FutureWarning: You are using `torch.load` with `weights_only=False` (the current default value), which uses the default pickle module implicitly. It is possible to construct malicious pickle data which will execute arbitrary code during unpickling (See https://github.com/pytorch/pytorch/blob/main/SECURITY.md#untrusted-models for more details). In a future release, the default value for `weights_only` will be flipped to `True`. This limits the functions that could be executed during unpickling. Arbitrary objects will no longer be allowed to be loaded via this mode unless they are explicitly allowlisted by the user via `torch.serialization.add_safe_globals`. We recommend you start setting `weights_only=True` for any use case where you don't have full control of the loaded file. Please open an issue on GitHub for any issues related to this experimental feature.
  saved_model_dict = torch.load(self.model_path)
/home/yanjun/NewDisk/beliefplanning/.venv38/lib/python3.8/site-packages/commonroad/scenario/scenario.py:314: UserWarning: Not a valid scenario id: vv_082
  warnings.warn('Not a valid scenario id: ' + benchmark_id)
/home/yanjun/NewDisk/beliefplanning/.venv38/lib/python3.8/site-packages/commonroad/common/file_reader.py:461: UserWarning: Unknown country: Default traffic sign IDs are used. Specified country: vv_
  warnings.warn("Unknown country: Default traffic sign IDs are used. Specified country: " + country)
/home/yanjun/NewDisk/beliefplanning/.venv38/lib/python3.8/site-packages/prediction/main.py:410: FutureWarning: You are using `torch.load` with `weights_only=False` (the current default value), which uses the default pickle module implicitly. It is possible to construct malicious pickle data which will execute arbitrary code during unpickling (See https://github.com/pytorch/pytorch/blob/main/SECURITY.md#untrusted-models for more details). In a future release, the default value for `weights_only` will be flipped to `True`. This limits the functions that could be executed during unpickling. Arbitrary objects will no longer be allowed to be loaded via this mode unless they are explicitly allowlisted by the user via `torch.serialization.add_safe_globals`. We recommend you start setting `weights_only=True` for any use case where you don't have full control of the loaded file. Please open an issue on GitHub for any issues related to this experimental feature.
  saved_model_dict = torch.load(self.model_path)
/home/yanjun/NewDisk/beliefplanning/.venv38/lib/python3.8/site-packages/commonroad/scenario/scenario.py:314: UserWarning: Not a valid scenario id: vv_083
  warnings.warn('Not a valid scenario id: ' + benchmark_id)
/home/yanjun/NewDisk/beliefplanning/.venv38/lib/python3.8/site-packages/commonroad/common/file_reader.py:461: UserWarning: Unknown country: Default traffic sign IDs are used. Specified country: vv_
  warnings.warn("Unknown country: Default traffic sign IDs are used. Specified country: " + country)
/home/yanjun/NewDisk/beliefplanning/.venv38/lib/python3.8/site-packages/prediction/main.py:410: FutureWarning: You are using `torch.load` with `weights_only=False` (the current default value), which uses the default pickle module implicitly. It is possible to construct malicious pickle data which will execute arbitrary code during unpickling (See https://github.com/pytorch/pytorch/blob/main/SECURITY.md#untrusted-models for more details). In a future release, the default value for `weights_only` will be flipped to `True`. This limits the functions that could be executed during unpickling. Arbitrary objects will no longer be allowed to be loaded via this mode unless they are explicitly allowlisted by the user via `torch.serialization.add_safe_globals`. We recommend you start setting `weights_only=True` for any use case where you don't have full control of the loaded file. Please open an issue on GitHub for any issues related to this experimental feature.
  saved_model_dict = torch.load(self.model_path)
/home/yanjun/NewDisk/beliefplanning/.venv38/lib/python3.8/site-packages/commonroad/scenario/scenario.py:314: UserWarning: Not a valid scenario id: vv_084
  warnings.warn('Not a valid scenario id: ' + benchmark_id)
/home/yanjun/NewDisk/beliefplanning/.venv38/lib/python3.8/site-packages/commonroad/common/file_reader.py:461: UserWarning: Unknown country: Default traffic sign IDs are used. Specified country: vv_
  warnings.warn("Unknown country: Default traffic sign IDs are used. Specified country: " + country)
Time step: 7 | Velocity: 10.06 m/s | Acceleration: -2.66 m/s2
Time step: 8 | Velocity: 9.86 m/s | Acceleration: -1.50 m/s2
Time step: 9 | Velocity: 9.86 m/s | Acceleration: 1.32 m/s2
Time step: 10 | Velocity: 9.95 m/s | Acceleration: 0.55 m/s2
Time step: 11 | Velocity: 9.90 m/s | Acceleration: -1.33 m/s2
Time step: 12 | Velocity: 9.73 m/s | Acceleration: -2.11 m/s2
Time step: 13 | Velocity: 9.50 m/s | Acceleration: -2.43 m/s2
Time step: 14 | Velocity: 9.25 m/s | Acceleration: -2.57 m/s2
Time step: 15 | Velocity: 9.11 m/s | Acceleration: -0.29 m/s2
Time step: 16 | Velocity: 9.19 m/s | Acceleration: 1.82 m/s2
Time step: 17 | Velocity: 9.36 m/s | Acceleration: 1.54 m/s2
Time step: 18 | Velocity: 9.57 m/s | Acceleration: 2.58 m/s2
Time step: 19 | Velocity: 9.86 m/s | Acceleration: 3.02 m/s2
Time step: 20 | Velocity: 10.01 m/s | Acceleration: 0.14 m/s2
Time step: 21 | Velocity: 10.09 m/s | Acceleration: 1.55 m/s2
Time step: 22 | Velocity: 10.24 m/s | Acceleration: 1.45 m/s2
Time step: 23 | Velocity: 10.42 m/s | Acceleration: 2.10 m/s2
Time step: 24 | Velocity: 10.65 m/s | Acceleration: 2.44 m/s2
Time step: 25 | Velocity: 10.91 m/s | Acceleration: 2.65 m/s2
Time step: 26 | Velocity: 11.18 m/s | Acceleration: 2.80 m/s2
Time step: 27 | Velocity: 11.47 m/s | Acceleration: 2.90 m/s2
Time step: 28 | Velocity: 11.76 m/s | Acceleration: 2.98 m/s2
Time step: 29 | Velocity: 12.06 m/s | Acceleration: 3.03 m/s2
Time step: 30 | Velocity: 12.37 m/s | Acceleration: 3.07 m/s2
Time step: 31 | Velocity: 12.68 m/s | Acceleration: 3.10 m/s2
Time step: 32 | Velocity: 12.99 m/s | Acceleration: 3.12 m/s2
Time step: 33 | Velocity: 13.27 m/s | Acceleration: 2.58 m/s2
Time step: 34 | Velocity: 13.49 m/s | Acceleration: 1.83 m/s2
Time step: 35 | Velocity: 13.61 m/s | Acceleration: 0.57 m/s2
[083/100] evaluating vv_082
agent_planning_problem_id_assignment: {20088: 20095}
Processing dynamic obstacle id: 20044
Processing dynamic obstacle id: 20087
Processing dynamic obstacle id: 20088
--- Initializing prediction network ---
Time step: 0 | Velocity: 11.63 m/s | Acceleration: 0.00 m/s2
Time step: 1 | Velocity: 11.55 m/s | Acceleration: -1.56 m/s2
Time step: 2 | Velocity: 11.36 m/s | Acceleration: -2.20 m/s2
Time step: 3 | Velocity: 11.12 m/s | Acceleration: -2.47 m/s2
Time step: 4 | Velocity: 10.87 m/s | Acceleration: -2.59 m/s2
Time step: 5 | Velocity: 10.60 m/s | Acceleration: -2.63 m/s2
Time step: 6 | Velocity: 10.34 m/s | Acceleration: -2.65 m/s2
Time step: 7 | Velocity: 10.07 m/s | Acceleration: -2.66 m/s2
Time step: 8 | Velocity: 9.93 m/s | Acceleration: -0.33 m/s2
Time step: 9 | Velocity: 9.82 m/s | Acceleration: -1.69 m/s2
Time step: 10 | Velocity: 9.81 m/s | Acceleration: 1.24 m/s2
Time step: 11 | Velocity: 9.87 m/s | Acceleration: 0.13 m/s2
Time step: 12 | Velocity: 9.86 m/s | Acceleration: -0.34 m/s2
Time step: 13 | Velocity: 9.94 m/s | Acceleration: 1.80 m/s2
Time step: 14 | Velocity: 10.17 m/s | Acceleration: 2.70 m/s2
Time step: 15 | Velocity: 10.40 m/s | Acceleration: 1.90 m/s2
Time step: 16 | Velocity: 10.51 m/s | Acceleration: 0.40 m/s2
Time step: 17 | Velocity: 10.46 m/s | Acceleration: -1.39 m/s2
Time step: 18 | Velocity: 10.40 m/s | Acceleration: 0.20 m/s2
Time step: 19 | Velocity: 10.46 m/s | Acceleration: 0.99 m/s2
Time step: 20 | Velocity: 10.53 m/s | Acceleration: 0.32 m/s2
Time step: 21 | Velocity: 10.67 m/s | Acceleration: 2.40 m/s2
Time step: 22 | Velocity: 10.94 m/s | Acceleration: 2.95 m/s2
Time step: 23 | Velocity: 11.25 m/s | Acceleration: 3.12 m/s2
Time step: 24 | Velocity: 11.56 m/s | Acceleration: 3.18 m/s2
Time step: 25 | Velocity: 11.88 m/s | Acceleration: 3.19 m/s2
Time step: 26 | Velocity: 12.20 m/s | Acceleration: 3.19 m/s2
Time step: 27 | Velocity: 12.52 m/s | Acceleration: 3.18 m/s2
Time step: 28 | Velocity: 12.84 m/s | Acceleration: 3.18 m/s2
Time step: 29 | Velocity: 13.16 m/s | Acceleration: 3.17 m/s2
Time step: 30 | Velocity: 13.48 m/s | Acceleration: 3.17 m/s2
Time step: 31 | Velocity: 13.79 m/s | Acceleration: 3.17 m/s2
Time step: 32 | Velocity: 14.05 m/s | Acceleration: 2.10 m/s2
Time step: 33 | Velocity: 14.12 m/s | Acceleration: -0.68 m/s2
[084/100] evaluating vv_083
agent_planning_problem_id_assignment: {20088: 20095}
Processing dynamic obstacle id: 20044
Processing dynamic obstacle id: 20087
Processing dynamic obstacle id: 20088
--- Initializing prediction network ---
Time step: 0 | Velocity: 11.72 m/s | Acceleration: 0.00 m/s2
Time step: 1 | Velocity: 11.64 m/s | Acceleration: -1.56 m/s2
Time step: 2 | Velocity: 11.45 m/s | Acceleration: -2.20 m/s2
Time step: 3 | Velocity: 11.21 m/s | Acceleration: -2.47 m/s2
Time step: 4 | Velocity: 10.96 m/s | Acceleration: -2.59 m/s2
Time step: 5 | Velocity: 10.69 m/s | Acceleration: -2.63 m/s2
Time step: 6 | Velocity: 10.43 m/s | Acceleration: -2.65 m/s2
Time step: 7 | Velocity: 10.16 m/s | Acceleration: -2.66 m/s2
Time step: 8 | Velocity: 10.02 m/s | Acceleration: -0.33 m/s2
Time step: 9 | Velocity: 10.10 m/s | Acceleration: 1.81 m/s2
Time step: 10 | Velocity: 10.20 m/s | Acceleration: 0.36 m/s2
Time step: 11 | Velocity: 10.21 m/s | Acceleration: -0.24 m/s2
Time step: 12 | Velocity: 10.17 m/s | Acceleration: -0.49 m/s2
Time step: 13 | Velocity: 10.18 m/s | Acceleration: 0.57 m/s2
Time step: 14 | Velocity: 10.26 m/s | Acceleration: 1.02 m/s2
Time step: 15 | Velocity: 10.37 m/s | Acceleration: 1.20 m/s2
Time step: 16 | Velocity: 10.56 m/s | Acceleration: 2.45 m/s2
Time step: 17 | Velocity: 10.83 m/s | Acceleration: 2.96 m/s2
Time step: 18 | Velocity: 11.07 m/s | Acceleration: 1.87 m/s2
Time step: 19 | Velocity: 11.32 m/s | Acceleration: 2.90 m/s2
Time step: 20 | Velocity: 11.44 m/s | Acceleration: -0.35 m/s2
Time step: 21 | Velocity: 11.39 m/s | Acceleration: -0.51 m/s2
Time step: 22 | Velocity: 11.26 m/s | Acceleration: -2.00 m/s2
Time step: 23 | Velocity: 11.16 m/s | Acceleration: -0.06 m/s2
Time step: 24 | Velocity: 11.20 m/s | Acceleration: 0.88 m/s2
Time step: 25 | Velocity: 11.33 m/s | Acceleration: 1.54 m/s2
Time step: 26 | Velocity: 11.50 m/s | Acceleration: 2.01 m/s2
Time step: 27 | Velocity: 11.72 m/s | Acceleration: 2.35 m/s2
Time step: 28 | Velocity: 11.97 m/s | Acceleration: 2.58 m/s2
Time step: 29 | Velocity: 12.24 m/s | Acceleration: 2.75 m/s2
Time step: 30 | Velocity: 12.52 m/s | Acceleration: 2.87 m/s2
Time step: 31 | Velocity: 12.82 m/s | Acceleration: 3.14 m/s2
Time step: 32 | Velocity: 13.14 m/s | Acceleration: 3.25 m/s2
Time step: 33 | Velocity: 13.29 m/s | Acceleration: -0.20 m/s2
[085/100] evaluating vv_084
agent_planning_problem_id_assignment: {20088: 20095}
Processing dynamic obstacle id: 20044
Processing dynamic obstacle id: 20087
Processing dynamic obstacle id: 20088
--- Initializing prediction network ---
Time step: 0 | Velocity: 11.92 m/s | Acceleration: 0.00 m/s2
Time step: 1 | Velocity: 11.84 m/s | Acceleration: -1.56 m/s2
Time step: 2 | Velocity: 11.64 m/s | Acceleration: -2.20 m/s2
Time step: 3 | Velocity: 11.41 m/s | Acceleration: -2.47 m/s2
Time step: 4 | Velocity: 11.15 m/s | Acceleration: -2.59 m/s2
Time step: 5 | Velocity: 10.89 m/s | Acceleration: -2.63 m/s2
Time step: 6 | Velocity: 10.63 m/s | Acceleration: -2.65 m/s2
Time step: 7 | Velocity: 10.36 m/s | Acceleration: -2.66 m/s2
Time step: 8 | Velocity: 10.21 m/s | Acceleration: -0.33 m/s2
Time step: 9 | Velocity: 10.11 m/s | Acceleration: -1.69 m/s2
Time step: 10 | Velocity: 10.09 m/s | Acceleration: 1.24 m/s2
Time step: 11 | Velocity: 10.22 m/s | Acceleration: 1.29 m/s2
Time step: 12 | Velocity: 10.42 m/s | Acceleration: 2.48 m/s2
Time step: 13 | Velocity: 10.69 m/s | Acceleration: 2.98 m/s2
Time step: 14 | Velocity: 11.00 m/s | Acceleration: 3.19 m/s2
Time step: 15 | Velocity: 11.14 m/s | Acceleration: -0.23 m/s2
Time step: 16 | Velocity: 11.04 m/s | Acceleration: -1.65 m/s2
Time step: 17 | Velocity: 10.84 m/s | Acceleration: -2.24 m/s2
Time step: 18 | Velocity: 10.73 m/s | Acceleration: -0.16 m/s2
Time step: 19 | Velocity: 10.77 m/s | Acceleration: 0.87 m/s2
Time step: 20 | Velocity: 10.73 m/s | Acceleration: -1.56 m/s2
Time step: 21 | Velocity: 10.53 m/s | Acceleration: -2.34 m/s2
Time step: 22 | Velocity: 10.28 m/s | Acceleration: -2.53 m/s2
Time step: 23 | Velocity: 10.02 m/s | Acceleration: -2.58 m/s2
Time step: 24 | Velocity: 9.86 m/s | Acceleration: -0.82 m/s2
Time step: 25 | Velocity: 9.74 m/s | Acceleration: -1.47 m/s2
Time step: 26 | Velocity: 9.69 m/s | Acceleration: 0.45 m/s2
Time step: 27 | Velocity: 9.80 m/s | Acceleration: 1.72 m/s2
Time step: 28 | Velocity: 10.02 m/s | Acceleration: 2.52 m/s2
Time step: 29 | Velocity: 10.28 m/s | Acceleration: 2.75 m/s2
Time step: 30 | Velocity: 10.57 m/s | Acceleration: 2.95 m/s2
Time step: 31 | Velocity: 10.87 m/s | Acceleration: 3.09 m/s2
Time step: 32 | Velocity: 11.19 m/s | Acceleration: 3.23 m/s2
Time step: 33 | Velocity: 11.52 m/s | Acceleration: 3.29 m/s2
Time step: 34 | Velocity: 11.66 m/s | Acceleration: -0.18 m/s2
Time step: 35 | Velocity: 11.57 m/s | Acceleration: -1.63 m/s2
[086/100] evaluating vv_085
agent_planning_problem_id_assignment: {20088: 20095}
Processing dynamic obstacle id: 20044
Processing dynamic obstacle id: 20087
Processing dynamic obstacle id: 20088
--- Initializing prediction network ---
Time step: 0 | Velocity: 12.21 m/s | Acceleration: 0.00 m/s2
Time step: 1 | Velocity: 12.13 m/s | Acceleration: -1.34 m/s2
Time step: 2 | Velocity: 11.96 m/s | Acceleration: -2.00 m/s2
Time step: 3 | Velocity: 11.91 m/s | Acceleration: 0.70 m/s2
Time step: 4 | Velocity: 12.05 m/s | Acceleration: 2.02 m/s2
Time step: 5 | Velocity: 12.28 m/s | Acceleration: 2.67 m/s2
Time step: 6 | Velocity: 12.57 m/s | Acceleration: 2.99 m/s2
Time step: 7 | Velocity: 12.82 m/s | Acceleration: 2.13 m/s2
Time step: 8 | Velocity: 12.96 m/s | Acceleration: 0.71 m/s2
Time step: 9 | Velocity: 12.94 m/s | Acceleration: -1.00 m/s2
Time step: 10 | Velocity: 12.80 m/s | Acceleration: -1.83 m/s2
Time step: 11 | Velocity: 12.59 m/s | Acceleration: -2.24 m/s2
Time step: 12 | Velocity: 12.36 m/s | Acceleration: -2.44 m/s2
Time step: 13 | Velocity: 12.16 m/s | Acceleration: -1.53 m/s2
Time step: 14 | Velocity: 12.03 m/s | Acceleration: -1.09 m/s2
Time step: 15 | Velocity: 11.93 m/s | Acceleration: -0.91 m/s2
Time step: 16 | Velocity: 11.85 m/s | Acceleration: -0.81 m/s2
Time step: 17 | Velocity: 11.78 m/s | Acceleration: -0.51 m/s2
Time step: 18 | Velocity: 11.74 m/s | Acceleration: -0.32 m/s2
Time step: 19 | Velocity: 11.73 m/s | Acceleration: 0.14 m/s2
Time step: 20 | Velocity: 11.79 m/s | Acceleration: 1.02 m/s2
Time step: 21 | Velocity: 11.92 m/s | Acceleration: 1.64 m/s2
Time step: 22 | Velocity: 12.11 m/s | Acceleration: 2.08 m/s2
Time step: 23 | Velocity: 12.33 m/s | Acceleration: 2.40 m/s2
Time step: 24 | Velocity: 12.59 m/s | Acceleration: 2.62 m/s2
Time step: 25 | Velocity: 12.86 m/s | Acceleration: 2.78 m/s2
Time step: 26 | Velocity: 13.09 m/s | Acceleration: 1.97 m/s2
Time step: 27 | Velocity: 13.26 m/s | Acceleration: 1.40 m/s2
Time step: 28 | Velocity: 13.37 m/s | Acceleration: 0.81 m/s2
Time step: 29 | Velocity: 13.40 m/s | Acceleration: -0.16 m/s2
Time step: 30 | Velocity: 13.35 m/s | Acceleration: -0.85 m/s2
[087/100] evaluating vv_086
agent_planning_problem_id_assignment: {20088: 20095}
Processing dynamic obstacle id: 20044
Processing dynamic obstacle id: 20087
Processing dynamic obstacle id: 20088
--- Initializing prediction network ---
Time step: 0 | Velocity: 12.25 m/s | Acceleration: 0.00 m/s2
Time step: 1 | Velocity: 12.18 m/s | Acceleration: -1.34 m/s2
Time step: 2 | Velocity: 12.01 m/s | Acceleration: -2.00 m/s2
Time step: 3 | Velocity: 11.79 m/s | Acceleration: -2.32 m/s2
Time step: 4 | Velocity: 11.55 m/s | Acceleration: -2.48 m/s2
Time step: 5 | Velocity: 11.29 m/s | Acceleration: -2.56 m/s2
Time step: 6 | Velocity: 11.14 m/s | Acceleration: -0.58 m/s2
Time step: 7 | Velocity: 11.13 m/s | Acceleration: 0.39 m/s2
Time step: 8 | Velocity: 11.25 m/s | Acceleration: 1.87 m/s2
Time step: 9 | Velocity: 11.39 m/s | Acceleration: 0.92 m/s2
Time step: 10 | Velocity: 11.49 m/s | Acceleration: 1.12 m/s2
Time step: 11 | Velocity: 11.50 m/s | Acceleration: -0.79 m/s2
Time step: 12 | Velocity: 11.37 m/s | Acceleration: -1.73 m/s2
Time step: 13 | Velocity: 11.25 m/s | Acceleration: -0.85 m/s2
Time step: 14 | Velocity: 11.17 m/s | Acceleration: -0.75 m/s2
Time step: 15 | Velocity: 11.11 m/s | Acceleration: -0.37 m/s2
Time step: 16 | Velocity: 11.12 m/s | Acceleration: 0.49 m/s2
Time step: 17 | Velocity: 11.19 m/s | Acceleration: 0.91 m/s2
Time step: 18 | Velocity: 11.26 m/s | Acceleration: 0.50 m/s2
Time step: 19 | Velocity: 11.33 m/s | Acceleration: 0.79 m/s2
Time step: 20 | Velocity: 11.41 m/s | Acceleration: 0.97 m/s2
Time step: 21 | Velocity: 11.52 m/s | Acceleration: 1.09 m/s2
Time step: 22 | Velocity: 11.63 m/s | Acceleration: 1.15 m/s2
Time step: 23 | Velocity: 11.75 m/s | Acceleration: 1.18 m/s2
Time step: 24 | Velocity: 11.89 m/s | Acceleration: 1.76 m/s2
Time step: 25 | Velocity: 12.09 m/s | Acceleration: 2.16 m/s2
Time step: 26 | Velocity: 12.32 m/s | Acceleration: 2.45 m/s2
Time step: 27 | Velocity: 12.58 m/s | Acceleration: 2.66 m/s2
Time step: 28 | Velocity: 12.85 m/s | Acceleration: 2.81 m/s2
Time step: 29 | Velocity: 13.14 m/s | Acceleration: 2.91 m/s2
Time step: 30 | Velocity: 13.43 m/s | Acceleration: 2.98 m/s2
Time step: 31 | Velocity: 13.74 m/s | Acceleration: 3.04 m/s2
Time step: 32 | Velocity: 14.04 m/s | Acceleration: 3.07 m/s2
[088/100] evaluating vv_087
agent_planning_problem_id_assignment: {20088: 20095}
Processing dynamic obstacle id: 20044
Processing dynamic obstacle id: 20087
Processing dynamic obstacle id: 20088
--- Initializing prediction network ---
Time step: 0 | Velocity: 12.15 m/s | Acceleration: 0.00 m/s2
Time step: 1 | Velocity: 12.07 m/s | Acceleration: -1.56 m/s2
Time step: 2 | Velocity: 11.87 m/s | Acceleration: -2.20 m/s2
Time step: 3 | Velocity: 11.64 m/s | Acceleration: -2.47 m/s2
Time step: 4 | Velocity: 11.38 m/s | Acceleration: -2.59 m/s2
Time step: 5 | Velocity: 11.12 m/s | Acceleration: -2.63 m/s2
Time step: 6 | Velocity: 10.86 m/s | Acceleration: -2.65 m/s2
Time step: 7 | Velocity: 10.59 m/s | Acceleration: -2.66 m/s2
Time step: 8 | Velocity: 10.38 m/s | Acceleration: -1.50 m/s2
Time step: 9 | Velocity: 10.38 m/s | Acceleration: 1.32 m/s2
Time step: 10 | Velocity: 10.39 m/s | Acceleration: -1.01 m/s2
Time step: 11 | Velocity: 10.32 m/s | Acceleration: -0.42 m/s2
Time step: 12 | Velocity: 10.29 m/s | Acceleration: -0.17 m/s2
Time step: 13 | Velocity: 10.28 m/s | Acceleration: -0.07 m/s2
Time step: 14 | Velocity: 10.38 m/s | Acceleration: 1.91 m/s2
Time step: 15 | Velocity: 10.62 m/s | Acceleration: 2.74 m/s2
Time step: 16 | Velocity: 10.91 m/s | Acceleration: 3.09 m/s2
Time step: 17 | Velocity: 11.17 m/s | Acceleration: 2.06 m/s2
Time step: 18 | Velocity: 11.23 m/s | Acceleration: -0.70 m/s2
Time step: 19 | Velocity: 11.28 m/s | Acceleration: 1.65 m/s2
Time step: 20 | Velocity: 11.33 m/s | Acceleration: -0.53 m/s2
Time step: 21 | Velocity: 11.46 m/s | Acceleration: 2.71 m/s2
Time step: 22 | Velocity: 11.77 m/s | Acceleration: 3.32 m/s2
Time step: 23 | Velocity: 12.03 m/s | Acceleration: 1.98 m/s2
Time step: 24 | Velocity: 12.22 m/s | Acceleration: 1.78 m/s2
Time step: 25 | Velocity: 12.42 m/s | Acceleration: 2.26 m/s2
Time step: 26 | Velocity: 12.66 m/s | Acceleration: 2.61 m/s2
Time step: 27 | Velocity: 12.94 m/s | Acceleration: 2.86 m/s2
Time step: 28 | Velocity: 13.23 m/s | Acceleration: 2.99 m/s2
Time step: 29 | Velocity: 13.54 m/s | Acceleration: 3.07 m/s2
Time step: 30 | Velocity: 13.85 m/s | Acceleration: 3.16 m/s2
Time step: 31 | Velocity: 14.17 m/s | Acceleration: 3.23 m/s2
Time step: 32 | Velocity: 14.31 m/s | Acceleration: -0.21 m/s2
[089/100] evaluating vv_088
agent_planning_problem_id_assignment: {20088: 20095}
Processing dynamic obstacle id: 20044
Processing dynamic obstacle id: 20087
Processing dynamic obstacle id: 20088
--- Initializing prediction network ---
Time step: 0 | Velocity: 12.01 m/s | Acceleration: 0.00 m/s2
Time step: 1 | Velocity: 11.91 m/s | Acceleration: -1.84 m/s2
Time step: 2 | Velocity: 11.69 m/s | Acceleration: -2.43 m/s2
Time step: 3 | Velocity: 11.43 m/s | Acceleration: -2.62 m/s2
Time step: 4 | Velocity: 11.17 m/s | Acceleration: -2.68 m/s2
Time step: 5 | Velocity: 10.89 m/s | Acceleration: -2.70 m/s2
/home/yanjun/NewDisk/beliefplanning/.venv38/lib/python3.8/site-packages/prediction/main.py:410: FutureWarning: You are using `torch.load` with `weights_only=False` (the current default value), which uses the default pickle module implicitly. It is possible to construct malicious pickle data which will execute arbitrary code during unpickling (See https://github.com/pytorch/pytorch/blob/main/SECURITY.md#untrusted-models for more details). In a future release, the default value for `weights_only` will be flipped to `True`. This limits the functions that could be executed during unpickling. Arbitrary objects will no longer be allowed to be loaded via this mode unless they are explicitly allowlisted by the user via `torch.serialization.add_safe_globals`. We recommend you start setting `weights_only=True` for any use case where you don't have full control of the loaded file. Please open an issue on GitHub for any issues related to this experimental feature.
  saved_model_dict = torch.load(self.model_path)
/home/yanjun/NewDisk/beliefplanning/.venv38/lib/python3.8/site-packages/commonroad/scenario/scenario.py:314: UserWarning: Not a valid scenario id: vv_085
  warnings.warn('Not a valid scenario id: ' + benchmark_id)
/home/yanjun/NewDisk/beliefplanning/.venv38/lib/python3.8/site-packages/commonroad/common/file_reader.py:461: UserWarning: Unknown country: Default traffic sign IDs are used. Specified country: vv_
  warnings.warn("Unknown country: Default traffic sign IDs are used. Specified country: " + country)
/home/yanjun/NewDisk/beliefplanning/.venv38/lib/python3.8/site-packages/prediction/main.py:410: FutureWarning: You are using `torch.load` with `weights_only=False` (the current default value), which uses the default pickle module implicitly. It is possible to construct malicious pickle data which will execute arbitrary code during unpickling (See https://github.com/pytorch/pytorch/blob/main/SECURITY.md#untrusted-models for more details). In a future release, the default value for `weights_only` will be flipped to `True`. This limits the functions that could be executed during unpickling. Arbitrary objects will no longer be allowed to be loaded via this mode unless they are explicitly allowlisted by the user via `torch.serialization.add_safe_globals`. We recommend you start setting `weights_only=True` for any use case where you don't have full control of the loaded file. Please open an issue on GitHub for any issues related to this experimental feature.
  saved_model_dict = torch.load(self.model_path)
/home/yanjun/NewDisk/beliefplanning/.venv38/lib/python3.8/site-packages/commonroad/scenario/scenario.py:314: UserWarning: Not a valid scenario id: vv_086
  warnings.warn('Not a valid scenario id: ' + benchmark_id)
/home/yanjun/NewDisk/beliefplanning/.venv38/lib/python3.8/site-packages/commonroad/common/file_reader.py:461: UserWarning: Unknown country: Default traffic sign IDs are used. Specified country: vv_
  warnings.warn("Unknown country: Default traffic sign IDs are used. Specified country: " + country)
/home/yanjun/NewDisk/beliefplanning/.venv38/lib/python3.8/site-packages/prediction/main.py:410: FutureWarning: You are using `torch.load` with `weights_only=False` (the current default value), which uses the default pickle module implicitly. It is possible to construct malicious pickle data which will execute arbitrary code during unpickling (See https://github.com/pytorch/pytorch/blob/main/SECURITY.md#untrusted-models for more details). In a future release, the default value for `weights_only` will be flipped to `True`. This limits the functions that could be executed during unpickling. Arbitrary objects will no longer be allowed to be loaded via this mode unless they are explicitly allowlisted by the user via `torch.serialization.add_safe_globals`. We recommend you start setting `weights_only=True` for any use case where you don't have full control of the loaded file. Please open an issue on GitHub for any issues related to this experimental feature.
  saved_model_dict = torch.load(self.model_path)
/home/yanjun/NewDisk/beliefplanning/.venv38/lib/python3.8/site-packages/commonroad/scenario/scenario.py:314: UserWarning: Not a valid scenario id: vv_087
  warnings.warn('Not a valid scenario id: ' + benchmark_id)
/home/yanjun/NewDisk/beliefplanning/.venv38/lib/python3.8/site-packages/commonroad/common/file_reader.py:461: UserWarning: Unknown country: Default traffic sign IDs are used. Specified country: vv_
  warnings.warn("Unknown country: Default traffic sign IDs are used. Specified country: " + country)
/home/yanjun/NewDisk/beliefplanning/.venv38/lib/python3.8/site-packages/prediction/main.py:410: FutureWarning: You are using `torch.load` with `weights_only=False` (the current default value), which uses the default pickle module implicitly. It is possible to construct malicious pickle data which will execute arbitrary code during unpickling (See https://github.com/pytorch/pytorch/blob/main/SECURITY.md#untrusted-models for more details). In a future release, the default value for `weights_only` will be flipped to `True`. This limits the functions that could be executed during unpickling. Arbitrary objects will no longer be allowed to be loaded via this mode unless they are explicitly allowlisted by the user via `torch.serialization.add_safe_globals`. We recommend you start setting `weights_only=True` for any use case where you don't have full control of the loaded file. Please open an issue on GitHub for any issues related to this experimental feature.
  saved_model_dict = torch.load(self.model_path)
/home/yanjun/NewDisk/beliefplanning/.venv38/lib/python3.8/site-packages/commonroad/scenario/scenario.py:314: UserWarning: Not a valid scenario id: vv_088
  warnings.warn('Not a valid scenario id: ' + benchmark_id)
/home/yanjun/NewDisk/beliefplanning/.venv38/lib/python3.8/site-packages/commonroad/common/file_reader.py:461: UserWarning: Unknown country: Default traffic sign IDs are used. Specified country: vv_
  warnings.warn("Unknown country: Default traffic sign IDs are used. Specified country: " + country)
/home/yanjun/NewDisk/beliefplanning/.venv38/lib/python3.8/site-packages/prediction/main.py:410: FutureWarning: You are using `torch.load` with `weights_only=False` (the current default value), which uses the default pickle module implicitly. It is possible to construct malicious pickle data which will execute arbitrary code during unpickling (See https://github.com/pytorch/pytorch/blob/main/SECURITY.md#untrusted-models for more details). In a future release, the default value for `weights_only` will be flipped to `True`. This limits the functions that could be executed during unpickling. Arbitrary objects will no longer be allowed to be loaded via this mode unless they are explicitly allowlisted by the user via `torch.serialization.add_safe_globals`. We recommend you start setting `weights_only=True` for any use case where you don't have full control of the loaded file. Please open an issue on GitHub for any issues related to this experimental feature.
  saved_model_dict = torch.load(self.model_path)
Traceback (most recent call last):
  File "/tmp/beliefplanning_pkg_85hhmdeg/beliefplanning/test_fot_junction/evaluate_vv_batch.py", line 83, in eval_scenario
    self._simulate()
  File "/tmp/beliefplanning_pkg_85hhmdeg/beliefplanning/planner/plannertools/scenario_handler.py", line 279, in _simulate
    self._check_collision_simple(agent=agent, time_step=time_step)
  File "/tmp/beliefplanning_pkg_85hhmdeg/beliefplanning/planner/plannertools/scenario_handler.py", line 662, in _check_collision_simple
    raise NoLocalTrajectoryFoundError("Collision detected.")
commonroad_helper_functions.exceptions.NoLocalTrajectoryFoundError: Collision detected.
/home/yanjun/NewDisk/beliefplanning/.venv38/lib/python3.8/site-packages/commonroad/scenario/scenario.py:314: UserWarning: Not a valid scenario id: vv_089
  warnings.warn('Not a valid scenario id: ' + benchmark_id)
Time step: 6 | Velocity: 10.62 m/s | Acceleration: -2.71 m/s2
Time step: 7 | Velocity: 10.35 m/s | Acceleration: -2.71 m/s2
Time step: 8 | Velocity: 10.07 m/s | Acceleration: -2.71 m/s2
Time step: 9 | Velocity: 9.80 m/s | Acceleration: -2.71 m/s2
Time step: 10 | Velocity: 9.68 m/s | Acceleration: 0.05 m/s2
Time step: 11 | Velocity: 9.81 m/s | Acceleration: 2.32 m/s2
Time step: 12 | Velocity: 10.00 m/s | Acceleration: 1.66 m/s2
Time step: 13 | Velocity: 10.24 m/s | Acceleration: 2.84 m/s2
Time step: 14 | Velocity: 10.54 m/s | Acceleration: 3.21 m/s2
Time step: 15 | Velocity: 10.87 m/s | Acceleration: 3.33 m/s2
Time step: 16 | Velocity: 11.21 m/s | Acceleration: 3.37 m/s2
Time step: 17 | Velocity: 11.43 m/s | Acceleration: 1.08 m/s2
Time step: 18 | Velocity: 11.40 m/s | Acceleration: -1.50 m/s2
[FrenetPlanner] timestep=19: using max-risk fallback trajectory
Time step: 19 | Velocity: 11.20 m/s | Acceleration: -2.32 m/s2
[FrenetPlanner] timestep=20: using max-risk fallback trajectory
Time step: 20 | Velocity: 10.95 m/s | Acceleration: -2.59 m/s2
[FrenetPlanner] timestep=21: using max-risk fallback trajectory
Time step: 21 | Velocity: 10.69 m/s | Acceleration: -2.67 m/s2
[FrenetPlanner] timestep=22: using max-risk fallback trajectory
Time step: 22 | Velocity: 10.42 m/s | Acceleration: -2.70 m/s2
[FrenetPlanner] timestep=23: using max-risk fallback trajectory
Time step: 23 | Velocity: 10.14 m/s | Acceleration: -2.71 m/s2
[FrenetPlanner] timestep=24: using max-risk fallback trajectory
Time step: 24 | Velocity: 9.87 m/s | Acceleration: -2.68 m/s2
[FrenetPlanner] timestep=25: using max-risk fallback trajectory
Time step: 25 | Velocity: 9.60 m/s | Acceleration: -2.66 m/s2
recorded/hand-crafted/vv_samples/vv_088.xml >>> Collision detected.
[090/100] evaluating vv_089
agent_planning_problem_id_assignment: {20088: 20095}
Processing dynamic obstacle id: 20044
Processing dynamic obstacle id: 20087
Processing dynamic obstacle id: 20088
--- Initializing prediction network ---
Time step: 0 | Velocity: 11.72 m/s | Acceleration: 0.00 m/s2
Time step: 1 | Velocity: 11.63 m/s | Acceleration: -1.56 m/s2
Time step: 2 | Velocity: 11.44 m/s | Acceleration: -2.20 m/s2
Time step: 3 | Velocity: 11.21 m/s | Acceleration: -2.47 m/s2
Time step: 4 | Velocity: 10.95 m/s | Acceleration: -2.59 m/s2
Time step: 5 | Velocity: 10.69 m/s | Acceleration: -2.63 m/s2
Time step: 6 | Velocity: 10.42 m/s | Acceleration: -2.65 m/s2
Time step: 7 | Velocity: 10.16 m/s | Acceleration: -2.66 m/s2
Time step: 8 | Velocity: 10.01 m/s | Acceleration: -0.33 m/s2
Time step: 9 | Velocity: 10.09 m/s | Acceleration: 1.81 m/s2
Time step: 10 | Velocity: 10.20 m/s | Acceleration: 0.36 m/s2
Time step: 11 | Velocity: 10.14 m/s | Acceleration: -1.40 m/s2
Time step: 12 | Velocity: 10.08 m/s | Acceleration: 0.19 m/s2
Time step: 13 | Velocity: 10.14 m/s | Acceleration: 0.86 m/s2
Time step: 14 | Velocity: 10.30 m/s | Acceleration: 2.30 m/s2
Time step: 15 | Velocity: 10.57 m/s | Acceleration: 2.90 m/s2
Time step: 16 | Velocity: 10.87 m/s | Acceleration: 3.15 m/s2
Time step: 17 | Velocity: 11.19 m/s | Acceleration: 3.26 m/s2
Time step: 18 | Velocity: 11.53 m/s | Acceleration: 3.35 m/s2
Time step: 19 | Velocity: 11.79 m/s | Acceleration: 1.99 m/s2
Time step: 20 | Velocity: 11.85 m/s | Acceleration: -0.73 m/s2
Time step: 21 | Velocity: 11.78 m/s | Acceleration: -0.69 m/s2
Time step: 22 | Velocity: 11.72 m/s | Acceleration: -0.38 m/s2
Time step: 23 | Velocity: 11.76 m/s | Acceleration: 1.09 m/s2
Time step: 24 | Velocity: 11.91 m/s | Acceleration: 1.80 m/s2
Time step: 25 | Velocity: 12.11 m/s | Acceleration: 2.20 m/s2
Time step: 26 | Velocity: 12.34 m/s | Acceleration: 2.48 m/s2
Time step: 27 | Velocity: 12.60 m/s | Acceleration: 2.68 m/s2
Time step: 28 | Velocity: 12.88 m/s | Acceleration: 2.82 m/s2
Time step: 29 | Velocity: 13.08 m/s | Acceleration: 1.27 m/s2
Time step: 30 | Velocity: 13.24 m/s | Acceleration: 1.82 m/s2
Time step: 31 | Velocity: 13.47 m/s | Acceleration: 2.70 m/s2
[091/100] evaluating vv_090
agent_planning_problem_id_assignment: {20088: 20095}
Processing dynamic obstacle id: 20044
Processing dynamic obstacle id: 20087
Processing dynamic obstacle id: 20088
--- Initializing prediction network ---
Time step: 0 | Velocity: 11.61 m/s | Acceleration: 0.00 m/s2
Time step: 1 | Velocity: 11.51 m/s | Acceleration: -1.84 m/s2
Time step: 2 | Velocity: 11.30 m/s | Acceleration: -2.43 m/s2
Time step: 3 | Velocity: 11.04 m/s | Acceleration: -2.62 m/s2
Time step: 4 | Velocity: 10.77 m/s | Acceleration: -2.68 m/s2
Time step: 5 | Velocity: 10.50 m/s | Acceleration: -2.70 m/s2
Time step: 6 | Velocity: 10.23 m/s | Acceleration: -2.71 m/s2
Time step: 7 | Velocity: 9.96 m/s | Acceleration: -2.71 m/s2
Time step: 8 | Velocity: 9.68 m/s | Acceleration: -2.71 m/s2
Time step: 9 | Velocity: 9.41 m/s | Acceleration: -2.71 m/s2
Time step: 10 | Velocity: 9.29 m/s | Acceleration: 0.05 m/s2
Time step: 11 | Velocity: 9.41 m/s | Acceleration: 2.32 m/s2
Time step: 12 | Velocity: 9.69 m/s | Acceleration: 3.05 m/s2
Time step: 13 | Velocity: 9.88 m/s | Acceleration: 0.97 m/s2
Time step: 14 | Velocity: 9.95 m/s | Acceleration: 0.31 m/s2
Time step: 15 | Velocity: 10.09 m/s | Acceleration: 2.40 m/s2
Time step: 16 | Velocity: 10.37 m/s | Acceleration: 3.07 m/s2
Time step: 17 | Velocity: 10.69 m/s | Acceleration: 3.29 m/s2
Time step: 18 | Velocity: 11.03 m/s | Acceleration: 3.36 m/s2
Time step: 19 | Velocity: 11.22 m/s | Acceleration: 0.61 m/s2
Time step: 20 | Velocity: 11.30 m/s | Acceleration: 1.12 m/s2
Time step: 21 | Velocity: 11.43 m/s | Acceleration: 1.28 m/s2
Time step: 22 | Velocity: 11.51 m/s | Acceleration: 0.53 m/s2
Time step: 23 | Velocity: 11.47 m/s | Acceleration: -1.33 m/s2
Time step: 24 | Velocity: 11.37 m/s | Acceleration: -0.65 m/s2
Time step: 25 | Velocity: 11.39 m/s | Acceleration: 0.93 m/s2
Time step: 26 | Velocity: 11.56 m/s | Acceleration: 2.33 m/s2
Time step: 27 | Velocity: 11.80 m/s | Acceleration: 2.57 m/s2
Time step: 28 | Velocity: 12.07 m/s | Acceleration: 2.74 m/s2
Time step: 29 | Velocity: 12.35 m/s | Acceleration: 2.87 m/s2
Time step: 30 | Velocity: 12.64 m/s | Acceleration: 2.95 m/s2
Time step: 31 | Velocity: 12.94 m/s | Acceleration: 3.01 m/s2
Time step: 32 | Velocity: 13.24 m/s | Acceleration: 3.06 m/s2
Time step: 33 | Velocity: 13.55 m/s | Acceleration: 3.09 m/s2
Time step: 34 | Velocity: 13.87 m/s | Acceleration: 3.29 m/s2
Time step: 35 | Velocity: 13.98 m/s | Acceleration: -0.79 m/s2
[092/100] evaluating vv_091
agent_planning_problem_id_assignment: {20088: 20095}
Processing dynamic obstacle id: 20044
Processing dynamic obstacle id: 20087
Processing dynamic obstacle id: 20088
--- Initializing prediction network ---
Time step: 0 | Velocity: 11.96 m/s | Acceleration: 0.00 m/s2
Time step: 1 | Velocity: 11.88 m/s | Acceleration: -1.56 m/s2
Time step: 2 | Velocity: 11.69 m/s | Acceleration: -2.20 m/s2
Time step: 3 | Velocity: 11.45 m/s | Acceleration: -2.47 m/s2
Time step: 4 | Velocity: 11.20 m/s | Acceleration: -2.59 m/s2
Time step: 5 | Velocity: 10.93 m/s | Acceleration: -2.63 m/s2
Time step: 6 | Velocity: 10.67 m/s | Acceleration: -2.65 m/s2
Time step: 7 | Velocity: 10.40 m/s | Acceleration: -2.66 m/s2
Time step: 8 | Velocity: 10.22 m/s | Acceleration: -1.11 m/s2
Time step: 9 | Velocity: 10.18 m/s | Acceleration: 0.32 m/s2
Time step: 10 | Velocity: 10.12 m/s | Acceleration: -1.42 m/s2
Time step: 11 | Velocity: 9.94 m/s | Acceleration: -2.15 m/s2
Time step: 12 | Velocity: 9.71 m/s | Acceleration: -2.45 m/s2
Time step: 13 | Velocity: 9.45 m/s | Acceleration: -2.58 m/s2
Time step: 14 | Velocity: 9.19 m/s | Acceleration: -2.63 m/s2
Time step: 15 | Velocity: 8.93 m/s | Acceleration: -2.65 m/s2
Time step: 16 | Velocity: 8.78 m/s | Acceleration: -0.33 m/s2
Time step: 17 | Velocity: 8.86 m/s | Acceleration: 1.81 m/s2
Time step: 18 | Velocity: 9.03 m/s | Acceleration: 1.56 m/s2
Time step: 19 | Velocity: 9.14 m/s | Acceleration: 0.56 m/s2
Time step: 20 | Velocity: 9.21 m/s | Acceleration: 0.83 m/s2
Time step: 21 | Velocity: 9.33 m/s | Acceleration: 1.71 m/s2
Time step: 22 | Velocity: 9.53 m/s | Acceleration: 2.17 m/s2
Time step: 23 | Velocity: 9.76 m/s | Acceleration: 2.46 m/s2
/home/yanjun/NewDisk/beliefplanning/.venv38/lib/python3.8/site-packages/commonroad/common/file_reader.py:461: UserWarning: Unknown country: Default traffic sign IDs are used. Specified country: vv_
  warnings.warn("Unknown country: Default traffic sign IDs are used. Specified country: " + country)
/home/yanjun/NewDisk/beliefplanning/.venv38/lib/python3.8/site-packages/prediction/main.py:410: FutureWarning: You are using `torch.load` with `weights_only=False` (the current default value), which uses the default pickle module implicitly. It is possible to construct malicious pickle data which will execute arbitrary code during unpickling (See https://github.com/pytorch/pytorch/blob/main/SECURITY.md#untrusted-models for more details). In a future release, the default value for `weights_only` will be flipped to `True`. This limits the functions that could be executed during unpickling. Arbitrary objects will no longer be allowed to be loaded via this mode unless they are explicitly allowlisted by the user via `torch.serialization.add_safe_globals`. We recommend you start setting `weights_only=True` for any use case where you don't have full control of the loaded file. Please open an issue on GitHub for any issues related to this experimental feature.
  saved_model_dict = torch.load(self.model_path)
/home/yanjun/NewDisk/beliefplanning/.venv38/lib/python3.8/site-packages/commonroad/scenario/scenario.py:314: UserWarning: Not a valid scenario id: vv_090
  warnings.warn('Not a valid scenario id: ' + benchmark_id)
/home/yanjun/NewDisk/beliefplanning/.venv38/lib/python3.8/site-packages/commonroad/common/file_reader.py:461: UserWarning: Unknown country: Default traffic sign IDs are used. Specified country: vv_
  warnings.warn("Unknown country: Default traffic sign IDs are used. Specified country: " + country)
/home/yanjun/NewDisk/beliefplanning/.venv38/lib/python3.8/site-packages/prediction/main.py:410: FutureWarning: You are using `torch.load` with `weights_only=False` (the current default value), which uses the default pickle module implicitly. It is possible to construct malicious pickle data which will execute arbitrary code during unpickling (See https://github.com/pytorch/pytorch/blob/main/SECURITY.md#untrusted-models for more details). In a future release, the default value for `weights_only` will be flipped to `True`. This limits the functions that could be executed during unpickling. Arbitrary objects will no longer be allowed to be loaded via this mode unless they are explicitly allowlisted by the user via `torch.serialization.add_safe_globals`. We recommend you start setting `weights_only=True` for any use case where you don't have full control of the loaded file. Please open an issue on GitHub for any issues related to this experimental feature.
  saved_model_dict = torch.load(self.model_path)
/home/yanjun/NewDisk/beliefplanning/.venv38/lib/python3.8/site-packages/commonroad/scenario/scenario.py:314: UserWarning: Not a valid scenario id: vv_091
  warnings.warn('Not a valid scenario id: ' + benchmark_id)
/home/yanjun/NewDisk/beliefplanning/.venv38/lib/python3.8/site-packages/commonroad/common/file_reader.py:461: UserWarning: Unknown country: Default traffic sign IDs are used. Specified country: vv_
  warnings.warn("Unknown country: Default traffic sign IDs are used. Specified country: " + country)
/home/yanjun/NewDisk/beliefplanning/.venv38/lib/python3.8/site-packages/prediction/main.py:410: FutureWarning: You are using `torch.load` with `weights_only=False` (the current default value), which uses the default pickle module implicitly. It is possible to construct malicious pickle data which will execute arbitrary code during unpickling (See https://github.com/pytorch/pytorch/blob/main/SECURITY.md#untrusted-models for more details). In a future release, the default value for `weights_only` will be flipped to `True`. This limits the functions that could be executed during unpickling. Arbitrary objects will no longer be allowed to be loaded via this mode unless they are explicitly allowlisted by the user via `torch.serialization.add_safe_globals`. We recommend you start setting `weights_only=True` for any use case where you don't have full control of the loaded file. Please open an issue on GitHub for any issues related to this experimental feature.
  saved_model_dict = torch.load(self.model_path)
/home/yanjun/NewDisk/beliefplanning/.venv38/lib/python3.8/site-packages/commonroad/scenario/scenario.py:314: UserWarning: Not a valid scenario id: vv_092
  warnings.warn('Not a valid scenario id: ' + benchmark_id)
/home/yanjun/NewDisk/beliefplanning/.venv38/lib/python3.8/site-packages/commonroad/common/file_reader.py:461: UserWarning: Unknown country: Default traffic sign IDs are used. Specified country: vv_
  warnings.warn("Unknown country: Default traffic sign IDs are used. Specified country: " + country)
/home/yanjun/NewDisk/beliefplanning/.venv38/lib/python3.8/site-packages/prediction/main.py:410: FutureWarning: You are using `torch.load` with `weights_only=False` (the current default value), which uses the default pickle module implicitly. It is possible to construct malicious pickle data which will execute arbitrary code during unpickling (See https://github.com/pytorch/pytorch/blob/main/SECURITY.md#untrusted-models for more details). In a future release, the default value for `weights_only` will be flipped to `True`. This limits the functions that could be executed during unpickling. Arbitrary objects will no longer be allowed to be loaded via this mode unless they are explicitly allowlisted by the user via `torch.serialization.add_safe_globals`. We recommend you start setting `weights_only=True` for any use case where you don't have full control of the loaded file. Please open an issue on GitHub for any issues related to this experimental feature.
  saved_model_dict = torch.load(self.model_path)
/home/yanjun/NewDisk/beliefplanning/.venv38/lib/python3.8/site-packages/commonroad/scenario/scenario.py:314: UserWarning: Not a valid scenario id: vv_093
  warnings.warn('Not a valid scenario id: ' + benchmark_id)
/home/yanjun/NewDisk/beliefplanning/.venv38/lib/python3.8/site-packages/commonroad/common/file_reader.py:461: UserWarning: Unknown country: Default traffic sign IDs are used. Specified country: vv_
  warnings.warn("Unknown country: Default traffic sign IDs are used. Specified country: " + country)
/home/yanjun/NewDisk/beliefplanning/.venv38/lib/python3.8/site-packages/prediction/main.py:410: FutureWarning: You are using `torch.load` with `weights_only=False` (the current default value), which uses the default pickle module implicitly. It is possible to construct malicious pickle data which will execute arbitrary code during unpickling (See https://github.com/pytorch/pytorch/blob/main/SECURITY.md#untrusted-models for more details). In a future release, the default value for `weights_only` will be flipped to `True`. This limits the functions that could be executed during unpickling. Arbitrary objects will no longer be allowed to be loaded via this mode unless they are explicitly allowlisted by the user via `torch.serialization.add_safe_globals`. We recommend you start setting `weights_only=True` for any use case where you don't have full control of the loaded file. Please open an issue on GitHub for any issues related to this experimental feature.
  saved_model_dict = torch.load(self.model_path)
/home/yanjun/NewDisk/beliefplanning/.venv38/lib/python3.8/site-packages/commonroad/scenario/scenario.py:314: UserWarning: Not a valid scenario id: vv_094
  warnings.warn('Not a valid scenario id: ' + benchmark_id)
/home/yanjun/NewDisk/beliefplanning/.venv38/lib/python3.8/site-packages/commonroad/common/file_reader.py:461: UserWarning: Unknown country: Default traffic sign IDs are used. Specified country: vv_
  warnings.warn("Unknown country: Default traffic sign IDs are used. Specified country: " + country)
Time step: 24 | Velocity: 10.02 m/s | Acceleration: 2.66 m/s2
Time step: 25 | Velocity: 10.29 m/s | Acceleration: 2.81 m/s2
Time step: 26 | Velocity: 10.58 m/s | Acceleration: 2.91 m/s2
Time step: 27 | Velocity: 10.87 m/s | Acceleration: 2.98 m/s2
Time step: 28 | Velocity: 11.17 m/s | Acceleration: 3.04 m/s2
Time step: 29 | Velocity: 11.48 m/s | Acceleration: 3.07 m/s2
Time step: 30 | Velocity: 11.79 m/s | Acceleration: 3.10 m/s2
Time step: 31 | Velocity: 12.10 m/s | Acceleration: 3.12 m/s2
Time step: 32 | Velocity: 12.41 m/s | Acceleration: 3.13 m/s2
Time step: 33 | Velocity: 12.64 m/s | Acceleration: 1.49 m/s2
[093/100] evaluating vv_092
agent_planning_problem_id_assignment: {20088: 20095}
Processing dynamic obstacle id: 20044
Processing dynamic obstacle id: 20087
Processing dynamic obstacle id: 20088
--- Initializing prediction network ---
Time step: 0 | Velocity: 11.49 m/s | Acceleration: 0.00 m/s2
Time step: 1 | Velocity: 11.41 m/s | Acceleration: -1.34 m/s2
Time step: 2 | Velocity: 11.25 m/s | Acceleration: -2.00 m/s2
Time step: 3 | Velocity: 11.03 m/s | Acceleration: -2.32 m/s2
Time step: 4 | Velocity: 10.79 m/s | Acceleration: -2.48 m/s2
Time step: 5 | Velocity: 10.53 m/s | Acceleration: -2.56 m/s2
Time step: 6 | Velocity: 10.27 m/s | Acceleration: -2.60 m/s2
Time step: 7 | Velocity: 10.01 m/s | Acceleration: -2.62 m/s2
Time step: 8 | Velocity: 9.75 m/s | Acceleration: -2.62 m/s2
Time step: 9 | Velocity: 9.48 m/s | Acceleration: -2.63 m/s2
Time step: 10 | Velocity: 9.33 m/s | Acceleration: -0.62 m/s2
Time step: 11 | Velocity: 9.21 m/s | Acceleration: -1.65 m/s2
Time step: 12 | Velocity: 9.07 m/s | Acceleration: -1.14 m/s2
Time step: 13 | Velocity: 8.97 m/s | Acceleration: -0.90 m/s2
Time step: 14 | Velocity: 8.89 m/s | Acceleration: -0.77 m/s2
Time step: 15 | Velocity: 8.83 m/s | Acceleration: -0.38 m/s2
Time step: 16 | Velocity: 8.89 m/s | Acceleration: 1.49 m/s2
Time step: 17 | Velocity: 9.09 m/s | Acceleration: 2.41 m/s2
Time step: 18 | Velocity: 9.30 m/s | Acceleration: 1.85 m/s2
Time step: 19 | Velocity: 9.47 m/s | Acceleration: 1.58 m/s2
Time step: 20 | Velocity: 9.67 m/s | Acceleration: 2.34 m/s2
Time step: 21 | Velocity: 9.81 m/s | Acceleration: 0.52 m/s2
Time step: 22 | Velocity: 9.92 m/s | Acceleration: 1.52 m/s2
Time step: 23 | Velocity: 10.10 m/s | Acceleration: 2.04 m/s2
Time step: 24 | Velocity: 10.32 m/s | Acceleration: 2.36 m/s2
Time step: 25 | Velocity: 10.56 m/s | Acceleration: 2.60 m/s2
Time step: 26 | Velocity: 10.83 m/s | Acceleration: 2.76 m/s2
Time step: 27 | Velocity: 11.12 m/s | Acceleration: 2.88 m/s2
Time step: 28 | Velocity: 11.41 m/s | Acceleration: 2.96 m/s2
Time step: 29 | Velocity: 11.71 m/s | Acceleration: 3.02 m/s2
Time step: 30 | Velocity: 12.01 m/s | Acceleration: 3.06 m/s2
Time step: 31 | Velocity: 12.32 m/s | Acceleration: 3.09 m/s2
Time step: 32 | Velocity: 12.63 m/s | Acceleration: 3.11 m/s2
Time step: 33 | Velocity: 12.94 m/s | Acceleration: 3.13 m/s2
Time step: 34 | Velocity: 13.26 m/s | Acceleration: 3.14 m/s2
Time step: 35 | Velocity: 13.57 m/s | Acceleration: 3.15 m/s2
[094/100] evaluating vv_093
agent_planning_problem_id_assignment: {20088: 20095}
Processing dynamic obstacle id: 20044
Processing dynamic obstacle id: 20087
Processing dynamic obstacle id: 20088
--- Initializing prediction network ---
Time step: 0 | Velocity: 12.31 m/s | Acceleration: 0.00 m/s2
Time step: 1 | Velocity: 12.23 m/s | Acceleration: -1.56 m/s2
Time step: 2 | Velocity: 12.04 m/s | Acceleration: -2.20 m/s2
Time step: 3 | Velocity: 11.80 m/s | Acceleration: -2.47 m/s2
Time step: 4 | Velocity: 11.55 m/s | Acceleration: -2.59 m/s2
Time step: 5 | Velocity: 11.29 m/s | Acceleration: -2.63 m/s2
Time step: 6 | Velocity: 11.14 m/s | Acceleration: -0.32 m/s2
Time step: 7 | Velocity: 11.16 m/s | Acceleration: 0.64 m/s2
Time step: 8 | Velocity: 11.25 m/s | Acceleration: 1.05 m/s2
Time step: 9 | Velocity: 11.43 m/s | Acceleration: 2.38 m/s2
Time step: 10 | Velocity: 11.51 m/s | Acceleration: -0.56 m/s2
Time step: 11 | Velocity: 11.39 m/s | Acceleration: -1.79 m/s2
Time step: 12 | Velocity: 11.18 m/s | Acceleration: -2.30 m/s2
Time step: 13 | Velocity: 11.02 m/s | Acceleration: -0.96 m/s2
Time step: 14 | Velocity: 10.95 m/s | Acceleration: -0.40 m/s2
Time step: 15 | Velocity: 10.97 m/s | Acceleration: 0.61 m/s2
Time step: 16 | Velocity: 11.05 m/s | Acceleration: 1.03 m/s2
Time step: 17 | Velocity: 11.16 m/s | Acceleration: 1.21 m/s2
Time step: 18 | Velocity: 11.29 m/s | Acceleration: 1.28 m/s2
Time step: 19 | Velocity: 11.42 m/s | Acceleration: 1.33 m/s2
Time step: 20 | Velocity: 11.65 m/s | Acceleration: 3.06 m/s2
Time step: 21 | Velocity: 11.89 m/s | Acceleration: 1.70 m/s2
Time step: 22 | Velocity: 11.90 m/s | Acceleration: -1.30 m/s2
Time step: 23 | Velocity: 11.85 m/s | Acceleration: 0.24 m/s2
Time step: 24 | Velocity: 11.97 m/s | Acceleration: 2.04 m/s2
Time step: 25 | Velocity: 12.21 m/s | Acceleration: 2.68 m/s2
Time step: 26 | Velocity: 12.49 m/s | Acceleration: 2.94 m/s2
Time step: 27 | Velocity: 12.79 m/s | Acceleration: 3.04 m/s2
Time step: 28 | Velocity: 13.10 m/s | Acceleration: 3.10 m/s2
Time step: 29 | Velocity: 13.41 m/s | Acceleration: 3.17 m/s2
Time step: 30 | Velocity: 13.73 m/s | Acceleration: 3.23 m/s2
Time step: 31 | Velocity: 14.06 m/s | Acceleration: 3.29 m/s2
Time step: 32 | Velocity: 14.39 m/s | Acceleration: 3.32 m/s2
[095/100] evaluating vv_094
agent_planning_problem_id_assignment: {20088: 20095}
Processing dynamic obstacle id: 20044
Processing dynamic obstacle id: 20087
Processing dynamic obstacle id: 20088
--- Initializing prediction network ---
Time step: 0 | Velocity: 11.90 m/s | Acceleration: 0.00 m/s2
Time step: 1 | Velocity: 11.82 m/s | Acceleration: -1.56 m/s2
Time step: 2 | Velocity: 11.81 m/s | Acceleration: 1.30 m/s2
Time step: 3 | Velocity: 11.82 m/s | Acceleration: -1.02 m/s2
Time step: 4 | Velocity: 11.85 m/s | Acceleration: 1.52 m/s2
Time step: 5 | Velocity: 12.06 m/s | Acceleration: 2.58 m/s2
Time step: 6 | Velocity: 12.34 m/s | Acceleration: 3.02 m/s2
Time step: 7 | Velocity: 12.60 m/s | Acceleration: 2.04 m/s2
Time step: 8 | Velocity: 12.74 m/s | Acceleration: 0.85 m/s2
Time step: 9 | Velocity: 12.77 m/s | Acceleration: -0.04 m/s2
Time step: 10 | Velocity: 12.75 m/s | Acceleration: -0.40 m/s2
Time step: 11 | Velocity: 12.64 m/s | Acceleration: -1.72 m/s2
Time step: 12 | Velocity: 12.50 m/s | Acceleration: -1.11 m/s2
Time step: 13 | Velocity: 12.34 m/s | Acceleration: -2.02 m/s2
Time step: 14 | Velocity: 12.18 m/s | Acceleration: -1.23 m/s2
Time step: 15 | Velocity: 12.09 m/s | Acceleration: -0.51 m/s2
Time step: 16 | Velocity: 12.06 m/s | Acceleration: -0.16 m/s2
Time step: 17 | Velocity: 11.93 m/s | Acceleration: -2.28 m/s2
Time step: 18 | Velocity: 11.67 m/s | Acceleration: -2.68 m/s2
Time step: 19 | Velocity: 11.50 m/s | Acceleration: -0.86 m/s2
Time step: 20 | Velocity: 11.50 m/s | Acceleration: 0.65 m/s2
Time step: 21 | Velocity: 11.66 m/s | Acceleration: 2.51 m/s2
Time step: 22 | Velocity: 11.94 m/s | Acceleration: 2.91 m/s2
Time step: 23 | Velocity: 12.24 m/s | Acceleration: 3.10 m/s2
Time step: 24 | Velocity: 12.55 m/s | Acceleration: 3.16 m/s2
Time step: 25 | Velocity: 12.87 m/s | Acceleration: 3.18 m/s2
Time step: 26 | Velocity: 13.19 m/s | Acceleration: 3.19 m/s2
Time step: 27 | Velocity: 13.51 m/s | Acceleration: 3.22 m/s2
Time step: 28 | Velocity: 13.84 m/s | Acceleration: 3.26 m/s2
Time step: 29 | Velocity: 13.98 m/s | Acceleration: -0.20 m/s2
[096/100] evaluating vv_095
agent_planning_problem_id_assignment: {20088: 20095}
Processing dynamic obstacle id: 20044
Processing dynamic obstacle id: 20087
Processing dynamic obstacle id: 20088
--- Initializing prediction network ---
Time step: 0 | Velocity: 12.08 m/s | Acceleration: 0.00 m/s2
Time step: 1 | Velocity: 11.99 m/s | Acceleration: -1.56 m/s2
Time step: 2 | Velocity: 11.80 m/s | Acceleration: -2.20 m/s2
Time step: 3 | Velocity: 11.65 m/s | Acceleration: -0.92 m/s2
Time step: 4 | Velocity: 11.63 m/s | Acceleration: 0.40 m/s2
Time step: 5 | Velocity: 11.76 m/s | Acceleration: 2.11 m/s2
Time step: 6 | Velocity: 11.90 m/s | Acceleration: 0.88 m/s2
Time step: 7 | Velocity: 12.07 m/s | Acceleration: 2.31 m/s2
Time step: 8 | Velocity: 12.27 m/s | Acceleration: 1.74 m/s2
Time step: 9 | Velocity: 12.31 m/s | Acceleration: -0.83 m/s2
Time step: 10 | Velocity: 12.25 m/s | Acceleration: -0.35 m/s2
Time step: 11 | Velocity: 12.14 m/s | Acceleration: -1.70 m/s2
Time step: 12 | Velocity: 11.94 m/s | Acceleration: -2.26 m/s2
Time step: 13 | Velocity: 11.70 m/s | Acceleration: -2.50 m/s2
Time step: 14 | Velocity: 11.53 m/s | Acceleration: -1.04 m/s2
Time step: 15 | Velocity: 11.50 m/s | Acceleration: 0.34 m/s2
Time step: 16 | Velocity: 11.52 m/s | Acceleration: 0.17 m/s2
Time step: 17 | Velocity: 11.54 m/s | Acceleration: 0.09 m/s2
Time step: 18 | Velocity: 11.54 m/s | Acceleration: 0.05 m/s2
Time step: 19 | Velocity: 11.57 m/s | Acceleration: 0.51 m/s2
Time step: 20 | Velocity: 11.64 m/s | Acceleration: 0.75 m/s2
Time step: 21 | Velocity: 11.75 m/s | Acceleration: 1.45 m/s2
Time step: 22 | Velocity: 11.92 m/s | Acceleration: 1.95 m/s2
Time step: 23 | Velocity: 12.13 m/s | Acceleration: 2.30 m/s2
Time step: 24 | Velocity: 12.37 m/s | Acceleration: 2.55 m/s2
Time step: 25 | Velocity: 12.64 m/s | Acceleration: 2.73 m/s2
Time step: 26 | Velocity: 12.92 m/s | Acceleration: 2.86 m/s2
Time step: 27 | Velocity: 13.18 m/s | Acceleration: 2.39 m/s2
Time step: 28 | Velocity: 13.37 m/s | Acceleration: 1.52 m/s2
Time step: 29 | Velocity: 13.55 m/s | Acceleration: 1.99 m/s2
Time step: 30 | Velocity: 13.77 m/s | Acceleration: 2.33 m/s2
[097/100] evaluating vv_096
agent_planning_problem_id_assignment: {20088: 20095}
Processing dynamic obstacle id: 20044
Processing dynamic obstacle id: 20087
Processing dynamic obstacle id: 20088
--- Initializing prediction network ---
Time step: 0 | Velocity: 12.25 m/s | Acceleration: 0.00 m/s2
Time step: 1 | Velocity: 12.17 m/s | Acceleration: -1.56 m/s2
Time step: 2 | Velocity: 11.98 m/s | Acceleration: -2.20 m/s2
Time step: 3 | Velocity: 11.74 m/s | Acceleration: -2.47 m/s2
Time step: 4 | Velocity: 11.49 m/s | Acceleration: -2.59 m/s2
Time step: 5 | Velocity: 11.22 m/s | Acceleration: -2.63 m/s2
Time step: 6 | Velocity: 10.96 m/s | Acceleration: -2.65 m/s2
Time step: 7 | Velocity: 10.69 m/s | Acceleration: -2.66 m/s2
Time step: 8 | Velocity: 10.51 m/s | Acceleration: -1.11 m/s2
Time step: 9 | Velocity: 10.35 m/s | Acceleration: -2.02 m/s2
Time step: 10 | Velocity: 10.25 m/s | Acceleration: -0.06 m/s2
Time step: 11 | Velocity: 10.24 m/s | Acceleration: -0.03 m/s2
Time step: 12 | Velocity: 10.24 m/s | Acceleration: -0.01 m/s2
Time step: 13 | Velocity: 10.22 m/s | Acceleration: -0.39 m/s2
Time step: 14 | Velocity: 10.30 m/s | Acceleration: 1.78 m/s2
Time step: 15 | Velocity: 10.46 m/s | Acceleration: 1.52 m/s2
Time step: 16 | Velocity: 10.57 m/s | Acceleration: 0.63 m/s2
Time step: 17 | Velocity: 10.53 m/s | Acceleration: -1.29 m/s2
Time step: 18 | Velocity: 10.35 m/s | Acceleration: -2.09 m/s2
Time step: 19 | Velocity: 10.25 m/s | Acceleration: -0.09 m/s2
Time step: 20 | Velocity: 10.37 m/s | Acceleration: 2.27 m/s2
Time step: 21 | Velocity: 10.44 m/s | Acceleration: -0.61 m/s2
Time step: 22 | Velocity: 10.38 m/s | Acceleration: -0.66 m/s2
Time step: 23 | Velocity: 10.44 m/s | Acceleration: 1.67 m/s2
Time step: 24 | Velocity: 10.65 m/s | Acceleration: 2.50 m/s2
Time step: 25 | Velocity: 10.92 m/s | Acceleration: 2.80 m/s2
Time step: 26 | Velocity: 11.20 m/s | Acceleration: 2.93 m/s2
Time step: 27 | Velocity: 11.50 m/s | Acceleration: 3.00 m/s2
Time step: 28 | Velocity: 11.80 m/s | Acceleration: 3.05 m/s2
Time step: 29 | Velocity: 12.11 m/s | Acceleration: 3.08 m/s2
Time step: 30 | Velocity: 12.42 m/s | Acceleration: 3.11 m/s2
Time step: 31 | Velocity: 12.65 m/s | Acceleration: 1.47 m/s2
Time step: 32 | Velocity: 12.82 m/s | Acceleration: 1.96 m/s2
Time step: 33 | Velocity: 12.87 m/s | Acceleration: -0.74 m/s2
Time step: 34 | Velocity: 12.74 m/s | Acceleration: -1.86 m/s2
[098/100] evaluating vv_097
agent_planning_problem_id_assignment: {20088: 20095}
Processing dynamic obstacle id: 20044
Processing dynamic obstacle id: 20087
Processing dynamic obstacle id: 20088
--- Initializing prediction network ---
Time step: 0 | Velocity: 11.99 m/s | Acceleration: 0.00 m/s2
Time step: 1 | Velocity: 11.91 m/s | Acceleration: -1.56 m/s2
Time step: 2 | Velocity: 11.80 m/s | Acceleration: -0.65 m/s2
Time step: 3 | Velocity: 11.80 m/s | Acceleration: 0.51 m/s2
Time step: 4 | Velocity: 11.94 m/s | Acceleration: 2.16 m/s2
Time step: 5 | Velocity: 12.13 m/s | Acceleration: 1.68 m/s2
Time step: 6 | Velocity: 12.16 m/s | Acceleration: -0.86 m/s2
Time step: 7 | Velocity: 12.21 m/s | Acceleration: 1.59 m/s2
Time step: 8 | Velocity: 12.36 m/s | Acceleration: 1.44 m/s2
Time step: 9 | Velocity: 12.50 m/s | Acceleration: 1.38 m/s2
Time step: 10 | Velocity: 12.57 m/s | Acceleration: 0.19 m/s2
Time step: 11 | Velocity: 12.50 m/s | Acceleration: -1.48 m/s2
Time step: 12 | Velocity: 12.32 m/s | Acceleration: -2.17 m/s2
Time step: 13 | Velocity: 12.15 m/s | Acceleration: -1.29 m/s2
Time step: 14 | Velocity: 12.04 m/s | Acceleration: -0.93 m/s2
Time step: 15 | Velocity: 11.95 m/s | Acceleration: -0.79 m/s2
Time step: 16 | Velocity: 11.87 m/s | Acceleration: -0.73 m/s2
Time step: 17 | Velocity: 11.82 m/s | Acceleration: -0.43 m/s2
Time step: 18 | Velocity: 11.80 m/s | Acceleration: 0.15 m/s2
Time step: 19 | Velocity: 11.83 m/s | Acceleration: 0.47 m/s2
Time step: 20 | Velocity: 11.89 m/s | Acceleration: 0.70 m/s2
Time step: 21 | Velocity: 12.00 m/s | Acceleration: 1.42 m/s2
Time step: 22 | Velocity: 12.17 m/s | Acceleration: 1.92 m/s2
Time step: 23 | Velocity: 12.38 m/s | Acceleration: 2.28 m/s2
Time step: 24 | Velocity: 12.62 m/s | Acceleration: 2.54 m/s2
Time step: 25 | Velocity: 12.89 m/s | Acceleration: 2.72 m/s2
Time step: 26 | Velocity: 13.16 m/s | Acceleration: 2.85 m/s2
Time step: 27 | Velocity: 13.45 m/s | Acceleration: 2.94 m/s2
Time step: 28 | Velocity: 13.75 m/s | Acceleration: 3.01 m/s2
Time step: 29 | Velocity: 14.06 m/s | Acceleration: 3.09 m/s2
[099/100] evaluating vv_098
agent_planning_problem_id_assignment: {20088: 20095}
Processing dynamic obstacle id: 20044
Processing dynamic obstacle id: 20087
Processing dynamic obstacle id: 20088
--- Initializing prediction network ---
Time step: 0 | Velocity: 11.80 m/s | Acceleration: 0.00 m/s2
Time step: 1 | Velocity: 11.72 m/s | Acceleration: -1.56 m/s2
Time step: 2 | Velocity: 11.54 m/s | Acceleration: -2.11 m/s2
Time step: 3 | Velocity: 11.31 m/s | Acceleration: -2.37 m/s2
Time step: 4 | Velocity: 11.07 m/s | Acceleration: -2.51 m/s2
Time step: 5 | Velocity: 10.81 m/s | Acceleration: -2.57 m/s2
Time step: 6 | Velocity: 10.55 m/s | Acceleration: -2.60 m/s2
Time step: 7 | Velocity: 10.29 m/s | Acceleration: -2.62 m/s2
Time step: 8 | Velocity: 10.02 m/s | Acceleration: -2.63 m/s2
Time step: 9 | Velocity: 9.76 m/s | Acceleration: -2.63 m/s2
Time step: 10 | Velocity: 9.60 m/s | Acceleration: -0.62 m/s2
Time step: 11 | Velocity: 9.59 m/s | Acceleration: 0.37 m/s2
Time step: 12 | Velocity: 9.60 m/s | Acceleration: -0.15 m/s2
Time step: 13 | Velocity: 9.59 m/s | Acceleration: -0.08 m/s2
Time step: 14 | Velocity: 9.57 m/s | Acceleration: -0.37 m/s2
Time step: 15 | Velocity: 9.63 m/s | Acceleration: 1.50 m/s2
Time step: 16 | Velocity: 9.67 m/s | Acceleration: -0.61 m/s2
Time step: 17 | Velocity: 9.71 m/s | Acceleration: 1.38 m/s2
Time step: 18 | Velocity: 9.90 m/s | Acceleration: 2.36 m/s2
Time step: 19 | Velocity: 10.00 m/s | Acceleration: -0.19 m/s2
Time step: 20 | Velocity: 9.92 m/s | Acceleration: -1.44 m/s2
Time step: 21 | Velocity: 9.90 m/s | Acceleration: 0.98 m/s2
Time step: 22 | Velocity: 9.97 m/s | Acceleration: 0.31 m/s2
Time step: 23 | Velocity: 10.02 m/s | Acceleration: 0.67 m/s2
Time step: 24 | Velocity: 10.12 m/s | Acceleration: 1.46 m/s2
Time step: 25 | Velocity: 10.30 m/s | Acceleration: 1.95 m/s2
Time step: 26 | Velocity: 10.51 m/s | Acceleration: 2.30 m/s2
Time step: 27 | Velocity: 10.75 m/s | Acceleration: 2.55 m/s2
Time step: 28 | Velocity: 11.02 m/s | Acceleration: 2.73 m/s2
Time step: 29 | Velocity: 11.30 m/s | Acceleration: 2.86 m/s2
Time step: 30 | Velocity: 11.59 m/s | Acceleration: 2.95 m/s2
Time step: 31 | Velocity: 11.89 m/s | Acceleration: 3.01 m/s2
/home/yanjun/NewDisk/beliefplanning/.venv38/lib/python3.8/site-packages/prediction/main.py:410: FutureWarning: You are using `torch.load` with `weights_only=False` (the current default value), which uses the default pickle module implicitly. It is possible to construct malicious pickle data which will execute arbitrary code during unpickling (See https://github.com/pytorch/pytorch/blob/main/SECURITY.md#untrusted-models for more details). In a future release, the default value for `weights_only` will be flipped to `True`. This limits the functions that could be executed during unpickling. Arbitrary objects will no longer be allowed to be loaded via this mode unless they are explicitly allowlisted by the user via `torch.serialization.add_safe_globals`. We recommend you start setting `weights_only=True` for any use case where you don't have full control of the loaded file. Please open an issue on GitHub for any issues related to this experimental feature.
  saved_model_dict = torch.load(self.model_path)
/home/yanjun/NewDisk/beliefplanning/.venv38/lib/python3.8/site-packages/commonroad/scenario/scenario.py:314: UserWarning: Not a valid scenario id: vv_095
  warnings.warn('Not a valid scenario id: ' + benchmark_id)
/home/yanjun/NewDisk/beliefplanning/.venv38/lib/python3.8/site-packages/commonroad/common/file_reader.py:461: UserWarning: Unknown country: Default traffic sign IDs are used. Specified country: vv_
  warnings.warn("Unknown country: Default traffic sign IDs are used. Specified country: " + country)
/home/yanjun/NewDisk/beliefplanning/.venv38/lib/python3.8/site-packages/prediction/main.py:410: FutureWarning: You are using `torch.load` with `weights_only=False` (the current default value), which uses the default pickle module implicitly. It is possible to construct malicious pickle data which will execute arbitrary code during unpickling (See https://github.com/pytorch/pytorch/blob/main/SECURITY.md#untrusted-models for more details). In a future release, the default value for `weights_only` will be flipped to `True`. This limits the functions that could be executed during unpickling. Arbitrary objects will no longer be allowed to be loaded via this mode unless they are explicitly allowlisted by the user via `torch.serialization.add_safe_globals`. We recommend you start setting `weights_only=True` for any use case where you don't have full control of the loaded file. Please open an issue on GitHub for any issues related to this experimental feature.
  saved_model_dict = torch.load(self.model_path)
/home/yanjun/NewDisk/beliefplanning/.venv38/lib/python3.8/site-packages/commonroad/scenario/scenario.py:314: UserWarning: Not a valid scenario id: vv_096
  warnings.warn('Not a valid scenario id: ' + benchmark_id)
/home/yanjun/NewDisk/beliefplanning/.venv38/lib/python3.8/site-packages/commonroad/common/file_reader.py:461: UserWarning: Unknown country: Default traffic sign IDs are used. Specified country: vv_
  warnings.warn("Unknown country: Default traffic sign IDs are used. Specified country: " + country)
/home/yanjun/NewDisk/beliefplanning/.venv38/lib/python3.8/site-packages/prediction/main.py:410: FutureWarning: You are using `torch.load` with `weights_only=False` (the current default value), which uses the default pickle module implicitly. It is possible to construct malicious pickle data which will execute arbitrary code during unpickling (See https://github.com/pytorch/pytorch/blob/main/SECURITY.md#untrusted-models for more details). In a future release, the default value for `weights_only` will be flipped to `True`. This limits the functions that could be executed during unpickling. Arbitrary objects will no longer be allowed to be loaded via this mode unless they are explicitly allowlisted by the user via `torch.serialization.add_safe_globals`. We recommend you start setting `weights_only=True` for any use case where you don't have full control of the loaded file. Please open an issue on GitHub for any issues related to this experimental feature.
  saved_model_dict = torch.load(self.model_path)
/home/yanjun/NewDisk/beliefplanning/.venv38/lib/python3.8/site-packages/commonroad/scenario/scenario.py:314: UserWarning: Not a valid scenario id: vv_097
  warnings.warn('Not a valid scenario id: ' + benchmark_id)
/home/yanjun/NewDisk/beliefplanning/.venv38/lib/python3.8/site-packages/commonroad/common/file_reader.py:461: UserWarning: Unknown country: Default traffic sign IDs are used. Specified country: vv_
  warnings.warn("Unknown country: Default traffic sign IDs are used. Specified country: " + country)
/home/yanjun/NewDisk/beliefplanning/.venv38/lib/python3.8/site-packages/prediction/main.py:410: FutureWarning: You are using `torch.load` with `weights_only=False` (the current default value), which uses the default pickle module implicitly. It is possible to construct malicious pickle data which will execute arbitrary code during unpickling (See https://github.com/pytorch/pytorch/blob/main/SECURITY.md#untrusted-models for more details). In a future release, the default value for `weights_only` will be flipped to `True`. This limits the functions that could be executed during unpickling. Arbitrary objects will no longer be allowed to be loaded via this mode unless they are explicitly allowlisted by the user via `torch.serialization.add_safe_globals`. We recommend you start setting `weights_only=True` for any use case where you don't have full control of the loaded file. Please open an issue on GitHub for any issues related to this experimental feature.
  saved_model_dict = torch.load(self.model_path)
/home/yanjun/NewDisk/beliefplanning/.venv38/lib/python3.8/site-packages/commonroad/scenario/scenario.py:314: UserWarning: Not a valid scenario id: vv_098
  warnings.warn('Not a valid scenario id: ' + benchmark_id)
/home/yanjun/NewDisk/beliefplanning/.venv38/lib/python3.8/site-packages/commonroad/common/file_reader.py:461: UserWarning: Unknown country: Default traffic sign IDs are used. Specified country: vv_
  warnings.warn("Unknown country: Default traffic sign IDs are used. Specified country: " + country)
/home/yanjun/NewDisk/beliefplanning/.venv38/lib/python3.8/site-packages/prediction/main.py:410: FutureWarning: You are using `torch.load` with `weights_only=False` (the current default value), which uses the default pickle module implicitly. It is possible to construct malicious pickle data which will execute arbitrary code during unpickling (See https://github.com/pytorch/pytorch/blob/main/SECURITY.md#untrusted-models for more details). In a future release, the default value for `weights_only` will be flipped to `True`. This limits the functions that could be executed during unpickling. Arbitrary objects will no longer be allowed to be loaded via this mode unless they are explicitly allowlisted by the user via `torch.serialization.add_safe_globals`. We recommend you start setting `weights_only=True` for any use case where you don't have full control of the loaded file. Please open an issue on GitHub for any issues related to this experimental feature.
  saved_model_dict = torch.load(self.model_path)
/home/yanjun/NewDisk/beliefplanning/.venv38/lib/python3.8/site-packages/commonroad/scenario/scenario.py:314: UserWarning: Not a valid scenario id: vv_099
  warnings.warn('Not a valid scenario id: ' + benchmark_id)
/home/yanjun/NewDisk/beliefplanning/.venv38/lib/python3.8/site-packages/commonroad/common/file_reader.py:461: UserWarning: Unknown country: Default traffic sign IDs are used. Specified country: vv_
  warnings.warn("Unknown country: Default traffic sign IDs are used. Specified country: " + country)
/home/yanjun/NewDisk/beliefplanning/.venv38/lib/python3.8/site-packages/prediction/main.py:410: FutureWarning: You are using `torch.load` with `weights_only=False` (the current default value), which uses the default pickle module implicitly. It is possible to construct malicious pickle data which will execute arbitrary code during unpickling (See https://github.com/pytorch/pytorch/blob/main/SECURITY.md#untrusted-models for more details). In a future release, the default value for `weights_only` will be flipped to `True`. This limits the functions that could be executed during unpickling. Arbitrary objects will no longer be allowed to be loaded via this mode unless they are explicitly allowlisted by the user via `torch.serialization.add_safe_globals`. We recommend you start setting `weights_only=True` for any use case where you don't have full control of the loaded file. Please open an issue on GitHub for any issues related to this experimental feature.
  saved_model_dict = torch.load(self.model_path)
Time step: 32 | Velocity: 12.19 m/s | Acceleration: 3.05 m/s2
Time step: 33 | Velocity: 12.50 m/s | Acceleration: 3.09 m/s2
Time step: 34 | Velocity: 12.81 m/s | Acceleration: 3.11 m/s2
Time step: 35 | Velocity: 13.12 m/s | Acceleration: 3.13 m/s2
Time step: 36 | Velocity: 13.32 m/s | Acceleration: 1.02 m/s2
[100/100] evaluating vv_099
agent_planning_problem_id_assignment: {20088: 20095}
Processing dynamic obstacle id: 20044
Processing dynamic obstacle id: 20087
Processing dynamic obstacle id: 20088
--- Initializing prediction network ---
Time step: 0 | Velocity: 11.43 m/s | Acceleration: 0.00 m/s2
Time step: 1 | Velocity: 11.35 m/s | Acceleration: -1.56 m/s2
Time step: 2 | Velocity: 11.16 m/s | Acceleration: -2.20 m/s2
Time step: 3 | Velocity: 10.92 m/s | Acceleration: -2.47 m/s2
Time step: 4 | Velocity: 10.67 m/s | Acceleration: -2.59 m/s2
Time step: 5 | Velocity: 10.40 m/s | Acceleration: -2.63 m/s2
Time step: 6 | Velocity: 10.14 m/s | Acceleration: -2.65 m/s2
Time step: 7 | Velocity: 9.87 m/s | Acceleration: -2.66 m/s2
Time step: 8 | Velocity: 9.60 m/s | Acceleration: -2.66 m/s2
Time step: 9 | Velocity: 9.33 m/s | Acceleration: -2.67 m/s2
Time step: 10 | Velocity: 9.13 m/s | Acceleration: -1.50 m/s2
Time step: 11 | Velocity: 9.02 m/s | Acceleration: -0.62 m/s2
Time step: 12 | Velocity: 9.08 m/s | Acceleration: 1.68 m/s2
Time step: 13 | Velocity: 9.31 m/s | Acceleration: 2.65 m/s2
Time step: 14 | Velocity: 9.53 m/s | Acceleration: 1.88 m/s2
Time step: 15 | Velocity: 9.58 m/s | Acceleration: -0.77 m/s2
Time step: 16 | Velocity: 9.44 m/s | Acceleration: -1.88 m/s2
Time step: 17 | Velocity: 9.23 m/s | Acceleration: -2.34 m/s2
Time step: 18 | Velocity: 8.98 m/s | Acceleration: -2.53 m/s2
Time step: 19 | Velocity: 8.72 m/s | Acceleration: -2.61 m/s2
Time step: 20 | Velocity: 8.58 m/s | Acceleration: -0.31 m/s2
Time step: 21 | Velocity: 8.67 m/s | Acceleration: 1.82 m/s2
Time step: 22 | Velocity: 8.77 m/s | Acceleration: 0.37 m/s2
Time step: 23 | Velocity: 8.89 m/s | Acceleration: 1.86 m/s2
Time step: 24 | Velocity: 9.10 m/s | Acceleration: 2.42 m/s2
Time step: 25 | Velocity: 9.36 m/s | Acceleration: 2.68 m/s2
Time step: 26 | Velocity: 9.63 m/s | Acceleration: 2.82 m/s2
Time step: 27 | Velocity: 9.92 m/s | Acceleration: 2.92 m/s2
Time step: 28 | Velocity: 10.22 m/s | Acceleration: 2.99 m/s2
Time step: 29 | Velocity: 10.52 m/s | Acceleration: 3.04 m/s2
Time step: 30 | Velocity: 10.83 m/s | Acceleration: 3.08 m/s2
Time step: 31 | Velocity: 11.14 m/s | Acceleration: 3.10 m/s2
Time step: 32 | Velocity: 11.45 m/s | Acceleration: 3.12 m/s2
Time step: 33 | Velocity: 11.76 m/s | Acceleration: 3.13 m/s2
Time step: 34 | Velocity: 12.07 m/s | Acceleration: 3.14 m/s2
Time step: 35 | Velocity: 12.40 m/s | Acceleration: 3.25 m/s2
Time step: 36 | Velocity: 12.73 m/s | Acceleration: 3.30 m/s2
Time step: 37 | Velocity: 13.06 m/s | Acceleration: 3.32 m/s2
Time step: 38 | Velocity: 13.21 m/s | Acceleration: -0.17 m/s2
Saved summary to /home/yanjun/NewDisk/beliefplanning/planner/Frenet/results/method_compare_100_v2_clean/ours_wo_Rec/metrics_summary.json
Saved per-scenario metrics to /home/yanjun/NewDisk/beliefplanning/planner/Frenet/results/method_compare_100_v2_clean/ours_wo_Rec/metrics_per_scenario.csv
Saved GIFs to /home/yanjun/NewDisk/beliefplanning/planner/Frenet/results/method_compare_100_v2_clean/ours_wo_Rec/gifs
